Timing Analyzer report for scopeNoMPU
Fri Sep 18 13:18:28 2026
Quartus Prime Version 25.1std.0 Build 1129 10/21/2025 SC Lite Edition


---------------------
; Table of Contents ;
---------------------
  1. Legal Notice
  2. Timing Analyzer Summary
  3. Parallel Compilation
  4. Clocks
  5. Slow 1200mV 85C Model Fmax Summary
  6. Timing Closure Recommendations
  7. Slow 1200mV 85C Model Setup Summary
  8. Slow 1200mV 85C Model Hold Summary
  9. Slow 1200mV 85C Model Recovery Summary
 10. Slow 1200mV 85C Model Removal Summary
 11. Slow 1200mV 85C Model Minimum Pulse Width Summary
 12. Slow 1200mV 85C Model Setup: 'clk'
 13. Slow 1200mV 85C Model Hold: 'clk'
 14. Slow 1200mV 85C Model Recovery: 'clk'
 15. Slow 1200mV 85C Model Removal: 'clk'
 16. Slow 1200mV 85C Model Metastability Summary
 17. Slow 1200mV 0C Model Fmax Summary
 18. Slow 1200mV 0C Model Setup Summary
 19. Slow 1200mV 0C Model Hold Summary
 20. Slow 1200mV 0C Model Recovery Summary
 21. Slow 1200mV 0C Model Removal Summary
 22. Slow 1200mV 0C Model Minimum Pulse Width Summary
 23. Slow 1200mV 0C Model Setup: 'clk'
 24. Slow 1200mV 0C Model Hold: 'clk'
 25. Slow 1200mV 0C Model Recovery: 'clk'
 26. Slow 1200mV 0C Model Removal: 'clk'
 27. Slow 1200mV 0C Model Metastability Summary
 28. Fast 1200mV 0C Model Setup Summary
 29. Fast 1200mV 0C Model Hold Summary
 30. Fast 1200mV 0C Model Recovery Summary
 31. Fast 1200mV 0C Model Removal Summary
 32. Fast 1200mV 0C Model Minimum Pulse Width Summary
 33. Fast 1200mV 0C Model Setup: 'clk'
 34. Fast 1200mV 0C Model Hold: 'clk'
 35. Fast 1200mV 0C Model Recovery: 'clk'
 36. Fast 1200mV 0C Model Removal: 'clk'
 37. Fast 1200mV 0C Model Metastability Summary
 38. Multicorner Timing Analysis Summary
 39. Board Trace Model Assignments
 40. Input Transition Times
 41. Signal Integrity Metrics (Slow 1200mv 0c Model)
 42. Signal Integrity Metrics (Slow 1200mv 85c Model)
 43. Signal Integrity Metrics (Fast 1200mv 0c Model)
 44. Setup Transfers
 45. Hold Transfers
 46. Recovery Transfers
 47. Removal Transfers
 48. Report TCCS
 49. Report RSKM
 50. Unconstrained Paths Summary
 51. Clock Status Summary
 52. Unconstrained Input Ports
 53. Unconstrained Output Ports
 54. Unconstrained Input Ports
 55. Unconstrained Output Ports
 56. Timing Analyzer Messages



----------------
; Legal Notice ;
----------------
Copyright (C) 2025  Altera Corporation. All rights reserved.
Your use of Altera Corporation's design tools, logic functions 
and other software and tools, and any partner logic 
functions, and any output files from any of the foregoing 
(including device programming or simulation files), and any 
associated documentation or information are expressly subject 
to the terms and conditions of the Altera Program License 
Subscription Agreement, the Altera Quartus Prime License Agreement,
the Altera IP License Agreement, or other applicable license
agreement, including, without limitation, that your use is for
the sole purpose of programming logic devices manufactured by
Altera and sold by Altera or its authorized distributors.  Please
refer to the Altera Software License Subscription Agreements 
on the Quartus Prime software download page.



+---------------------------------------------------------------------------------+
; Timing Analyzer Summary                                                         ;
+-----------------------+---------------------------------------------------------+
; Quartus Prime Version ; Version 25.1std.0 Build 1129 10/21/2025 SC Lite Edition ;
; Timing Analyzer       ; Legacy Timing Analyzer                                  ;
; Revision Name         ; scopeNoMPU                                              ;
; Device Family         ; Cyclone IV E                                            ;
; Device Name           ; EP4CE115F29C7                                           ;
; Timing Models         ; Final                                                   ;
; Delay Model           ; Combined                                                ;
; Rise/Fall Delays      ; Enabled                                                 ;
+-----------------------+---------------------------------------------------------+


+------------------------------------------+
; Parallel Compilation                     ;
+----------------------------+-------------+
; Processors                 ; Number      ;
+----------------------------+-------------+
; Number detected on machine ; 24          ;
; Maximum allowed            ; 16          ;
;                            ;             ;
; Average used               ; 2.06        ;
; Maximum used               ; 16          ;
;                            ;             ;
; Usage by Processor         ; % Time Used ;
;     Processor 1            ; 100.0%      ;
;     Processor 2            ;  29.3%      ;
;     Processor 3            ;  25.7%      ;
;     Processor 4            ;  22.1%      ;
;     Processors 5-16        ;   2.4%      ;
+----------------------------+-------------+


+---------------------------------------------------------------------------------------------------------------------------------------------------------------------------------+
; Clocks                                                                                                                                                                          ;
+------------+------+--------+------------+-------+-------+------------+-----------+-------------+-------+--------+-----------+------------+----------+--------+--------+---------+
; Clock Name ; Type ; Period ; Frequency  ; Rise  ; Fall  ; Duty Cycle ; Divide by ; Multiply by ; Phase ; Offset ; Edge List ; Edge Shift ; Inverted ; Master ; Source ; Targets ;
+------------+------+--------+------------+-------+-------+------------+-----------+-------------+-------+--------+-----------+------------+----------+--------+--------+---------+
; clk        ; Base ; 1.000  ; 1000.0 MHz ; 0.000 ; 0.500 ;            ;           ;             ;       ;        ;           ;            ;          ;        ;        ; { clk } ;
+------------+------+--------+------------+-------+-------+------------+-----------+-------------+-------+--------+-----------+------------+----------+--------+--------+---------+


+------------------------------------------------+
; Slow 1200mV 85C Model Fmax Summary             ;
+----------+-----------------+------------+------+
; Fmax     ; Restricted Fmax ; Clock Name ; Note ;
+----------+-----------------+------------+------+
; 62.5 MHz ; 62.5 MHz        ; clk        ;      ;
+----------+-----------------+------------+------+
This panel reports FMAX for every clock in the design, regardless of the user-specified clock periods.  FMAX is only computed for paths where the source and destination registers or ports are driven by the same clock.  Paths of different clocks, including generated clocks, are ignored.  For paths between a clock and its inversion, FMAX is computed as if the rising and falling edges are scaled along with FMAX, such that the duty cycle (in terms of a percentage) is maintained. Altera recommends that you always use clock constraints and other slack reports for sign-off analysis.


----------------------------------
; Timing Closure Recommendations ;
----------------------------------
HTML report is unavailable in plain text report export.


+-------------------------------------+
; Slow 1200mV 85C Model Setup Summary ;
+-------+---------+-------------------+
; Clock ; Slack   ; End Point TNS     ;
+-------+---------+-------------------+
; clk   ; -15.001 ; -12685.363        ;
+-------+---------+-------------------+


+------------------------------------+
; Slow 1200mV 85C Model Hold Summary ;
+-------+-------+--------------------+
; Clock ; Slack ; End Point TNS      ;
+-------+-------+--------------------+
; clk   ; 0.287 ; 0.000              ;
+-------+-------+--------------------+


+----------------------------------------+
; Slow 1200mV 85C Model Recovery Summary ;
+-------+--------+-----------------------+
; Clock ; Slack  ; End Point TNS         ;
+-------+--------+-----------------------+
; clk   ; -3.573 ; -161.906              ;
+-------+--------+-----------------------+


+---------------------------------------+
; Slow 1200mV 85C Model Removal Summary ;
+-------+-------+-----------------------+
; Clock ; Slack ; End Point TNS         ;
+-------+-------+-----------------------+
; clk   ; 2.190 ; 0.000                 ;
+-------+-------+-----------------------+


+---------------------------------------------------+
; Slow 1200mV 85C Model Minimum Pulse Width Summary ;
+-------+--------+----------------------------------+
; Clock ; Slack  ; End Point TNS                    ;
+-------+--------+----------------------------------+
; clk   ; -3.000 ; -3643.461                        ;
+-------+--------+----------------------------------+


+------------------------------------------------------------------------------------------------------------------------------------------------------------------------------------------------------------------------------------------------------------------------------------------------------------------------------------------------------------------------------------------------------------------------------------------------------------------------------------------------------------------------------------------------------------------------------------------------------------------------------------------------------------------------------------------------------------------------------+
; Slow 1200mV 85C Model Setup: 'clk'                                                                                                                                                                                                                                                                                                                                                                                                                                                                                                                                                                                                                                                                                           ;
+---------+------------------------------------------------------------------------------------------------------------------------------------------------------------------------------------------------------------------------------------------------------------------------------------------------------------------------------+---------------------------------------------------------------------------------------------------------------------------------------------------------------------------------------------------------------------------------------------------------------------------------------------------------------+--------------+-------------+--------------+------------+------------+
; Slack   ; From Node                                                                                                                                                                                                                                                                                                                    ; To Node                                                                                                                                                                                                                                                                                                       ; Launch Clock ; Latch Clock ; Relationship ; Clock Skew ; Data Delay ;
+---------+------------------------------------------------------------------------------------------------------------------------------------------------------------------------------------------------------------------------------------------------------------------------------------------------------------------------------+---------------------------------------------------------------------------------------------------------------------------------------------------------------------------------------------------------------------------------------------------------------------------------------------------------------+--------------+-------------+--------------+------------+------------+
; -15.001 ; ID00001011_aipScopeNoMPU:ID00001011|ID00001011_scopeNoMPU_core:SCOPENOMPU_CORE|ID00001011_scopeNoMPU_datapath:SCOPENOMPU_DP|ID00001012_scopeSignalMapper_core:MAPPERCORE|ID00001012_scopeSignalMapper_datapath:SCOPEMAPPER_DP|altsyncram:dataNormalized_rtl_0|altsyncram_uvg1:auto_generated|ram_block1a0~portb_address_reg0 ; ID00001011_aipScopeNoMPU:ID00001011|ID00001011_scopeNoMPU_core:SCOPENOMPU_CORE|ID00001011_scopeNoMPU_datapath:SCOPENOMPU_DP|ID00001012_scopeSignalMapper_core:MAPPERCORE|ID00001012_scopeSignalMapper_datapath:SCOPEMAPPER_DP|average:AVGR|dividerSig_core:DVD|dividerSig_datapath:DDP|data_out_reg[21]       ; clk          ; clk         ; 1.000        ; -0.452     ; 15.547     ;
; -15.001 ; ID00001011_aipScopeNoMPU:ID00001011|ID00001011_scopeNoMPU_core:SCOPENOMPU_CORE|ID00001011_scopeNoMPU_datapath:SCOPENOMPU_DP|ID00001012_scopeSignalMapper_core:MAPPERCORE|ID00001012_scopeSignalMapper_datapath:SCOPEMAPPER_DP|altsyncram:dataNormalized_rtl_0|altsyncram_uvg1:auto_generated|ram_block1a0~portb_address_reg0 ; ID00001011_aipScopeNoMPU:ID00001011|ID00001011_scopeNoMPU_core:SCOPENOMPU_CORE|ID00001011_scopeNoMPU_datapath:SCOPENOMPU_DP|ID00001012_scopeSignalMapper_core:MAPPERCORE|ID00001012_scopeSignalMapper_datapath:SCOPEMAPPER_DP|average:AVGR|dividerSig_core:DVD|dividerSig_datapath:DDP|data_out_reg[32]       ; clk          ; clk         ; 1.000        ; -0.452     ; 15.547     ;
; -15.001 ; ID00001011_aipScopeNoMPU:ID00001011|ID00001011_scopeNoMPU_core:SCOPENOMPU_CORE|ID00001011_scopeNoMPU_datapath:SCOPENOMPU_DP|ID00001012_scopeSignalMapper_core:MAPPERCORE|ID00001012_scopeSignalMapper_datapath:SCOPEMAPPER_DP|altsyncram:dataNormalized_rtl_0|altsyncram_uvg1:auto_generated|ram_block1a0~portb_address_reg0 ; ID00001011_aipScopeNoMPU:ID00001011|ID00001011_scopeNoMPU_core:SCOPENOMPU_CORE|ID00001011_scopeNoMPU_datapath:SCOPENOMPU_DP|ID00001012_scopeSignalMapper_core:MAPPERCORE|ID00001012_scopeSignalMapper_datapath:SCOPEMAPPER_DP|average:AVGR|dividerSig_core:DVD|dividerSig_datapath:DDP|data_out_reg[22]       ; clk          ; clk         ; 1.000        ; -0.452     ; 15.547     ;
; -15.001 ; ID00001011_aipScopeNoMPU:ID00001011|ID00001011_scopeNoMPU_core:SCOPENOMPU_CORE|ID00001011_scopeNoMPU_datapath:SCOPENOMPU_DP|ID00001012_scopeSignalMapper_core:MAPPERCORE|ID00001012_scopeSignalMapper_datapath:SCOPEMAPPER_DP|altsyncram:dataNormalized_rtl_0|altsyncram_uvg1:auto_generated|ram_block1a0~portb_address_reg0 ; ID00001011_aipScopeNoMPU:ID00001011|ID00001011_scopeNoMPU_core:SCOPENOMPU_CORE|ID00001011_scopeNoMPU_datapath:SCOPENOMPU_DP|ID00001012_scopeSignalMapper_core:MAPPERCORE|ID00001012_scopeSignalMapper_datapath:SCOPEMAPPER_DP|average:AVGR|dividerSig_core:DVD|dividerSig_datapath:DDP|data_out_reg[20]       ; clk          ; clk         ; 1.000        ; -0.452     ; 15.547     ;
; -14.961 ; ID00001011_aipScopeNoMPU:ID00001011|ID00001011_scopeNoMPU_core:SCOPENOMPU_CORE|ID00001011_scopeNoMPU_datapath:SCOPENOMPU_DP|true_dual_port_ram_single_clock:RAM1|altsyncram:ram_rtl_0|altsyncram_k6r1:auto_generated|ram_block1a0~portb_we_reg                                                                               ; ID00001011_aipScopeNoMPU:ID00001011|ID00001011_scopeNoMPU_core:SCOPENOMPU_CORE|ID00001011_scopeNoMPU_datapath:SCOPENOMPU_DP|true_dual_port_ram_single_clock:RAM1|altsyncram:ram_rtl_0|altsyncram_k6r1:auto_generated|ram_block1a1~porta_datain_reg0                                                           ; clk          ; clk         ; 1.000        ; -0.078     ; 15.921     ;
; -14.874 ; ID00001011_aipScopeNoMPU:ID00001011|ID00001011_scopeNoMPU_core:SCOPENOMPU_CORE|ID00001011_scopeNoMPU_datapath:SCOPENOMPU_DP|ID0000204D_FFT_core:FFT_Inst|altsyncram:_510__rtl_0|altsyncram_j181:auto_generated|ram_block1a0~porta_address_reg0                                                                               ; ID00001011_aipScopeNoMPU:ID00001011|ID00001011_scopeNoMPU_core:SCOPENOMPU_CORE|ID00001011_scopeNoMPU_datapath:SCOPENOMPU_DP|true_dual_port_ram_single_clock:RAM1|altsyncram:ram_rtl_0|altsyncram_k6r1:auto_generated|ram_block1a1~porta_datain_reg0                                                           ; clk          ; clk         ; 1.000        ; -0.060     ; 15.852     ;
; -14.808 ; ID00001011_aipScopeNoMPU:ID00001011|ID00001011_scopeNoMPU_core:SCOPENOMPU_CORE|ID00001011_scopeNoMPU_datapath:SCOPENOMPU_DP|true_dual_port_ram_single_clock:RAM1|altsyncram:ram_rtl_0|altsyncram_k6r1:auto_generated|ram_block1a1~portb_we_reg                                                                               ; ID00001011_aipScopeNoMPU:ID00001011|ID00001011_scopeNoMPU_core:SCOPENOMPU_CORE|ID00001011_scopeNoMPU_datapath:SCOPENOMPU_DP|true_dual_port_ram_single_clock:RAM1|altsyncram:ram_rtl_0|altsyncram_k6r1:auto_generated|ram_block1a1~porta_datain_reg0                                                           ; clk          ; clk         ; 1.000        ; -0.034     ; 15.812     ;
; -14.757 ; ID00001011_aipScopeNoMPU:ID00001011|ID00001011_scopeNoMPU_core:SCOPENOMPU_CORE|ID00001011_scopeNoMPU_datapath:SCOPENOMPU_DP|ID00001012_scopeSignalMapper_core:MAPPERCORE|ID00001012_scopeSignalMapper_datapath:SCOPEMAPPER_DP|altsyncram:dataNormalized_rtl_0|altsyncram_uvg1:auto_generated|ram_block1a0~portb_address_reg0 ; ID00001011_aipScopeNoMPU:ID00001011|ID00001011_scopeNoMPU_core:SCOPENOMPU_CORE|ID00001011_scopeNoMPU_datapath:SCOPENOMPU_DP|ID00001012_scopeSignalMapper_core:MAPPERCORE|ID00001012_scopeSignalMapper_datapath:SCOPEMAPPER_DP|average:AVGR|dividerSig_core:DVD|dividerSig_datapath:DDP|data_out[0]            ; clk          ; clk         ; 1.000        ; -0.445     ; 15.310     ;
; -14.707 ; ID00001011_aipScopeNoMPU:ID00001011|ID00001011_scopeNoMPU_core:SCOPENOMPU_CORE|ID00001011_scopeNoMPU_datapath:SCOPENOMPU_DP|ID00001012_scopeSignalMapper_core:MAPPERCORE|ID00001012_scopeSignalMapper_datapath:SCOPEMAPPER_DP|altsyncram:dataNormalized_rtl_0|altsyncram_uvg1:auto_generated|ram_block1a0~portb_address_reg0 ; ID00001011_aipScopeNoMPU:ID00001011|ID00001011_scopeNoMPU_core:SCOPENOMPU_CORE|ID00001011_scopeNoMPU_datapath:SCOPENOMPU_DP|ID00001012_scopeSignalMapper_core:MAPPERCORE|ID00001012_scopeSignalMapper_datapath:SCOPEMAPPER_DP|average:AVGR|dividerSig_core:DVD|dividerSig_datapath:DDP|data_out_reg[25]       ; clk          ; clk         ; 1.000        ; -0.063     ; 15.642     ;
; -14.707 ; ID00001011_aipScopeNoMPU:ID00001011|ID00001011_scopeNoMPU_core:SCOPENOMPU_CORE|ID00001011_scopeNoMPU_datapath:SCOPENOMPU_DP|ID00001012_scopeSignalMapper_core:MAPPERCORE|ID00001012_scopeSignalMapper_datapath:SCOPEMAPPER_DP|altsyncram:dataNormalized_rtl_0|altsyncram_uvg1:auto_generated|ram_block1a0~portb_address_reg0 ; ID00001011_aipScopeNoMPU:ID00001011|ID00001011_scopeNoMPU_core:SCOPENOMPU_CORE|ID00001011_scopeNoMPU_datapath:SCOPENOMPU_DP|ID00001012_scopeSignalMapper_core:MAPPERCORE|ID00001012_scopeSignalMapper_datapath:SCOPEMAPPER_DP|average:AVGR|dividerSig_core:DVD|dividerSig_datapath:DDP|data_out_reg[30]       ; clk          ; clk         ; 1.000        ; -0.063     ; 15.642     ;
; -14.707 ; ID00001011_aipScopeNoMPU:ID00001011|ID00001011_scopeNoMPU_core:SCOPENOMPU_CORE|ID00001011_scopeNoMPU_datapath:SCOPENOMPU_DP|ID00001012_scopeSignalMapper_core:MAPPERCORE|ID00001012_scopeSignalMapper_datapath:SCOPEMAPPER_DP|altsyncram:dataNormalized_rtl_0|altsyncram_uvg1:auto_generated|ram_block1a0~portb_address_reg0 ; ID00001011_aipScopeNoMPU:ID00001011|ID00001011_scopeNoMPU_core:SCOPENOMPU_CORE|ID00001011_scopeNoMPU_datapath:SCOPENOMPU_DP|ID00001012_scopeSignalMapper_core:MAPPERCORE|ID00001012_scopeSignalMapper_datapath:SCOPEMAPPER_DP|average:AVGR|dividerSig_core:DVD|dividerSig_datapath:DDP|data_out_reg[28]       ; clk          ; clk         ; 1.000        ; -0.063     ; 15.642     ;
; -14.707 ; ID00001011_aipScopeNoMPU:ID00001011|ID00001011_scopeNoMPU_core:SCOPENOMPU_CORE|ID00001011_scopeNoMPU_datapath:SCOPENOMPU_DP|ID00001012_scopeSignalMapper_core:MAPPERCORE|ID00001012_scopeSignalMapper_datapath:SCOPEMAPPER_DP|altsyncram:dataNormalized_rtl_0|altsyncram_uvg1:auto_generated|ram_block1a0~portb_address_reg0 ; ID00001011_aipScopeNoMPU:ID00001011|ID00001011_scopeNoMPU_core:SCOPENOMPU_CORE|ID00001011_scopeNoMPU_datapath:SCOPENOMPU_DP|ID00001012_scopeSignalMapper_core:MAPPERCORE|ID00001012_scopeSignalMapper_datapath:SCOPEMAPPER_DP|average:AVGR|dividerSig_core:DVD|dividerSig_datapath:DDP|data_out_reg[26]       ; clk          ; clk         ; 1.000        ; -0.063     ; 15.642     ;
; -14.707 ; ID00001011_aipScopeNoMPU:ID00001011|ID00001011_scopeNoMPU_core:SCOPENOMPU_CORE|ID00001011_scopeNoMPU_datapath:SCOPENOMPU_DP|ID00001012_scopeSignalMapper_core:MAPPERCORE|ID00001012_scopeSignalMapper_datapath:SCOPEMAPPER_DP|altsyncram:dataNormalized_rtl_0|altsyncram_uvg1:auto_generated|ram_block1a0~portb_address_reg0 ; ID00001011_aipScopeNoMPU:ID00001011|ID00001011_scopeNoMPU_core:SCOPENOMPU_CORE|ID00001011_scopeNoMPU_datapath:SCOPENOMPU_DP|ID00001012_scopeSignalMapper_core:MAPPERCORE|ID00001012_scopeSignalMapper_datapath:SCOPEMAPPER_DP|average:AVGR|dividerSig_core:DVD|dividerSig_datapath:DDP|data_out_reg[24]       ; clk          ; clk         ; 1.000        ; -0.063     ; 15.642     ;
; -14.676 ; ID00001011_aipScopeNoMPU:ID00001011|ID00001011_scopeNoMPU_core:SCOPENOMPU_CORE|ID00001011_scopeNoMPU_datapath:SCOPENOMPU_DP|ID00001012_scopeSignalMapper_core:MAPPERCORE|ID00001012_scopeSignalMapper_datapath:SCOPEMAPPER_DP|altsyncram:dataNormalized_rtl_0|altsyncram_uvg1:auto_generated|ram_block1a0~portb_address_reg0 ; ID00001011_aipScopeNoMPU:ID00001011|ID00001011_scopeNoMPU_core:SCOPENOMPU_CORE|ID00001011_scopeNoMPU_datapath:SCOPENOMPU_DP|ID00001012_scopeSignalMapper_core:MAPPERCORE|ID00001012_scopeSignalMapper_datapath:SCOPEMAPPER_DP|average:AVGR|dividerSig_core:DVD|dividerSig_datapath:DDP|data_out_reg[29]       ; clk          ; clk         ; 1.000        ; -0.038     ; 15.636     ;
; -14.676 ; ID00001011_aipScopeNoMPU:ID00001011|ID00001011_scopeNoMPU_core:SCOPENOMPU_CORE|ID00001011_scopeNoMPU_datapath:SCOPENOMPU_DP|ID00001012_scopeSignalMapper_core:MAPPERCORE|ID00001012_scopeSignalMapper_datapath:SCOPEMAPPER_DP|altsyncram:dataNormalized_rtl_0|altsyncram_uvg1:auto_generated|ram_block1a0~portb_address_reg0 ; ID00001011_aipScopeNoMPU:ID00001011|ID00001011_scopeNoMPU_core:SCOPENOMPU_CORE|ID00001011_scopeNoMPU_datapath:SCOPENOMPU_DP|ID00001012_scopeSignalMapper_core:MAPPERCORE|ID00001012_scopeSignalMapper_datapath:SCOPEMAPPER_DP|average:AVGR|dividerSig_core:DVD|dividerSig_datapath:DDP|data_out_reg[27]       ; clk          ; clk         ; 1.000        ; -0.038     ; 15.636     ;
; -14.614 ; ID00001011_aipScopeNoMPU:ID00001011|ID00001011_scopeNoMPU_core:SCOPENOMPU_CORE|ID00001011_scopeNoMPU_datapath:SCOPENOMPU_DP|true_dual_port_ram_single_clock:RAM1|altsyncram:ram_rtl_0|altsyncram_k6r1:auto_generated|ram_block1a1~portb_we_reg                                                                               ; ID00001011_aipScopeNoMPU:ID00001011|ID00001011_scopeNoMPU_core:SCOPENOMPU_CORE|ID00001011_scopeNoMPU_datapath:SCOPENOMPU_DP|true_dual_port_ram_single_clock:RAM1|altsyncram:ram_rtl_0|altsyncram_k6r1:auto_generated|ram_block1a0~porta_datain_reg0                                                           ; clk          ; clk         ; 1.000        ; -0.062     ; 15.590     ;
; -14.603 ; ID00001011_aipScopeNoMPU:ID00001011|ID00001011_scopeNoMPU_core:SCOPENOMPU_CORE|ID00001011_scopeNoMPU_datapath:SCOPENOMPU_DP|true_dual_port_ram_single_clock:RAM1|altsyncram:ram_rtl_0|altsyncram_k6r1:auto_generated|ram_block1a0~portb_we_reg                                                                               ; ID00001011_aipScopeNoMPU:ID00001011|ID00001011_scopeNoMPU_core:SCOPENOMPU_CORE|ID00001011_scopeNoMPU_datapath:SCOPENOMPU_DP|true_dual_port_ram_single_clock:RAM1|altsyncram:ram_rtl_0|altsyncram_k6r1:auto_generated|ram_block1a0~porta_datain_reg0                                                           ; clk          ; clk         ; 1.000        ; -0.034     ; 15.607     ;
; -14.429 ; ID00001011_aipScopeNoMPU:ID00001011|ID00001011_scopeNoMPU_core:SCOPENOMPU_CORE|ID00001011_scopeNoMPU_datapath:SCOPENOMPU_DP|ID0000204D_FFT_core:FFT_Inst|altsyncram:_510__rtl_0|altsyncram_j181:auto_generated|ram_block1a0~porta_address_reg0                                                                               ; ID00001011_aipScopeNoMPU:ID00001011|ID00001011_scopeNoMPU_core:SCOPENOMPU_CORE|ID00001011_scopeNoMPU_datapath:SCOPENOMPU_DP|true_dual_port_ram_single_clock:RAM1|altsyncram:ram_rtl_0|altsyncram_k6r1:auto_generated|ram_block1a0~porta_datain_reg0                                                           ; clk          ; clk         ; 1.000        ; -0.052     ; 15.415     ;
; -14.406 ; ID00001011_aipScopeNoMPU:ID00001011|ID00001011_scopeNoMPU_core:SCOPENOMPU_CORE|ID00001011_scopeNoMPU_datapath:SCOPENOMPU_DP|ID00001012_scopeSignalMapper_core:MAPPERCORE|ID00001012_scopeSignalMapper_datapath:SCOPEMAPPER_DP|altsyncram:dataNormalized_rtl_0|altsyncram_uvg1:auto_generated|ram_block1a0~portb_address_reg0 ; ID00001011_aipScopeNoMPU:ID00001011|ID00001011_scopeNoMPU_core:SCOPENOMPU_CORE|ID00001011_scopeNoMPU_datapath:SCOPENOMPU_DP|ID00001012_scopeSignalMapper_core:MAPPERCORE|ID00001012_scopeSignalMapper_datapath:SCOPEMAPPER_DP|average:AVGR|dividerSig_core:DVD|dividerSig_datapath:DDP|data_out_reg[38]       ; clk          ; clk         ; 1.000        ; -0.070     ; 15.334     ;
; -14.406 ; ID00001011_aipScopeNoMPU:ID00001011|ID00001011_scopeNoMPU_core:SCOPENOMPU_CORE|ID00001011_scopeNoMPU_datapath:SCOPENOMPU_DP|ID00001012_scopeSignalMapper_core:MAPPERCORE|ID00001012_scopeSignalMapper_datapath:SCOPEMAPPER_DP|altsyncram:dataNormalized_rtl_0|altsyncram_uvg1:auto_generated|ram_block1a0~portb_address_reg0 ; ID00001011_aipScopeNoMPU:ID00001011|ID00001011_scopeNoMPU_core:SCOPENOMPU_CORE|ID00001011_scopeNoMPU_datapath:SCOPENOMPU_DP|ID00001012_scopeSignalMapper_core:MAPPERCORE|ID00001012_scopeSignalMapper_datapath:SCOPEMAPPER_DP|average:AVGR|dividerSig_core:DVD|dividerSig_datapath:DDP|data_out_reg[33]       ; clk          ; clk         ; 1.000        ; -0.070     ; 15.334     ;
; -14.406 ; ID00001011_aipScopeNoMPU:ID00001011|ID00001011_scopeNoMPU_core:SCOPENOMPU_CORE|ID00001011_scopeNoMPU_datapath:SCOPENOMPU_DP|ID00001012_scopeSignalMapper_core:MAPPERCORE|ID00001012_scopeSignalMapper_datapath:SCOPEMAPPER_DP|altsyncram:dataNormalized_rtl_0|altsyncram_uvg1:auto_generated|ram_block1a0~portb_address_reg0 ; ID00001011_aipScopeNoMPU:ID00001011|ID00001011_scopeNoMPU_core:SCOPENOMPU_CORE|ID00001011_scopeNoMPU_datapath:SCOPENOMPU_DP|ID00001012_scopeSignalMapper_core:MAPPERCORE|ID00001012_scopeSignalMapper_datapath:SCOPEMAPPER_DP|average:AVGR|dividerSig_core:DVD|dividerSig_datapath:DDP|data_out_reg[31]       ; clk          ; clk         ; 1.000        ; -0.070     ; 15.334     ;
; -14.406 ; ID00001011_aipScopeNoMPU:ID00001011|ID00001011_scopeNoMPU_core:SCOPENOMPU_CORE|ID00001011_scopeNoMPU_datapath:SCOPENOMPU_DP|ID00001012_scopeSignalMapper_core:MAPPERCORE|ID00001012_scopeSignalMapper_datapath:SCOPEMAPPER_DP|altsyncram:dataNormalized_rtl_0|altsyncram_uvg1:auto_generated|ram_block1a0~portb_address_reg0 ; ID00001011_aipScopeNoMPU:ID00001011|ID00001011_scopeNoMPU_core:SCOPENOMPU_CORE|ID00001011_scopeNoMPU_datapath:SCOPENOMPU_DP|ID00001012_scopeSignalMapper_core:MAPPERCORE|ID00001012_scopeSignalMapper_datapath:SCOPEMAPPER_DP|average:AVGR|dividerSig_core:DVD|dividerSig_datapath:DDP|data_out_reg[34]       ; clk          ; clk         ; 1.000        ; -0.070     ; 15.334     ;
; -14.406 ; ID00001011_aipScopeNoMPU:ID00001011|ID00001011_scopeNoMPU_core:SCOPENOMPU_CORE|ID00001011_scopeNoMPU_datapath:SCOPENOMPU_DP|ID00001012_scopeSignalMapper_core:MAPPERCORE|ID00001012_scopeSignalMapper_datapath:SCOPEMAPPER_DP|altsyncram:dataNormalized_rtl_0|altsyncram_uvg1:auto_generated|ram_block1a0~portb_address_reg0 ; ID00001011_aipScopeNoMPU:ID00001011|ID00001011_scopeNoMPU_core:SCOPENOMPU_CORE|ID00001011_scopeNoMPU_datapath:SCOPENOMPU_DP|ID00001012_scopeSignalMapper_core:MAPPERCORE|ID00001012_scopeSignalMapper_datapath:SCOPEMAPPER_DP|average:AVGR|dividerSig_core:DVD|dividerSig_datapath:DDP|data_out_reg[35]       ; clk          ; clk         ; 1.000        ; -0.070     ; 15.334     ;
; -14.406 ; ID00001011_aipScopeNoMPU:ID00001011|ID00001011_scopeNoMPU_core:SCOPENOMPU_CORE|ID00001011_scopeNoMPU_datapath:SCOPENOMPU_DP|ID00001012_scopeSignalMapper_core:MAPPERCORE|ID00001012_scopeSignalMapper_datapath:SCOPEMAPPER_DP|altsyncram:dataNormalized_rtl_0|altsyncram_uvg1:auto_generated|ram_block1a0~portb_address_reg0 ; ID00001011_aipScopeNoMPU:ID00001011|ID00001011_scopeNoMPU_core:SCOPENOMPU_CORE|ID00001011_scopeNoMPU_datapath:SCOPENOMPU_DP|ID00001012_scopeSignalMapper_core:MAPPERCORE|ID00001012_scopeSignalMapper_datapath:SCOPEMAPPER_DP|average:AVGR|dividerSig_core:DVD|dividerSig_datapath:DDP|data_out_reg[36]       ; clk          ; clk         ; 1.000        ; -0.070     ; 15.334     ;
; -14.265 ; ID00001011_aipScopeNoMPU:ID00001011|ID00001011_scopeNoMPU_core:SCOPENOMPU_CORE|ID00001011_scopeNoMPU_datapath:SCOPENOMPU_DP|true_dual_port_ram_single_clock:RAM1|altsyncram:ram_rtl_0|altsyncram_k6r1:auto_generated|ram_block1a0~portb_we_reg                                                                               ; ID00001011_aipScopeNoMPU:ID00001011|ID00001011_scopeNoMPU_core:SCOPENOMPU_CORE|ID00001011_scopeNoMPU_datapath:SCOPENOMPU_DP|true_dual_port_ram_single_clock:RAM1|altsyncram:ram_rtl_0|altsyncram_k6r1:auto_generated|ram_block1a1~portb_datain_reg0                                                           ; clk          ; clk         ; 1.000        ; -0.076     ; 15.227     ;
; -14.186 ; ID00001011_aipScopeNoMPU:ID00001011|ID00001011_scopeNoMPU_core:SCOPENOMPU_CORE|ID00001011_scopeNoMPU_datapath:SCOPENOMPU_DP|ID00001012_scopeSignalMapper_core:MAPPERCORE|ID00001012_scopeSignalMapper_datapath:SCOPEMAPPER_DP|altsyncram:dataNormalized_rtl_0|altsyncram_uvg1:auto_generated|ram_block1a0~portb_address_reg0 ; ID00001011_aipScopeNoMPU:ID00001011|ID00001011_scopeNoMPU_core:SCOPENOMPU_CORE|ID00001011_scopeNoMPU_datapath:SCOPENOMPU_DP|ID00001012_scopeSignalMapper_core:MAPPERCORE|ID00001012_scopeSignalMapper_datapath:SCOPEMAPPER_DP|average:AVGR|dividerSig_core:DVD|dividerSig_datapath:DDP|data_out_reg[23]       ; clk          ; clk         ; 1.000        ; -0.066     ; 15.118     ;
; -14.186 ; ID00001011_aipScopeNoMPU:ID00001011|ID00001011_scopeNoMPU_core:SCOPENOMPU_CORE|ID00001011_scopeNoMPU_datapath:SCOPENOMPU_DP|ID00001012_scopeSignalMapper_core:MAPPERCORE|ID00001012_scopeSignalMapper_datapath:SCOPEMAPPER_DP|altsyncram:dataNormalized_rtl_0|altsyncram_uvg1:auto_generated|ram_block1a0~portb_address_reg0 ; ID00001011_aipScopeNoMPU:ID00001011|ID00001011_scopeNoMPU_core:SCOPENOMPU_CORE|ID00001011_scopeNoMPU_datapath:SCOPENOMPU_DP|ID00001012_scopeSignalMapper_core:MAPPERCORE|ID00001012_scopeSignalMapper_datapath:SCOPEMAPPER_DP|average:AVGR|dividerSig_core:DVD|dividerSig_datapath:DDP|data_out_reg[37]       ; clk          ; clk         ; 1.000        ; -0.066     ; 15.118     ;
; -14.178 ; ID00001011_aipScopeNoMPU:ID00001011|ID00001011_scopeNoMPU_core:SCOPENOMPU_CORE|ID00001011_scopeNoMPU_datapath:SCOPENOMPU_DP|ID0000204D_FFT_core:FFT_Inst|altsyncram:_510__rtl_0|altsyncram_j181:auto_generated|ram_block1a0~porta_address_reg0                                                                               ; ID00001011_aipScopeNoMPU:ID00001011|ID00001011_scopeNoMPU_core:SCOPENOMPU_CORE|ID00001011_scopeNoMPU_datapath:SCOPENOMPU_DP|true_dual_port_ram_single_clock:RAM1|altsyncram:ram_rtl_0|altsyncram_k6r1:auto_generated|ram_block1a1~portb_datain_reg0                                                           ; clk          ; clk         ; 1.000        ; -0.058     ; 15.158     ;
; -14.112 ; ID00001011_aipScopeNoMPU:ID00001011|ID00001011_scopeNoMPU_core:SCOPENOMPU_CORE|ID00001011_scopeNoMPU_datapath:SCOPENOMPU_DP|true_dual_port_ram_single_clock:RAM1|altsyncram:ram_rtl_0|altsyncram_k6r1:auto_generated|ram_block1a1~portb_we_reg                                                                               ; ID00001011_aipScopeNoMPU:ID00001011|ID00001011_scopeNoMPU_core:SCOPENOMPU_CORE|ID00001011_scopeNoMPU_datapath:SCOPENOMPU_DP|true_dual_port_ram_single_clock:RAM1|altsyncram:ram_rtl_0|altsyncram_k6r1:auto_generated|ram_block1a1~portb_datain_reg0                                                           ; clk          ; clk         ; 1.000        ; -0.032     ; 15.118     ;
; -14.063 ; ID00001011_aipScopeNoMPU:ID00001011|ID00001011_scopeNoMPU_core:SCOPENOMPU_CORE|ID00001011_scopeNoMPU_datapath:SCOPENOMPU_DP|altsyncram:dataColl_rtl_0|altsyncram_vvg1:auto_generated|ram_block1a0~portb_address_reg0                                                                                                         ; ID00001011_aipScopeNoMPU:ID00001011|ID00001011_scopeNoMPU_core:SCOPENOMPU_CORE|ID00001011_scopeNoMPU_datapath:SCOPENOMPU_DP|ID0000100C_modCuad_core:MODCUAD_CORE|ID0000100C_modCuad_datapath:modCuad_DP|ID0000100C_modCuad_power2:PW2_REAL|booth_core:DUT|booth_datapath:BDP|data_out[25]                     ; clk          ; clk         ; 1.000        ; -0.410     ; 14.651     ;
; -14.000 ; ID00001011_aipScopeNoMPU:ID00001011|ID00001011_scopeNoMPU_core:SCOPENOMPU_CORE|ID00001011_scopeNoMPU_datapath:SCOPENOMPU_DP|altsyncram:dataFFTSaved_rtl_0|altsyncram_vvg1:auto_generated|ram_block1a0~portb_address_reg0                                                                                                     ; ID00001011_aipScopeNoMPU:ID00001011|ID00001011_scopeNoMPU_core:SCOPENOMPU_CORE|ID00001011_scopeNoMPU_datapath:SCOPENOMPU_DP|ID0000100C_modCuad_core:MODCUAD_CORE|ID0000100C_modCuad_datapath:modCuad_DP|ID0000100C_modCuad_power2:PW2_REAL|booth_core:DUT|booth_datapath:BDP|data_out[25]                     ; clk          ; clk         ; 1.000        ; -0.413     ; 14.585     ;
; -13.975 ; ID00001011_aipScopeNoMPU:ID00001011|ID00001011_scopeNoMPU_core:SCOPENOMPU_CORE|ID00001011_scopeNoMPU_datapath:SCOPENOMPU_DP|altsyncram:dataColl_rtl_0|altsyncram_vvg1:auto_generated|ram_block1a0~portb_address_reg0                                                                                                         ; ID00001011_aipScopeNoMPU:ID00001011|ID00001011_scopeNoMPU_core:SCOPENOMPU_CORE|ID00001011_scopeNoMPU_datapath:SCOPENOMPU_DP|ID0000100C_modCuad_core:MODCUAD_CORE|ID0000100C_modCuad_datapath:modCuad_DP|ID0000100C_modCuad_power2:PW2_REAL|booth_core:DUT|booth_datapath:BDP|data_out[31]                     ; clk          ; clk         ; 1.000        ; 0.006      ; 14.979     ;
; -13.945 ; ID00001011_aipScopeNoMPU:ID00001011|ID00001011_scopeNoMPU_core:SCOPENOMPU_CORE|ID00001011_scopeNoMPU_datapath:SCOPENOMPU_DP|altsyncram:dataFFTSaved_rtl_0|altsyncram_vvg1:auto_generated|ram_block1a0~portb_address_reg0                                                                                                     ; ID00001011_aipScopeNoMPU:ID00001011|ID00001011_scopeNoMPU_core:SCOPENOMPU_CORE|ID00001011_scopeNoMPU_datapath:SCOPENOMPU_DP|ID0000100C_modCuad_core:MODCUAD_CORE|ID0000100C_modCuad_datapath:modCuad_DP|ID0000100C_modCuad_power2:PW2_REAL|booth_core:DUT|booth_datapath:BDP|data_out[31]                     ; clk          ; clk         ; 1.000        ; 0.003      ; 14.946     ;
; -13.928 ; ID00001011_aipScopeNoMPU:ID00001011|ID00001011_scopeNoMPU_core:SCOPENOMPU_CORE|ID00001011_scopeNoMPU_datapath:SCOPENOMPU_DP|ID00001012_scopeSignalMapper_core:MAPPERCORE|ID00001012_scopeSignalMapper_datapath:SCOPEMAPPER_DP|scopeScaler:SCALER|booth_core:B1|booth_datapath:BDP|data_out[31]                               ; ID00001011_aipScopeNoMPU:ID00001011|ID00001011_scopeNoMPU_core:SCOPENOMPU_CORE|ID00001011_scopeNoMPU_datapath:SCOPENOMPU_DP|ID00001012_scopeSignalMapper_core:MAPPERCORE|ID00001012_scopeSignalMapper_datapath:SCOPEMAPPER_DP|scopeScaler:SCALER|dividerSig_core:DVD|dividerSig_datapath:DDP|data_out_reg[45] ; clk          ; clk         ; 1.000        ; -0.089     ; 14.837     ;
; -13.928 ; ID00001011_aipScopeNoMPU:ID00001011|ID00001011_scopeNoMPU_core:SCOPENOMPU_CORE|ID00001011_scopeNoMPU_datapath:SCOPENOMPU_DP|ID00001012_scopeSignalMapper_core:MAPPERCORE|ID00001012_scopeSignalMapper_datapath:SCOPEMAPPER_DP|scopeScaler:SCALER|booth_core:B1|booth_datapath:BDP|data_out[31]                               ; ID00001011_aipScopeNoMPU:ID00001011|ID00001011_scopeNoMPU_core:SCOPENOMPU_CORE|ID00001011_scopeNoMPU_datapath:SCOPENOMPU_DP|ID00001012_scopeSignalMapper_core:MAPPERCORE|ID00001012_scopeSignalMapper_datapath:SCOPEMAPPER_DP|scopeScaler:SCALER|dividerSig_core:DVD|dividerSig_datapath:DDP|data_out_reg[37] ; clk          ; clk         ; 1.000        ; -0.089     ; 14.837     ;
; -13.928 ; ID00001011_aipScopeNoMPU:ID00001011|ID00001011_scopeNoMPU_core:SCOPENOMPU_CORE|ID00001011_scopeNoMPU_datapath:SCOPENOMPU_DP|ID00001012_scopeSignalMapper_core:MAPPERCORE|ID00001012_scopeSignalMapper_datapath:SCOPEMAPPER_DP|scopeScaler:SCALER|booth_core:B1|booth_datapath:BDP|data_out[31]                               ; ID00001011_aipScopeNoMPU:ID00001011|ID00001011_scopeNoMPU_core:SCOPENOMPU_CORE|ID00001011_scopeNoMPU_datapath:SCOPENOMPU_DP|ID00001012_scopeSignalMapper_core:MAPPERCORE|ID00001012_scopeSignalMapper_datapath:SCOPEMAPPER_DP|scopeScaler:SCALER|dividerSig_core:DVD|dividerSig_datapath:DDP|data_out_reg[38] ; clk          ; clk         ; 1.000        ; -0.089     ; 14.837     ;
; -13.905 ; ID00001011_aipScopeNoMPU:ID00001011|ID00001011_scopeNoMPU_core:SCOPENOMPU_CORE|ID00001011_scopeNoMPU_datapath:SCOPENOMPU_DP|ID00001012_scopeSignalMapper_core:MAPPERCORE|ID00001012_scopeSignalMapper_datapath:SCOPEMAPPER_DP|maxFound:MAXFD|data_out[0]                                                                     ; ID00001011_aipScopeNoMPU:ID00001011|ID00001011_scopeNoMPU_core:SCOPENOMPU_CORE|ID00001011_scopeNoMPU_datapath:SCOPENOMPU_DP|ID00001012_scopeSignalMapper_core:MAPPERCORE|ID00001012_scopeSignalMapper_datapath:SCOPEMAPPER_DP|scopeScaler:SCALER|dividerSig_core:DVD|dividerSig_datapath:DDP|data_out_reg[45] ; clk          ; clk         ; 1.000        ; -0.089     ; 14.814     ;
; -13.905 ; ID00001011_aipScopeNoMPU:ID00001011|ID00001011_scopeNoMPU_core:SCOPENOMPU_CORE|ID00001011_scopeNoMPU_datapath:SCOPENOMPU_DP|ID00001012_scopeSignalMapper_core:MAPPERCORE|ID00001012_scopeSignalMapper_datapath:SCOPEMAPPER_DP|maxFound:MAXFD|data_out[0]                                                                     ; ID00001011_aipScopeNoMPU:ID00001011|ID00001011_scopeNoMPU_core:SCOPENOMPU_CORE|ID00001011_scopeNoMPU_datapath:SCOPENOMPU_DP|ID00001012_scopeSignalMapper_core:MAPPERCORE|ID00001012_scopeSignalMapper_datapath:SCOPEMAPPER_DP|scopeScaler:SCALER|dividerSig_core:DVD|dividerSig_datapath:DDP|data_out_reg[37] ; clk          ; clk         ; 1.000        ; -0.089     ; 14.814     ;
; -13.905 ; ID00001011_aipScopeNoMPU:ID00001011|ID00001011_scopeNoMPU_core:SCOPENOMPU_CORE|ID00001011_scopeNoMPU_datapath:SCOPENOMPU_DP|ID00001012_scopeSignalMapper_core:MAPPERCORE|ID00001012_scopeSignalMapper_datapath:SCOPEMAPPER_DP|maxFound:MAXFD|data_out[0]                                                                     ; ID00001011_aipScopeNoMPU:ID00001011|ID00001011_scopeNoMPU_core:SCOPENOMPU_CORE|ID00001011_scopeNoMPU_datapath:SCOPENOMPU_DP|ID00001012_scopeSignalMapper_core:MAPPERCORE|ID00001012_scopeSignalMapper_datapath:SCOPEMAPPER_DP|scopeScaler:SCALER|dividerSig_core:DVD|dividerSig_datapath:DDP|data_out_reg[38] ; clk          ; clk         ; 1.000        ; -0.089     ; 14.814     ;
; -13.895 ; ID00001011_aipScopeNoMPU:ID00001011|ID00001011_scopeNoMPU_core:SCOPENOMPU_CORE|ID00001011_scopeNoMPU_datapath:SCOPENOMPU_DP|ID00001012_scopeSignalMapper_core:MAPPERCORE|ID00001012_scopeSignalMapper_datapath:SCOPEMAPPER_DP|scopeScaler:SCALER|booth_core:B1|booth_datapath:BDP|data_out[31]                               ; ID00001011_aipScopeNoMPU:ID00001011|ID00001011_scopeNoMPU_core:SCOPENOMPU_CORE|ID00001011_scopeNoMPU_datapath:SCOPENOMPU_DP|ID00001012_scopeSignalMapper_core:MAPPERCORE|ID00001012_scopeSignalMapper_datapath:SCOPEMAPPER_DP|scopeScaler:SCALER|dividerSig_core:DVD|dividerSig_datapath:DDP|data_out_reg[52] ; clk          ; clk         ; 1.000        ; -0.087     ; 14.806     ;
; -13.895 ; ID00001011_aipScopeNoMPU:ID00001011|ID00001011_scopeNoMPU_core:SCOPENOMPU_CORE|ID00001011_scopeNoMPU_datapath:SCOPENOMPU_DP|ID00001012_scopeSignalMapper_core:MAPPERCORE|ID00001012_scopeSignalMapper_datapath:SCOPEMAPPER_DP|scopeScaler:SCALER|booth_core:B1|booth_datapath:BDP|data_out[31]                               ; ID00001011_aipScopeNoMPU:ID00001011|ID00001011_scopeNoMPU_core:SCOPENOMPU_CORE|ID00001011_scopeNoMPU_datapath:SCOPENOMPU_DP|ID00001012_scopeSignalMapper_core:MAPPERCORE|ID00001012_scopeSignalMapper_datapath:SCOPEMAPPER_DP|scopeScaler:SCALER|dividerSig_core:DVD|dividerSig_datapath:DDP|data_out_reg[53] ; clk          ; clk         ; 1.000        ; -0.087     ; 14.806     ;
; -13.895 ; ID00001011_aipScopeNoMPU:ID00001011|ID00001011_scopeNoMPU_core:SCOPENOMPU_CORE|ID00001011_scopeNoMPU_datapath:SCOPENOMPU_DP|ID00001012_scopeSignalMapper_core:MAPPERCORE|ID00001012_scopeSignalMapper_datapath:SCOPEMAPPER_DP|scopeScaler:SCALER|booth_core:B1|booth_datapath:BDP|data_out[31]                               ; ID00001011_aipScopeNoMPU:ID00001011|ID00001011_scopeNoMPU_core:SCOPENOMPU_CORE|ID00001011_scopeNoMPU_datapath:SCOPENOMPU_DP|ID00001012_scopeSignalMapper_core:MAPPERCORE|ID00001012_scopeSignalMapper_datapath:SCOPEMAPPER_DP|scopeScaler:SCALER|dividerSig_core:DVD|dividerSig_datapath:DDP|data_out_reg[55] ; clk          ; clk         ; 1.000        ; -0.087     ; 14.806     ;
; -13.895 ; ID00001011_aipScopeNoMPU:ID00001011|ID00001011_scopeNoMPU_core:SCOPENOMPU_CORE|ID00001011_scopeNoMPU_datapath:SCOPENOMPU_DP|ID00001012_scopeSignalMapper_core:MAPPERCORE|ID00001012_scopeSignalMapper_datapath:SCOPEMAPPER_DP|scopeScaler:SCALER|booth_core:B1|booth_datapath:BDP|data_out[31]                               ; ID00001011_aipScopeNoMPU:ID00001011|ID00001011_scopeNoMPU_core:SCOPENOMPU_CORE|ID00001011_scopeNoMPU_datapath:SCOPENOMPU_DP|ID00001012_scopeSignalMapper_core:MAPPERCORE|ID00001012_scopeSignalMapper_datapath:SCOPEMAPPER_DP|scopeScaler:SCALER|dividerSig_core:DVD|dividerSig_datapath:DDP|data_out_reg[57] ; clk          ; clk         ; 1.000        ; -0.087     ; 14.806     ;
; -13.895 ; ID00001011_aipScopeNoMPU:ID00001011|ID00001011_scopeNoMPU_core:SCOPENOMPU_CORE|ID00001011_scopeNoMPU_datapath:SCOPENOMPU_DP|ID00001012_scopeSignalMapper_core:MAPPERCORE|ID00001012_scopeSignalMapper_datapath:SCOPEMAPPER_DP|scopeScaler:SCALER|booth_core:B1|booth_datapath:BDP|data_out[31]                               ; ID00001011_aipScopeNoMPU:ID00001011|ID00001011_scopeNoMPU_core:SCOPENOMPU_CORE|ID00001011_scopeNoMPU_datapath:SCOPENOMPU_DP|ID00001012_scopeSignalMapper_core:MAPPERCORE|ID00001012_scopeSignalMapper_datapath:SCOPEMAPPER_DP|scopeScaler:SCALER|dividerSig_core:DVD|dividerSig_datapath:DDP|data_out_reg[58] ; clk          ; clk         ; 1.000        ; -0.087     ; 14.806     ;
; -13.895 ; ID00001011_aipScopeNoMPU:ID00001011|ID00001011_scopeNoMPU_core:SCOPENOMPU_CORE|ID00001011_scopeNoMPU_datapath:SCOPENOMPU_DP|ID00001012_scopeSignalMapper_core:MAPPERCORE|ID00001012_scopeSignalMapper_datapath:SCOPEMAPPER_DP|scopeScaler:SCALER|booth_core:B1|booth_datapath:BDP|data_out[31]                               ; ID00001011_aipScopeNoMPU:ID00001011|ID00001011_scopeNoMPU_core:SCOPENOMPU_CORE|ID00001011_scopeNoMPU_datapath:SCOPENOMPU_DP|ID00001012_scopeSignalMapper_core:MAPPERCORE|ID00001012_scopeSignalMapper_datapath:SCOPEMAPPER_DP|scopeScaler:SCALER|dividerSig_core:DVD|dividerSig_datapath:DDP|data_out_reg[59] ; clk          ; clk         ; 1.000        ; -0.087     ; 14.806     ;
; -13.895 ; ID00001011_aipScopeNoMPU:ID00001011|ID00001011_scopeNoMPU_core:SCOPENOMPU_CORE|ID00001011_scopeNoMPU_datapath:SCOPENOMPU_DP|ID00001012_scopeSignalMapper_core:MAPPERCORE|ID00001012_scopeSignalMapper_datapath:SCOPEMAPPER_DP|scopeScaler:SCALER|booth_core:B1|booth_datapath:BDP|data_out[31]                               ; ID00001011_aipScopeNoMPU:ID00001011|ID00001011_scopeNoMPU_core:SCOPENOMPU_CORE|ID00001011_scopeNoMPU_datapath:SCOPENOMPU_DP|ID00001012_scopeSignalMapper_core:MAPPERCORE|ID00001012_scopeSignalMapper_datapath:SCOPEMAPPER_DP|scopeScaler:SCALER|dividerSig_core:DVD|dividerSig_datapath:DDP|data_out_reg[60] ; clk          ; clk         ; 1.000        ; -0.087     ; 14.806     ;
; -13.895 ; ID00001011_aipScopeNoMPU:ID00001011|ID00001011_scopeNoMPU_core:SCOPENOMPU_CORE|ID00001011_scopeNoMPU_datapath:SCOPENOMPU_DP|ID00001012_scopeSignalMapper_core:MAPPERCORE|ID00001012_scopeSignalMapper_datapath:SCOPEMAPPER_DP|scopeScaler:SCALER|booth_core:B1|booth_datapath:BDP|data_out[31]                               ; ID00001011_aipScopeNoMPU:ID00001011|ID00001011_scopeNoMPU_core:SCOPENOMPU_CORE|ID00001011_scopeNoMPU_datapath:SCOPENOMPU_DP|ID00001012_scopeSignalMapper_core:MAPPERCORE|ID00001012_scopeSignalMapper_datapath:SCOPEMAPPER_DP|scopeScaler:SCALER|dividerSig_core:DVD|dividerSig_datapath:DDP|data_out_reg[61] ; clk          ; clk         ; 1.000        ; -0.087     ; 14.806     ;
; -13.872 ; ID00001011_aipScopeNoMPU:ID00001011|ID00001011_scopeNoMPU_core:SCOPENOMPU_CORE|ID00001011_scopeNoMPU_datapath:SCOPENOMPU_DP|ID00001012_scopeSignalMapper_core:MAPPERCORE|ID00001012_scopeSignalMapper_datapath:SCOPEMAPPER_DP|maxFound:MAXFD|data_out[0]                                                                     ; ID00001011_aipScopeNoMPU:ID00001011|ID00001011_scopeNoMPU_core:SCOPENOMPU_CORE|ID00001011_scopeNoMPU_datapath:SCOPENOMPU_DP|ID00001012_scopeSignalMapper_core:MAPPERCORE|ID00001012_scopeSignalMapper_datapath:SCOPEMAPPER_DP|scopeScaler:SCALER|dividerSig_core:DVD|dividerSig_datapath:DDP|data_out_reg[52] ; clk          ; clk         ; 1.000        ; -0.087     ; 14.783     ;
; -13.872 ; ID00001011_aipScopeNoMPU:ID00001011|ID00001011_scopeNoMPU_core:SCOPENOMPU_CORE|ID00001011_scopeNoMPU_datapath:SCOPENOMPU_DP|ID00001012_scopeSignalMapper_core:MAPPERCORE|ID00001012_scopeSignalMapper_datapath:SCOPEMAPPER_DP|maxFound:MAXFD|data_out[0]                                                                     ; ID00001011_aipScopeNoMPU:ID00001011|ID00001011_scopeNoMPU_core:SCOPENOMPU_CORE|ID00001011_scopeNoMPU_datapath:SCOPENOMPU_DP|ID00001012_scopeSignalMapper_core:MAPPERCORE|ID00001012_scopeSignalMapper_datapath:SCOPEMAPPER_DP|scopeScaler:SCALER|dividerSig_core:DVD|dividerSig_datapath:DDP|data_out_reg[53] ; clk          ; clk         ; 1.000        ; -0.087     ; 14.783     ;
; -13.872 ; ID00001011_aipScopeNoMPU:ID00001011|ID00001011_scopeNoMPU_core:SCOPENOMPU_CORE|ID00001011_scopeNoMPU_datapath:SCOPENOMPU_DP|ID00001012_scopeSignalMapper_core:MAPPERCORE|ID00001012_scopeSignalMapper_datapath:SCOPEMAPPER_DP|maxFound:MAXFD|data_out[0]                                                                     ; ID00001011_aipScopeNoMPU:ID00001011|ID00001011_scopeNoMPU_core:SCOPENOMPU_CORE|ID00001011_scopeNoMPU_datapath:SCOPENOMPU_DP|ID00001012_scopeSignalMapper_core:MAPPERCORE|ID00001012_scopeSignalMapper_datapath:SCOPEMAPPER_DP|scopeScaler:SCALER|dividerSig_core:DVD|dividerSig_datapath:DDP|data_out_reg[55] ; clk          ; clk         ; 1.000        ; -0.087     ; 14.783     ;
; -13.872 ; ID00001011_aipScopeNoMPU:ID00001011|ID00001011_scopeNoMPU_core:SCOPENOMPU_CORE|ID00001011_scopeNoMPU_datapath:SCOPENOMPU_DP|ID00001012_scopeSignalMapper_core:MAPPERCORE|ID00001012_scopeSignalMapper_datapath:SCOPEMAPPER_DP|maxFound:MAXFD|data_out[0]                                                                     ; ID00001011_aipScopeNoMPU:ID00001011|ID00001011_scopeNoMPU_core:SCOPENOMPU_CORE|ID00001011_scopeNoMPU_datapath:SCOPENOMPU_DP|ID00001012_scopeSignalMapper_core:MAPPERCORE|ID00001012_scopeSignalMapper_datapath:SCOPEMAPPER_DP|scopeScaler:SCALER|dividerSig_core:DVD|dividerSig_datapath:DDP|data_out_reg[57] ; clk          ; clk         ; 1.000        ; -0.087     ; 14.783     ;
; -13.872 ; ID00001011_aipScopeNoMPU:ID00001011|ID00001011_scopeNoMPU_core:SCOPENOMPU_CORE|ID00001011_scopeNoMPU_datapath:SCOPENOMPU_DP|ID00001012_scopeSignalMapper_core:MAPPERCORE|ID00001012_scopeSignalMapper_datapath:SCOPEMAPPER_DP|maxFound:MAXFD|data_out[0]                                                                     ; ID00001011_aipScopeNoMPU:ID00001011|ID00001011_scopeNoMPU_core:SCOPENOMPU_CORE|ID00001011_scopeNoMPU_datapath:SCOPENOMPU_DP|ID00001012_scopeSignalMapper_core:MAPPERCORE|ID00001012_scopeSignalMapper_datapath:SCOPEMAPPER_DP|scopeScaler:SCALER|dividerSig_core:DVD|dividerSig_datapath:DDP|data_out_reg[58] ; clk          ; clk         ; 1.000        ; -0.087     ; 14.783     ;
; -13.872 ; ID00001011_aipScopeNoMPU:ID00001011|ID00001011_scopeNoMPU_core:SCOPENOMPU_CORE|ID00001011_scopeNoMPU_datapath:SCOPENOMPU_DP|ID00001012_scopeSignalMapper_core:MAPPERCORE|ID00001012_scopeSignalMapper_datapath:SCOPEMAPPER_DP|maxFound:MAXFD|data_out[0]                                                                     ; ID00001011_aipScopeNoMPU:ID00001011|ID00001011_scopeNoMPU_core:SCOPENOMPU_CORE|ID00001011_scopeNoMPU_datapath:SCOPENOMPU_DP|ID00001012_scopeSignalMapper_core:MAPPERCORE|ID00001012_scopeSignalMapper_datapath:SCOPEMAPPER_DP|scopeScaler:SCALER|dividerSig_core:DVD|dividerSig_datapath:DDP|data_out_reg[59] ; clk          ; clk         ; 1.000        ; -0.087     ; 14.783     ;
; -13.872 ; ID00001011_aipScopeNoMPU:ID00001011|ID00001011_scopeNoMPU_core:SCOPENOMPU_CORE|ID00001011_scopeNoMPU_datapath:SCOPENOMPU_DP|ID00001012_scopeSignalMapper_core:MAPPERCORE|ID00001012_scopeSignalMapper_datapath:SCOPEMAPPER_DP|maxFound:MAXFD|data_out[0]                                                                     ; ID00001011_aipScopeNoMPU:ID00001011|ID00001011_scopeNoMPU_core:SCOPENOMPU_CORE|ID00001011_scopeNoMPU_datapath:SCOPENOMPU_DP|ID00001012_scopeSignalMapper_core:MAPPERCORE|ID00001012_scopeSignalMapper_datapath:SCOPEMAPPER_DP|scopeScaler:SCALER|dividerSig_core:DVD|dividerSig_datapath:DDP|data_out_reg[60] ; clk          ; clk         ; 1.000        ; -0.087     ; 14.783     ;
; -13.872 ; ID00001011_aipScopeNoMPU:ID00001011|ID00001011_scopeNoMPU_core:SCOPENOMPU_CORE|ID00001011_scopeNoMPU_datapath:SCOPENOMPU_DP|ID00001012_scopeSignalMapper_core:MAPPERCORE|ID00001012_scopeSignalMapper_datapath:SCOPEMAPPER_DP|maxFound:MAXFD|data_out[0]                                                                     ; ID00001011_aipScopeNoMPU:ID00001011|ID00001011_scopeNoMPU_core:SCOPENOMPU_CORE|ID00001011_scopeNoMPU_datapath:SCOPENOMPU_DP|ID00001012_scopeSignalMapper_core:MAPPERCORE|ID00001012_scopeSignalMapper_datapath:SCOPEMAPPER_DP|scopeScaler:SCALER|dividerSig_core:DVD|dividerSig_datapath:DDP|data_out_reg[61] ; clk          ; clk         ; 1.000        ; -0.087     ; 14.783     ;
; -13.868 ; ID00001011_aipScopeNoMPU:ID00001011|ID00001011_scopeNoMPU_core:SCOPENOMPU_CORE|ID00001011_scopeNoMPU_datapath:SCOPENOMPU_DP|altsyncram:dataColl_rtl_0|altsyncram_vvg1:auto_generated|ram_block1a0~portb_address_reg0                                                                                                         ; ID00001011_aipScopeNoMPU:ID00001011|ID00001011_scopeNoMPU_core:SCOPENOMPU_CORE|ID00001011_scopeNoMPU_datapath:SCOPENOMPU_DP|ID0000100C_modCuad_core:MODCUAD_CORE|ID0000100C_modCuad_datapath:modCuad_DP|ID0000100C_modCuad_power2:PW2_REAL|booth_core:DUT|booth_datapath:BDP|data_out[29]                     ; clk          ; clk         ; 1.000        ; 0.006      ; 14.872     ;
; -13.838 ; ID00001011_aipScopeNoMPU:ID00001011|ID00001011_scopeNoMPU_core:SCOPENOMPU_CORE|ID00001011_scopeNoMPU_datapath:SCOPENOMPU_DP|ID00001012_scopeSignalMapper_core:MAPPERCORE|ID00001012_scopeSignalMapper_datapath:SCOPEMAPPER_DP|scopeScaler:SCALER|booth_core:B1|booth_datapath:BDP|data_out[31]                               ; ID00001011_aipScopeNoMPU:ID00001011|ID00001011_scopeNoMPU_core:SCOPENOMPU_CORE|ID00001011_scopeNoMPU_datapath:SCOPENOMPU_DP|ID00001012_scopeSignalMapper_core:MAPPERCORE|ID00001012_scopeSignalMapper_datapath:SCOPEMAPPER_DP|scopeScaler:SCALER|dividerSig_core:DVD|dividerSig_datapath:DDP|data_out_reg[48] ; clk          ; clk         ; 1.000        ; -0.146     ; 14.690     ;
; -13.838 ; ID00001011_aipScopeNoMPU:ID00001011|ID00001011_scopeNoMPU_core:SCOPENOMPU_CORE|ID00001011_scopeNoMPU_datapath:SCOPENOMPU_DP|ID00001012_scopeSignalMapper_core:MAPPERCORE|ID00001012_scopeSignalMapper_datapath:SCOPEMAPPER_DP|scopeScaler:SCALER|booth_core:B1|booth_datapath:BDP|data_out[31]                               ; ID00001011_aipScopeNoMPU:ID00001011|ID00001011_scopeNoMPU_core:SCOPENOMPU_CORE|ID00001011_scopeNoMPU_datapath:SCOPENOMPU_DP|ID00001012_scopeSignalMapper_core:MAPPERCORE|ID00001012_scopeSignalMapper_datapath:SCOPEMAPPER_DP|scopeScaler:SCALER|dividerSig_core:DVD|dividerSig_datapath:DDP|data_out_reg[46] ; clk          ; clk         ; 1.000        ; -0.146     ; 14.690     ;
; -13.838 ; ID00001011_aipScopeNoMPU:ID00001011|ID00001011_scopeNoMPU_core:SCOPENOMPU_CORE|ID00001011_scopeNoMPU_datapath:SCOPENOMPU_DP|ID00001012_scopeSignalMapper_core:MAPPERCORE|ID00001012_scopeSignalMapper_datapath:SCOPEMAPPER_DP|scopeScaler:SCALER|booth_core:B1|booth_datapath:BDP|data_out[31]                               ; ID00001011_aipScopeNoMPU:ID00001011|ID00001011_scopeNoMPU_core:SCOPENOMPU_CORE|ID00001011_scopeNoMPU_datapath:SCOPENOMPU_DP|ID00001012_scopeSignalMapper_core:MAPPERCORE|ID00001012_scopeSignalMapper_datapath:SCOPEMAPPER_DP|scopeScaler:SCALER|dividerSig_core:DVD|dividerSig_datapath:DDP|data_out_reg[44] ; clk          ; clk         ; 1.000        ; -0.146     ; 14.690     ;
; -13.829 ; ID00001011_aipScopeNoMPU:ID00001011|ID00001011_scopeNoMPU_core:SCOPENOMPU_CORE|ID00001011_scopeNoMPU_datapath:SCOPENOMPU_DP|altsyncram:dataFFTSaved_rtl_0|altsyncram_vvg1:auto_generated|ram_block1a0~portb_address_reg0                                                                                                     ; ID00001011_aipScopeNoMPU:ID00001011|ID00001011_scopeNoMPU_core:SCOPENOMPU_CORE|ID00001011_scopeNoMPU_datapath:SCOPENOMPU_DP|ID0000100C_modCuad_core:MODCUAD_CORE|ID0000100C_modCuad_datapath:modCuad_DP|ID0000100C_modCuad_power2:PW2_REAL|booth_core:DUT|booth_datapath:BDP|data_out[29]                     ; clk          ; clk         ; 1.000        ; 0.003      ; 14.830     ;
; -13.815 ; ID00001011_aipScopeNoMPU:ID00001011|ID00001011_scopeNoMPU_core:SCOPENOMPU_CORE|ID00001011_scopeNoMPU_datapath:SCOPENOMPU_DP|ID00001012_scopeSignalMapper_core:MAPPERCORE|ID00001012_scopeSignalMapper_datapath:SCOPEMAPPER_DP|maxFound:MAXFD|data_out[0]                                                                     ; ID00001011_aipScopeNoMPU:ID00001011|ID00001011_scopeNoMPU_core:SCOPENOMPU_CORE|ID00001011_scopeNoMPU_datapath:SCOPENOMPU_DP|ID00001012_scopeSignalMapper_core:MAPPERCORE|ID00001012_scopeSignalMapper_datapath:SCOPEMAPPER_DP|scopeScaler:SCALER|dividerSig_core:DVD|dividerSig_datapath:DDP|data_out_reg[48] ; clk          ; clk         ; 1.000        ; -0.146     ; 14.667     ;
; -13.815 ; ID00001011_aipScopeNoMPU:ID00001011|ID00001011_scopeNoMPU_core:SCOPENOMPU_CORE|ID00001011_scopeNoMPU_datapath:SCOPENOMPU_DP|ID00001012_scopeSignalMapper_core:MAPPERCORE|ID00001012_scopeSignalMapper_datapath:SCOPEMAPPER_DP|maxFound:MAXFD|data_out[0]                                                                     ; ID00001011_aipScopeNoMPU:ID00001011|ID00001011_scopeNoMPU_core:SCOPENOMPU_CORE|ID00001011_scopeNoMPU_datapath:SCOPENOMPU_DP|ID00001012_scopeSignalMapper_core:MAPPERCORE|ID00001012_scopeSignalMapper_datapath:SCOPEMAPPER_DP|scopeScaler:SCALER|dividerSig_core:DVD|dividerSig_datapath:DDP|data_out_reg[46] ; clk          ; clk         ; 1.000        ; -0.146     ; 14.667     ;
; -13.815 ; ID00001011_aipScopeNoMPU:ID00001011|ID00001011_scopeNoMPU_core:SCOPENOMPU_CORE|ID00001011_scopeNoMPU_datapath:SCOPENOMPU_DP|ID00001012_scopeSignalMapper_core:MAPPERCORE|ID00001012_scopeSignalMapper_datapath:SCOPEMAPPER_DP|maxFound:MAXFD|data_out[0]                                                                     ; ID00001011_aipScopeNoMPU:ID00001011|ID00001011_scopeNoMPU_core:SCOPENOMPU_CORE|ID00001011_scopeNoMPU_datapath:SCOPENOMPU_DP|ID00001012_scopeSignalMapper_core:MAPPERCORE|ID00001012_scopeSignalMapper_datapath:SCOPEMAPPER_DP|scopeScaler:SCALER|dividerSig_core:DVD|dividerSig_datapath:DDP|data_out_reg[44] ; clk          ; clk         ; 1.000        ; -0.146     ; 14.667     ;
; -13.748 ; ID00001011_aipScopeNoMPU:ID00001011|ID00001011_scopeNoMPU_core:SCOPENOMPU_CORE|ID00001011_scopeNoMPU_datapath:SCOPENOMPU_DP|true_dual_port_ram_single_clock:RAM1|altsyncram:ram_rtl_0|altsyncram_k6r1:auto_generated|ram_block1a1~portb_we_reg                                                                               ; ID00001011_aipScopeNoMPU:ID00001011|ID00001011_scopeNoMPU_core:SCOPENOMPU_CORE|ID00001011_scopeNoMPU_datapath:SCOPENOMPU_DP|true_dual_port_ram_single_clock:RAM1|altsyncram:ram_rtl_0|altsyncram_k6r1:auto_generated|ram_block1a0~portb_datain_reg0                                                           ; clk          ; clk         ; 1.000        ; -0.060     ; 14.726     ;
; -13.744 ; ID00001011_aipScopeNoMPU:ID00001011|ID00001011_scopeNoMPU_core:SCOPENOMPU_CORE|ID00001011_scopeNoMPU_datapath:SCOPENOMPU_DP|altsyncram:dataColl_rtl_0|altsyncram_vvg1:auto_generated|ram_block1a0~portb_address_reg0                                                                                                         ; ID00001011_aipScopeNoMPU:ID00001011|ID00001011_scopeNoMPU_core:SCOPENOMPU_CORE|ID00001011_scopeNoMPU_datapath:SCOPENOMPU_DP|ID0000100C_modCuad_core:MODCUAD_CORE|ID0000100C_modCuad_datapath:modCuad_DP|ID0000100C_modCuad_power2:PW2_REAL|booth_core:DUT|booth_datapath:BDP|data_out[27]                     ; clk          ; clk         ; 1.000        ; 0.006      ; 14.748     ;
; -13.737 ; ID00001011_aipScopeNoMPU:ID00001011|ID00001011_scopeNoMPU_core:SCOPENOMPU_CORE|ID00001011_scopeNoMPU_datapath:SCOPENOMPU_DP|true_dual_port_ram_single_clock:RAM1|altsyncram:ram_rtl_0|altsyncram_k6r1:auto_generated|ram_block1a0~portb_we_reg                                                                               ; ID00001011_aipScopeNoMPU:ID00001011|ID00001011_scopeNoMPU_core:SCOPENOMPU_CORE|ID00001011_scopeNoMPU_datapath:SCOPENOMPU_DP|true_dual_port_ram_single_clock:RAM1|altsyncram:ram_rtl_0|altsyncram_k6r1:auto_generated|ram_block1a0~portb_datain_reg0                                                           ; clk          ; clk         ; 1.000        ; -0.032     ; 14.743     ;
; -13.681 ; ID00001011_aipScopeNoMPU:ID00001011|ID00001011_scopeNoMPU_core:SCOPENOMPU_CORE|ID00001011_scopeNoMPU_datapath:SCOPENOMPU_DP|altsyncram:dataFFTSaved_rtl_0|altsyncram_vvg1:auto_generated|ram_block1a0~portb_address_reg0                                                                                                     ; ID00001011_aipScopeNoMPU:ID00001011|ID00001011_scopeNoMPU_core:SCOPENOMPU_CORE|ID00001011_scopeNoMPU_datapath:SCOPENOMPU_DP|ID0000100C_modCuad_core:MODCUAD_CORE|ID0000100C_modCuad_datapath:modCuad_DP|ID0000100C_modCuad_power2:PW2_REAL|booth_core:DUT|booth_datapath:BDP|data_out[27]                     ; clk          ; clk         ; 1.000        ; 0.003      ; 14.682     ;
; -13.653 ; ID00001011_aipScopeNoMPU:ID00001011|ID00001011_scopeNoMPU_core:SCOPENOMPU_CORE|ID00001011_scopeNoMPU_datapath:SCOPENOMPU_DP|ID00001012_scopeSignalMapper_core:MAPPERCORE|ID00001012_scopeSignalMapper_datapath:SCOPEMAPPER_DP|scopeScaler:SCALER|booth_core:B1|booth_datapath:BDP|data_out[31]                               ; ID00001011_aipScopeNoMPU:ID00001011|ID00001011_scopeNoMPU_core:SCOPENOMPU_CORE|ID00001011_scopeNoMPU_datapath:SCOPENOMPU_DP|ID00001012_scopeSignalMapper_core:MAPPERCORE|ID00001012_scopeSignalMapper_datapath:SCOPEMAPPER_DP|scopeScaler:SCALER|dividerSig_core:DVD|dividerSig_datapath:DDP|data_out_reg[47] ; clk          ; clk         ; 1.000        ; -0.152     ; 14.499     ;
; -13.653 ; ID00001011_aipScopeNoMPU:ID00001011|ID00001011_scopeNoMPU_core:SCOPENOMPU_CORE|ID00001011_scopeNoMPU_datapath:SCOPENOMPU_DP|ID00001012_scopeSignalMapper_core:MAPPERCORE|ID00001012_scopeSignalMapper_datapath:SCOPEMAPPER_DP|scopeScaler:SCALER|booth_core:B1|booth_datapath:BDP|data_out[31]                               ; ID00001011_aipScopeNoMPU:ID00001011|ID00001011_scopeNoMPU_core:SCOPENOMPU_CORE|ID00001011_scopeNoMPU_datapath:SCOPENOMPU_DP|ID00001012_scopeSignalMapper_core:MAPPERCORE|ID00001012_scopeSignalMapper_datapath:SCOPEMAPPER_DP|scopeScaler:SCALER|dividerSig_core:DVD|dividerSig_datapath:DDP|data_out_reg[41] ; clk          ; clk         ; 1.000        ; -0.152     ; 14.499     ;
; -13.653 ; ID00001011_aipScopeNoMPU:ID00001011|ID00001011_scopeNoMPU_core:SCOPENOMPU_CORE|ID00001011_scopeNoMPU_datapath:SCOPENOMPU_DP|ID00001012_scopeSignalMapper_core:MAPPERCORE|ID00001012_scopeSignalMapper_datapath:SCOPEMAPPER_DP|scopeScaler:SCALER|booth_core:B1|booth_datapath:BDP|data_out[31]                               ; ID00001011_aipScopeNoMPU:ID00001011|ID00001011_scopeNoMPU_core:SCOPENOMPU_CORE|ID00001011_scopeNoMPU_datapath:SCOPENOMPU_DP|ID00001012_scopeSignalMapper_core:MAPPERCORE|ID00001012_scopeSignalMapper_datapath:SCOPEMAPPER_DP|scopeScaler:SCALER|dividerSig_core:DVD|dividerSig_datapath:DDP|data_out_reg[39] ; clk          ; clk         ; 1.000        ; -0.152     ; 14.499     ;
; -13.653 ; ID00001011_aipScopeNoMPU:ID00001011|ID00001011_scopeNoMPU_core:SCOPENOMPU_CORE|ID00001011_scopeNoMPU_datapath:SCOPENOMPU_DP|ID00001012_scopeSignalMapper_core:MAPPERCORE|ID00001012_scopeSignalMapper_datapath:SCOPEMAPPER_DP|scopeScaler:SCALER|booth_core:B1|booth_datapath:BDP|data_out[31]                               ; ID00001011_aipScopeNoMPU:ID00001011|ID00001011_scopeNoMPU_core:SCOPENOMPU_CORE|ID00001011_scopeNoMPU_datapath:SCOPENOMPU_DP|ID00001012_scopeSignalMapper_core:MAPPERCORE|ID00001012_scopeSignalMapper_datapath:SCOPEMAPPER_DP|scopeScaler:SCALER|dividerSig_core:DVD|dividerSig_datapath:DDP|data_out_reg[35] ; clk          ; clk         ; 1.000        ; -0.152     ; 14.499     ;
; -13.653 ; ID00001011_aipScopeNoMPU:ID00001011|ID00001011_scopeNoMPU_core:SCOPENOMPU_CORE|ID00001011_scopeNoMPU_datapath:SCOPENOMPU_DP|ID00001012_scopeSignalMapper_core:MAPPERCORE|ID00001012_scopeSignalMapper_datapath:SCOPEMAPPER_DP|scopeScaler:SCALER|booth_core:B1|booth_datapath:BDP|data_out[31]                               ; ID00001011_aipScopeNoMPU:ID00001011|ID00001011_scopeNoMPU_core:SCOPENOMPU_CORE|ID00001011_scopeNoMPU_datapath:SCOPENOMPU_DP|ID00001012_scopeSignalMapper_core:MAPPERCORE|ID00001012_scopeSignalMapper_datapath:SCOPEMAPPER_DP|scopeScaler:SCALER|dividerSig_core:DVD|dividerSig_datapath:DDP|data_out_reg[33] ; clk          ; clk         ; 1.000        ; -0.152     ; 14.499     ;
; -13.653 ; ID00001011_aipScopeNoMPU:ID00001011|ID00001011_scopeNoMPU_core:SCOPENOMPU_CORE|ID00001011_scopeNoMPU_datapath:SCOPENOMPU_DP|ID00001012_scopeSignalMapper_core:MAPPERCORE|ID00001012_scopeSignalMapper_datapath:SCOPEMAPPER_DP|scopeScaler:SCALER|booth_core:B1|booth_datapath:BDP|data_out[31]                               ; ID00001011_aipScopeNoMPU:ID00001011|ID00001011_scopeNoMPU_core:SCOPENOMPU_CORE|ID00001011_scopeNoMPU_datapath:SCOPENOMPU_DP|ID00001012_scopeSignalMapper_core:MAPPERCORE|ID00001012_scopeSignalMapper_datapath:SCOPEMAPPER_DP|scopeScaler:SCALER|dividerSig_core:DVD|dividerSig_datapath:DDP|data_out_reg[34] ; clk          ; clk         ; 1.000        ; -0.152     ; 14.499     ;
; -13.653 ; ID00001011_aipScopeNoMPU:ID00001011|ID00001011_scopeNoMPU_core:SCOPENOMPU_CORE|ID00001011_scopeNoMPU_datapath:SCOPENOMPU_DP|ID00001012_scopeSignalMapper_core:MAPPERCORE|ID00001012_scopeSignalMapper_datapath:SCOPEMAPPER_DP|scopeScaler:SCALER|booth_core:B1|booth_datapath:BDP|data_out[31]                               ; ID00001011_aipScopeNoMPU:ID00001011|ID00001011_scopeNoMPU_core:SCOPENOMPU_CORE|ID00001011_scopeNoMPU_datapath:SCOPENOMPU_DP|ID00001012_scopeSignalMapper_core:MAPPERCORE|ID00001012_scopeSignalMapper_datapath:SCOPEMAPPER_DP|scopeScaler:SCALER|dividerSig_core:DVD|dividerSig_datapath:DDP|data_out_reg[32] ; clk          ; clk         ; 1.000        ; -0.152     ; 14.499     ;
; -13.647 ; ID00001011_aipScopeNoMPU:ID00001011|ID00001011_scopeNoMPU_core:SCOPENOMPU_CORE|ID00001011_scopeNoMPU_datapath:SCOPENOMPU_DP|altsyncram:dataColl_rtl_0|altsyncram_vvg1:auto_generated|ram_block1a0~portb_address_reg0                                                                                                         ; ID00001011_aipScopeNoMPU:ID00001011|ID00001011_scopeNoMPU_core:SCOPENOMPU_CORE|ID00001011_scopeNoMPU_datapath:SCOPENOMPU_DP|ID0000100C_modCuad_core:MODCUAD_CORE|ID0000100C_modCuad_datapath:modCuad_DP|ID0000100C_modCuad_power2:PW2_REAL|booth_core:DUT|booth_datapath:BDP|data_out[28]                     ; clk          ; clk         ; 1.000        ; 0.006      ; 14.651     ;
; -13.631 ; ID00001011_aipScopeNoMPU:ID00001011|ID00001011_scopeNoMPU_core:SCOPENOMPU_CORE|ID00001011_scopeNoMPU_datapath:SCOPENOMPU_DP|ID00001012_scopeSignalMapper_core:MAPPERCORE|ID00001012_scopeSignalMapper_datapath:SCOPEMAPPER_DP|scopeScaler:SCALER|booth_core:B1|booth_datapath:BDP|data_out[31]                               ; ID00001011_aipScopeNoMPU:ID00001011|ID00001011_scopeNoMPU_core:SCOPENOMPU_CORE|ID00001011_scopeNoMPU_datapath:SCOPENOMPU_DP|ID00001012_scopeSignalMapper_core:MAPPERCORE|ID00001012_scopeSignalMapper_datapath:SCOPEMAPPER_DP|scopeScaler:SCALER|dividerSig_core:DVD|dividerSig_datapath:DDP|data_out_reg[49] ; clk          ; clk         ; 1.000        ; -0.150     ; 14.479     ;
; -13.630 ; ID00001011_aipScopeNoMPU:ID00001011|ID00001011_scopeNoMPU_core:SCOPENOMPU_CORE|ID00001011_scopeNoMPU_datapath:SCOPENOMPU_DP|ID00001012_scopeSignalMapper_core:MAPPERCORE|ID00001012_scopeSignalMapper_datapath:SCOPEMAPPER_DP|maxFound:MAXFD|data_out[0]                                                                     ; ID00001011_aipScopeNoMPU:ID00001011|ID00001011_scopeNoMPU_core:SCOPENOMPU_CORE|ID00001011_scopeNoMPU_datapath:SCOPENOMPU_DP|ID00001012_scopeSignalMapper_core:MAPPERCORE|ID00001012_scopeSignalMapper_datapath:SCOPEMAPPER_DP|scopeScaler:SCALER|dividerSig_core:DVD|dividerSig_datapath:DDP|data_out_reg[47] ; clk          ; clk         ; 1.000        ; -0.152     ; 14.476     ;
; -13.630 ; ID00001011_aipScopeNoMPU:ID00001011|ID00001011_scopeNoMPU_core:SCOPENOMPU_CORE|ID00001011_scopeNoMPU_datapath:SCOPENOMPU_DP|ID00001012_scopeSignalMapper_core:MAPPERCORE|ID00001012_scopeSignalMapper_datapath:SCOPEMAPPER_DP|maxFound:MAXFD|data_out[0]                                                                     ; ID00001011_aipScopeNoMPU:ID00001011|ID00001011_scopeNoMPU_core:SCOPENOMPU_CORE|ID00001011_scopeNoMPU_datapath:SCOPENOMPU_DP|ID00001012_scopeSignalMapper_core:MAPPERCORE|ID00001012_scopeSignalMapper_datapath:SCOPEMAPPER_DP|scopeScaler:SCALER|dividerSig_core:DVD|dividerSig_datapath:DDP|data_out_reg[41] ; clk          ; clk         ; 1.000        ; -0.152     ; 14.476     ;
; -13.630 ; ID00001011_aipScopeNoMPU:ID00001011|ID00001011_scopeNoMPU_core:SCOPENOMPU_CORE|ID00001011_scopeNoMPU_datapath:SCOPENOMPU_DP|ID00001012_scopeSignalMapper_core:MAPPERCORE|ID00001012_scopeSignalMapper_datapath:SCOPEMAPPER_DP|maxFound:MAXFD|data_out[0]                                                                     ; ID00001011_aipScopeNoMPU:ID00001011|ID00001011_scopeNoMPU_core:SCOPENOMPU_CORE|ID00001011_scopeNoMPU_datapath:SCOPENOMPU_DP|ID00001012_scopeSignalMapper_core:MAPPERCORE|ID00001012_scopeSignalMapper_datapath:SCOPEMAPPER_DP|scopeScaler:SCALER|dividerSig_core:DVD|dividerSig_datapath:DDP|data_out_reg[39] ; clk          ; clk         ; 1.000        ; -0.152     ; 14.476     ;
; -13.630 ; ID00001011_aipScopeNoMPU:ID00001011|ID00001011_scopeNoMPU_core:SCOPENOMPU_CORE|ID00001011_scopeNoMPU_datapath:SCOPENOMPU_DP|ID00001012_scopeSignalMapper_core:MAPPERCORE|ID00001012_scopeSignalMapper_datapath:SCOPEMAPPER_DP|maxFound:MAXFD|data_out[0]                                                                     ; ID00001011_aipScopeNoMPU:ID00001011|ID00001011_scopeNoMPU_core:SCOPENOMPU_CORE|ID00001011_scopeNoMPU_datapath:SCOPENOMPU_DP|ID00001012_scopeSignalMapper_core:MAPPERCORE|ID00001012_scopeSignalMapper_datapath:SCOPEMAPPER_DP|scopeScaler:SCALER|dividerSig_core:DVD|dividerSig_datapath:DDP|data_out_reg[35] ; clk          ; clk         ; 1.000        ; -0.152     ; 14.476     ;
; -13.630 ; ID00001011_aipScopeNoMPU:ID00001011|ID00001011_scopeNoMPU_core:SCOPENOMPU_CORE|ID00001011_scopeNoMPU_datapath:SCOPENOMPU_DP|ID00001012_scopeSignalMapper_core:MAPPERCORE|ID00001012_scopeSignalMapper_datapath:SCOPEMAPPER_DP|maxFound:MAXFD|data_out[0]                                                                     ; ID00001011_aipScopeNoMPU:ID00001011|ID00001011_scopeNoMPU_core:SCOPENOMPU_CORE|ID00001011_scopeNoMPU_datapath:SCOPENOMPU_DP|ID00001012_scopeSignalMapper_core:MAPPERCORE|ID00001012_scopeSignalMapper_datapath:SCOPEMAPPER_DP|scopeScaler:SCALER|dividerSig_core:DVD|dividerSig_datapath:DDP|data_out_reg[33] ; clk          ; clk         ; 1.000        ; -0.152     ; 14.476     ;
; -13.630 ; ID00001011_aipScopeNoMPU:ID00001011|ID00001011_scopeNoMPU_core:SCOPENOMPU_CORE|ID00001011_scopeNoMPU_datapath:SCOPENOMPU_DP|ID00001012_scopeSignalMapper_core:MAPPERCORE|ID00001012_scopeSignalMapper_datapath:SCOPEMAPPER_DP|maxFound:MAXFD|data_out[0]                                                                     ; ID00001011_aipScopeNoMPU:ID00001011|ID00001011_scopeNoMPU_core:SCOPENOMPU_CORE|ID00001011_scopeNoMPU_datapath:SCOPENOMPU_DP|ID00001012_scopeSignalMapper_core:MAPPERCORE|ID00001012_scopeSignalMapper_datapath:SCOPEMAPPER_DP|scopeScaler:SCALER|dividerSig_core:DVD|dividerSig_datapath:DDP|data_out_reg[34] ; clk          ; clk         ; 1.000        ; -0.152     ; 14.476     ;
; -13.630 ; ID00001011_aipScopeNoMPU:ID00001011|ID00001011_scopeNoMPU_core:SCOPENOMPU_CORE|ID00001011_scopeNoMPU_datapath:SCOPENOMPU_DP|ID00001012_scopeSignalMapper_core:MAPPERCORE|ID00001012_scopeSignalMapper_datapath:SCOPEMAPPER_DP|maxFound:MAXFD|data_out[0]                                                                     ; ID00001011_aipScopeNoMPU:ID00001011|ID00001011_scopeNoMPU_core:SCOPENOMPU_CORE|ID00001011_scopeNoMPU_datapath:SCOPENOMPU_DP|ID00001012_scopeSignalMapper_core:MAPPERCORE|ID00001012_scopeSignalMapper_datapath:SCOPEMAPPER_DP|scopeScaler:SCALER|dividerSig_core:DVD|dividerSig_datapath:DDP|data_out_reg[32] ; clk          ; clk         ; 1.000        ; -0.152     ; 14.476     ;
; -13.624 ; ID00001011_aipScopeNoMPU:ID00001011|ID00001011_scopeNoMPU_core:SCOPENOMPU_CORE|ID00001011_scopeNoMPU_datapath:SCOPENOMPU_DP|altsyncram:dataColl_rtl_0|altsyncram_vvg1:auto_generated|ram_block1a0~portb_address_reg0                                                                                                         ; ID00001011_aipScopeNoMPU:ID00001011|ID00001011_scopeNoMPU_core:SCOPENOMPU_CORE|ID00001011_scopeNoMPU_datapath:SCOPENOMPU_DP|ID0000100C_modCuad_core:MODCUAD_CORE|ID0000100C_modCuad_datapath:modCuad_DP|ID0000100C_modCuad_power2:PW2_REAL|booth_core:DUT|booth_datapath:BDP|data_out[26]                     ; clk          ; clk         ; 1.000        ; 0.006      ; 14.628     ;
; -13.617 ; ID00001011_aipScopeNoMPU:ID00001011|ID00001011_scopeNoMPU_core:SCOPENOMPU_CORE|ID00001011_scopeNoMPU_datapath:SCOPENOMPU_DP|altsyncram:dataFFTSaved_rtl_0|altsyncram_vvg1:auto_generated|ram_block1a0~portb_address_reg0                                                                                                     ; ID00001011_aipScopeNoMPU:ID00001011|ID00001011_scopeNoMPU_core:SCOPENOMPU_CORE|ID00001011_scopeNoMPU_datapath:SCOPENOMPU_DP|ID0000100C_modCuad_core:MODCUAD_CORE|ID0000100C_modCuad_datapath:modCuad_DP|ID0000100C_modCuad_power2:PW2_REAL|booth_core:DUT|booth_datapath:BDP|data_out[28]                     ; clk          ; clk         ; 1.000        ; 0.003      ; 14.618     ;
; -13.608 ; ID00001011_aipScopeNoMPU:ID00001011|ID00001011_scopeNoMPU_core:SCOPENOMPU_CORE|ID00001011_scopeNoMPU_datapath:SCOPENOMPU_DP|ID00001012_scopeSignalMapper_core:MAPPERCORE|ID00001012_scopeSignalMapper_datapath:SCOPEMAPPER_DP|maxFound:MAXFD|data_out[0]                                                                     ; ID00001011_aipScopeNoMPU:ID00001011|ID00001011_scopeNoMPU_core:SCOPENOMPU_CORE|ID00001011_scopeNoMPU_datapath:SCOPENOMPU_DP|ID00001012_scopeSignalMapper_core:MAPPERCORE|ID00001012_scopeSignalMapper_datapath:SCOPEMAPPER_DP|scopeScaler:SCALER|dividerSig_core:DVD|dividerSig_datapath:DDP|data_out_reg[49] ; clk          ; clk         ; 1.000        ; -0.150     ; 14.456     ;
; -13.584 ; ID00001011_aipScopeNoMPU:ID00001011|ID00001011_scopeNoMPU_core:SCOPENOMPU_CORE|ID00001011_scopeNoMPU_datapath:SCOPENOMPU_DP|altsyncram:dataColl_rtl_0|altsyncram_vvg1:auto_generated|ram_block1a0~portb_address_reg0                                                                                                         ; ID00001011_aipScopeNoMPU:ID00001011|ID00001011_scopeNoMPU_core:SCOPENOMPU_CORE|ID00001011_scopeNoMPU_datapath:SCOPENOMPU_DP|ID0000100C_modCuad_core:MODCUAD_CORE|ID0000100C_modCuad_datapath:modCuad_DP|ID0000100C_modCuad_power2:PW2_IMAG|booth_core:DUT|booth_datapath:BDP|data_out[29]                     ; clk          ; clk         ; 1.000        ; 0.033      ; 14.615     ;
; -13.563 ; ID00001011_aipScopeNoMPU:ID00001011|ID00001011_scopeNoMPU_core:SCOPENOMPU_CORE|ID00001011_scopeNoMPU_datapath:SCOPENOMPU_DP|ID0000204D_FFT_core:FFT_Inst|altsyncram:_510__rtl_0|altsyncram_j181:auto_generated|ram_block1a0~porta_address_reg0                                                                               ; ID00001011_aipScopeNoMPU:ID00001011|ID00001011_scopeNoMPU_core:SCOPENOMPU_CORE|ID00001011_scopeNoMPU_datapath:SCOPENOMPU_DP|true_dual_port_ram_single_clock:RAM1|altsyncram:ram_rtl_0|altsyncram_k6r1:auto_generated|ram_block1a0~portb_datain_reg0                                                           ; clk          ; clk         ; 1.000        ; -0.050     ; 14.551     ;
; -13.561 ; ID00001011_aipScopeNoMPU:ID00001011|ID00001011_scopeNoMPU_core:SCOPENOMPU_CORE|ID00001011_scopeNoMPU_datapath:SCOPENOMPU_DP|altsyncram:dataFFTSaved_rtl_0|altsyncram_vvg1:auto_generated|ram_block1a0~portb_address_reg0                                                                                                     ; ID00001011_aipScopeNoMPU:ID00001011|ID00001011_scopeNoMPU_core:SCOPENOMPU_CORE|ID00001011_scopeNoMPU_datapath:SCOPENOMPU_DP|ID0000100C_modCuad_core:MODCUAD_CORE|ID0000100C_modCuad_datapath:modCuad_DP|ID0000100C_modCuad_power2:PW2_REAL|booth_core:DUT|booth_datapath:BDP|data_out[26]                     ; clk          ; clk         ; 1.000        ; 0.003      ; 14.562     ;
; -13.551 ; ID00001011_aipScopeNoMPU:ID00001011|ID00001011_scopeNoMPU_core:SCOPENOMPU_CORE|ID00001011_scopeNoMPU_datapath:SCOPENOMPU_DP|ID00001012_scopeSignalMapper_core:MAPPERCORE|ID00001012_scopeSignalMapper_datapath:SCOPEMAPPER_DP|scopeScaler:SCALER|booth_core:B1|booth_datapath:BDP|data_out[31]                               ; ID00001011_aipScopeNoMPU:ID00001011|ID00001011_scopeNoMPU_core:SCOPENOMPU_CORE|ID00001011_scopeNoMPU_datapath:SCOPENOMPU_DP|ID00001012_scopeSignalMapper_core:MAPPERCORE|ID00001012_scopeSignalMapper_datapath:SCOPEMAPPER_DP|scopeScaler:SCALER|dividerSig_core:DVD|dividerSig_datapath:DDP|data_out_reg[43] ; clk          ; clk         ; 1.000        ; 0.288      ; 14.837     ;
; -13.551 ; ID00001011_aipScopeNoMPU:ID00001011|ID00001011_scopeNoMPU_core:SCOPENOMPU_CORE|ID00001011_scopeNoMPU_datapath:SCOPENOMPU_DP|ID00001012_scopeSignalMapper_core:MAPPERCORE|ID00001012_scopeSignalMapper_datapath:SCOPEMAPPER_DP|scopeScaler:SCALER|booth_core:B1|booth_datapath:BDP|data_out[31]                               ; ID00001011_aipScopeNoMPU:ID00001011|ID00001011_scopeNoMPU_core:SCOPENOMPU_CORE|ID00001011_scopeNoMPU_datapath:SCOPENOMPU_DP|ID00001012_scopeSignalMapper_core:MAPPERCORE|ID00001012_scopeSignalMapper_datapath:SCOPEMAPPER_DP|scopeScaler:SCALER|dividerSig_core:DVD|dividerSig_datapath:DDP|data_out_reg[36] ; clk          ; clk         ; 1.000        ; 0.288      ; 14.837     ;
; -13.535 ; ID00001011_aipScopeNoMPU:ID00001011|ID00001011_scopeNoMPU_core:SCOPENOMPU_CORE|ID00001011_scopeNoMPU_datapath:SCOPENOMPU_DP|altsyncram:dataColl_rtl_0|altsyncram_vvg1:auto_generated|ram_block1a0~portb_address_reg0                                                                                                         ; ID00001011_aipScopeNoMPU:ID00001011|ID00001011_scopeNoMPU_core:SCOPENOMPU_CORE|ID00001011_scopeNoMPU_datapath:SCOPENOMPU_DP|ID0000100C_modCuad_core:MODCUAD_CORE|ID0000100C_modCuad_datapath:modCuad_DP|ID0000100C_modCuad_power2:PW2_REAL|booth_core:DUT|booth_datapath:BDP|data_out[24]                     ; clk          ; clk         ; 1.000        ; 0.006      ; 14.539     ;
; -13.528 ; ID00001011_aipScopeNoMPU:ID00001011|ID00001011_scopeNoMPU_core:SCOPENOMPU_CORE|ID00001011_scopeNoMPU_datapath:SCOPENOMPU_DP|ID00001012_scopeSignalMapper_core:MAPPERCORE|ID00001012_scopeSignalMapper_datapath:SCOPEMAPPER_DP|maxFound:MAXFD|data_out[0]                                                                     ; ID00001011_aipScopeNoMPU:ID00001011|ID00001011_scopeNoMPU_core:SCOPENOMPU_CORE|ID00001011_scopeNoMPU_datapath:SCOPENOMPU_DP|ID00001012_scopeSignalMapper_core:MAPPERCORE|ID00001012_scopeSignalMapper_datapath:SCOPEMAPPER_DP|scopeScaler:SCALER|dividerSig_core:DVD|dividerSig_datapath:DDP|data_out_reg[43] ; clk          ; clk         ; 1.000        ; 0.288      ; 14.814     ;
; -13.528 ; ID00001011_aipScopeNoMPU:ID00001011|ID00001011_scopeNoMPU_core:SCOPENOMPU_CORE|ID00001011_scopeNoMPU_datapath:SCOPENOMPU_DP|ID00001012_scopeSignalMapper_core:MAPPERCORE|ID00001012_scopeSignalMapper_datapath:SCOPEMAPPER_DP|maxFound:MAXFD|data_out[0]                                                                     ; ID00001011_aipScopeNoMPU:ID00001011|ID00001011_scopeNoMPU_core:SCOPENOMPU_CORE|ID00001011_scopeNoMPU_datapath:SCOPENOMPU_DP|ID00001012_scopeSignalMapper_core:MAPPERCORE|ID00001012_scopeSignalMapper_datapath:SCOPEMAPPER_DP|scopeScaler:SCALER|dividerSig_core:DVD|dividerSig_datapath:DDP|data_out_reg[36] ; clk          ; clk         ; 1.000        ; 0.288      ; 14.814     ;
; -13.486 ; ID00001011_aipScopeNoMPU:ID00001011|ID00001011_scopeNoMPU_core:SCOPENOMPU_CORE|ID00001011_scopeNoMPU_datapath:SCOPENOMPU_DP|ID00001012_scopeSignalMapper_core:MAPPERCORE|ID00001012_scopeSignalMapper_datapath:SCOPEMAPPER_DP|scopeScaler:SCALER|booth_core:B1|booth_datapath:BDP|data_out[31]                               ; ID00001011_aipScopeNoMPU:ID00001011|ID00001011_scopeNoMPU_core:SCOPENOMPU_CORE|ID00001011_scopeNoMPU_datapath:SCOPENOMPU_DP|ID00001012_scopeSignalMapper_core:MAPPERCORE|ID00001012_scopeSignalMapper_datapath:SCOPEMAPPER_DP|scopeScaler:SCALER|dividerSig_core:DVD|dividerSig_datapath:DDP|data_out_reg[51] ; clk          ; clk         ; 1.000        ; 0.322      ; 14.806     ;
; -13.486 ; ID00001011_aipScopeNoMPU:ID00001011|ID00001011_scopeNoMPU_core:SCOPENOMPU_CORE|ID00001011_scopeNoMPU_datapath:SCOPENOMPU_DP|ID00001012_scopeSignalMapper_core:MAPPERCORE|ID00001012_scopeSignalMapper_datapath:SCOPEMAPPER_DP|scopeScaler:SCALER|booth_core:B1|booth_datapath:BDP|data_out[31]                               ; ID00001011_aipScopeNoMPU:ID00001011|ID00001011_scopeNoMPU_core:SCOPENOMPU_CORE|ID00001011_scopeNoMPU_datapath:SCOPENOMPU_DP|ID00001012_scopeSignalMapper_core:MAPPERCORE|ID00001012_scopeSignalMapper_datapath:SCOPEMAPPER_DP|scopeScaler:SCALER|dividerSig_core:DVD|dividerSig_datapath:DDP|data_out_reg[54] ; clk          ; clk         ; 1.000        ; 0.322      ; 14.806     ;
; -13.486 ; ID00001011_aipScopeNoMPU:ID00001011|ID00001011_scopeNoMPU_core:SCOPENOMPU_CORE|ID00001011_scopeNoMPU_datapath:SCOPENOMPU_DP|ID00001012_scopeSignalMapper_core:MAPPERCORE|ID00001012_scopeSignalMapper_datapath:SCOPEMAPPER_DP|scopeScaler:SCALER|booth_core:B1|booth_datapath:BDP|data_out[31]                               ; ID00001011_aipScopeNoMPU:ID00001011|ID00001011_scopeNoMPU_core:SCOPENOMPU_CORE|ID00001011_scopeNoMPU_datapath:SCOPENOMPU_DP|ID00001012_scopeSignalMapper_core:MAPPERCORE|ID00001012_scopeSignalMapper_datapath:SCOPEMAPPER_DP|scopeScaler:SCALER|dividerSig_core:DVD|dividerSig_datapath:DDP|data_out_reg[56] ; clk          ; clk         ; 1.000        ; 0.322      ; 14.806     ;
; -13.472 ; ID00001011_aipScopeNoMPU:ID00001011|ID00001011_scopeNoMPU_core:SCOPENOMPU_CORE|ID00001011_scopeNoMPU_datapath:SCOPENOMPU_DP|altsyncram:dataFFTSaved_rtl_0|altsyncram_vvg1:auto_generated|ram_block1a0~portb_address_reg0                                                                                                     ; ID00001011_aipScopeNoMPU:ID00001011|ID00001011_scopeNoMPU_core:SCOPENOMPU_CORE|ID00001011_scopeNoMPU_datapath:SCOPENOMPU_DP|ID0000100C_modCuad_core:MODCUAD_CORE|ID0000100C_modCuad_datapath:modCuad_DP|ID0000100C_modCuad_power2:PW2_REAL|booth_core:DUT|booth_datapath:BDP|data_out[24]                     ; clk          ; clk         ; 1.000        ; 0.003      ; 14.473     ;
; -13.463 ; ID00001011_aipScopeNoMPU:ID00001011|ID00001011_scopeNoMPU_core:SCOPENOMPU_CORE|ID00001011_scopeNoMPU_datapath:SCOPENOMPU_DP|ID00001012_scopeSignalMapper_core:MAPPERCORE|ID00001012_scopeSignalMapper_datapath:SCOPEMAPPER_DP|maxFound:MAXFD|data_out[0]                                                                     ; ID00001011_aipScopeNoMPU:ID00001011|ID00001011_scopeNoMPU_core:SCOPENOMPU_CORE|ID00001011_scopeNoMPU_datapath:SCOPENOMPU_DP|ID00001012_scopeSignalMapper_core:MAPPERCORE|ID00001012_scopeSignalMapper_datapath:SCOPEMAPPER_DP|scopeScaler:SCALER|dividerSig_core:DVD|dividerSig_datapath:DDP|data_out_reg[51] ; clk          ; clk         ; 1.000        ; 0.322      ; 14.783     ;
; -13.463 ; ID00001011_aipScopeNoMPU:ID00001011|ID00001011_scopeNoMPU_core:SCOPENOMPU_CORE|ID00001011_scopeNoMPU_datapath:SCOPENOMPU_DP|ID00001012_scopeSignalMapper_core:MAPPERCORE|ID00001012_scopeSignalMapper_datapath:SCOPEMAPPER_DP|maxFound:MAXFD|data_out[0]                                                                     ; ID00001011_aipScopeNoMPU:ID00001011|ID00001011_scopeNoMPU_core:SCOPENOMPU_CORE|ID00001011_scopeNoMPU_datapath:SCOPENOMPU_DP|ID00001012_scopeSignalMapper_core:MAPPERCORE|ID00001012_scopeSignalMapper_datapath:SCOPEMAPPER_DP|scopeScaler:SCALER|dividerSig_core:DVD|dividerSig_datapath:DDP|data_out_reg[54] ; clk          ; clk         ; 1.000        ; 0.322      ; 14.783     ;
+---------+------------------------------------------------------------------------------------------------------------------------------------------------------------------------------------------------------------------------------------------------------------------------------------------------------------------------------+---------------------------------------------------------------------------------------------------------------------------------------------------------------------------------------------------------------------------------------------------------------------------------------------------------------+--------------+-------------+--------------+------------+------------+


+-----------------------------------------------------------------------------------------------------------------------------------------------------------------------------------------------------------------------------------------------------------------------------------------------------------------------------------------------------------------------------------------------------------------------------------------------------------------------------------------------------------------------------------------------------------------------------------------------------------------------------------------------------------------------------------------------------------------------------------------------------+
; Slow 1200mV 85C Model Hold: 'clk'                                                                                                                                                                                                                                                                                                                                                                                                                                                                                                                                                                                                                                                                                                                   ;
+-------+---------------------------------------------------------------------------------------------------------------------------------------------------------------------------------------------------------------------------------------------------------------------------------------------------------------------------------+-------------------------------------------------------------------------------------------------------------------------------------------------------------------------------------------------------------------------------------------------------------------------------------------------------------------------------------+--------------+-------------+--------------+------------+------------+
; Slack ; From Node                                                                                                                                                                                                                                                                                                                       ; To Node                                                                                                                                                                                                                                                                                                                             ; Launch Clock ; Latch Clock ; Relationship ; Clock Skew ; Data Delay ;
+-------+---------------------------------------------------------------------------------------------------------------------------------------------------------------------------------------------------------------------------------------------------------------------------------------------------------------------------------+-------------------------------------------------------------------------------------------------------------------------------------------------------------------------------------------------------------------------------------------------------------------------------------------------------------------------------------+--------------+-------------+--------------+------------+------------+
; 0.287 ; ID00001011_aipScopeNoMPU:ID00001011|ID00001011_scopeNoMPU_core:SCOPENOMPU_CORE|ID00001011_scopeNoMPU_datapath:SCOPENOMPU_DP|intpolFrac_core:INTPOLFRAC_CORE|intpolFrac_datapath:INTFRAC_DP|intpol2scope_core:INTPOL_CORE|intpol2scope_fsm:FSM1|w_addr_mem_out_out_reg[0]                                                        ; ID00001011_aipScopeNoMPU:ID00001011|ID00001011_scopeNoMPU_core:SCOPENOMPU_CORE|ID00001011_scopeNoMPU_datapath:SCOPENOMPU_DP|intpolFrac_core:INTPOLFRAC_CORE|intpolFrac_datapath:INTFRAC_DP|altsyncram:local_mem_rtl_0|altsyncram_e6h1:auto_generated|ram_block1a15~porta_address_reg0                                               ; clk          ; clk         ; 0.000        ; 0.433      ; 0.942      ;
; 0.291 ; ID00001011_aipScopeNoMPU:ID00001011|ID00001011_scopeNoMPU_core:SCOPENOMPU_CORE|ID00001011_scopeNoMPU_datapath:SCOPENOMPU_DP|ID00001009_decim2scope_core:ID00001009_DECIM_CORE|ID00001009_decim2scope_controlpath:ID00001009_DCM_CP|cnt_wr_mem_out_addr[6]                                                                       ; ID00001011_aipScopeNoMPU:ID00001011|ID00001011_scopeNoMPU_core:SCOPENOMPU_CORE|ID00001011_scopeNoMPU_datapath:SCOPENOMPU_DP|altsyncram:dataDecim_rtl_0|altsyncram_vvg1:auto_generated|ram_block1a0~porta_address_reg0                                                                                                               ; clk          ; clk         ; 0.000        ; 0.432      ; 0.945      ;
; 0.302 ; ID00001011_aipScopeNoMPU:ID00001011|ID00001011_scopeNoMPU_core:SCOPENOMPU_CORE|ID00001011_scopeNoMPU_datapath:SCOPENOMPU_DP|ID00001009_decim2scope_core:ID00001009_DECIM_CORE|ID00001009_decim2scope_controlpath:ID00001009_DCM_CP|cnt_wr_mem_out_addr[1]                                                                       ; ID00001011_aipScopeNoMPU:ID00001011|ID00001011_scopeNoMPU_core:SCOPENOMPU_CORE|ID00001011_scopeNoMPU_datapath:SCOPENOMPU_DP|altsyncram:dataDecim_rtl_0|altsyncram_vvg1:auto_generated|ram_block1a0~porta_address_reg0                                                                                                               ; clk          ; clk         ; 0.000        ; 0.432      ; 0.956      ;
; 0.302 ; ID00001011_aipScopeNoMPU:ID00001011|ID00001011_scopeNoMPU_core:SCOPENOMPU_CORE|ID00001011_scopeNoMPU_datapath:SCOPENOMPU_DP|ID00001009_decim2scope_core:ID00001009_DECIM_CORE|ID00001009_decim2scope_controlpath:ID00001009_DCM_CP|cnt_wr_mem_out_addr[2]                                                                       ; ID00001011_aipScopeNoMPU:ID00001011|ID00001011_scopeNoMPU_core:SCOPENOMPU_CORE|ID00001011_scopeNoMPU_datapath:SCOPENOMPU_DP|altsyncram:dataDecim_rtl_0|altsyncram_vvg1:auto_generated|ram_block1a0~porta_address_reg0                                                                                                               ; clk          ; clk         ; 0.000        ; 0.432      ; 0.956      ;
; 0.308 ; ID00001011_aipScopeNoMPU:ID00001011|ID00001011_scopeNoMPU_core:SCOPENOMPU_CORE|ID00001011_scopeNoMPU_datapath:SCOPENOMPU_DP|ID00001009_decim2scope_core:ID00001009_DECIM_CORE|ID00001009_decim2scope_controlpath:ID00001009_DCM_CP|cnt_wr_mem_out_addr[5]                                                                       ; ID00001011_aipScopeNoMPU:ID00001011|ID00001011_scopeNoMPU_core:SCOPENOMPU_CORE|ID00001011_scopeNoMPU_datapath:SCOPENOMPU_DP|altsyncram:dataDecim_rtl_0|altsyncram_vvg1:auto_generated|ram_block1a0~porta_address_reg0                                                                                                               ; clk          ; clk         ; 0.000        ; 0.432      ; 0.962      ;
; 0.325 ; ID00001011_aipScopeNoMPU:ID00001011|ID00001011_scopeNoMPU_core:SCOPENOMPU_CORE|ID00001011_scopeNoMPU_datapath:SCOPENOMPU_DP|regBitMem:RBM|data_out[11]                                                                                                                                                                          ; ID00001011_aipScopeNoMPU:ID00001011|ID00001011_scopeNoMPU_core:SCOPENOMPU_CORE|ID00001011_scopeNoMPU_datapath:SCOPENOMPU_DP|altsyncram:dataMapped_localMem_rtl_0|altsyncram_65h1:auto_generated|ram_block1a11~porta_datain_reg0                                                                                                     ; clk          ; clk         ; 0.000        ; 0.450      ; 0.997      ;
; 0.328 ; ID00001011_aipScopeNoMPU:ID00001011|ID00001011_scopeNoMPU_core:SCOPENOMPU_CORE|ID00001011_scopeNoMPU_datapath:SCOPENOMPU_DP|intpolFrac_core:INTPOLFRAC_CORE|intpolFrac_datapath:INTFRAC_DP|intpol2scope_core:INTPOL_CORE|intpol2scope_fsm:FSM1|r_addr_mem_in_0_out_reg[1]                                                       ; ID00001011_aipScopeNoMPU:ID00001011|ID00001011_scopeNoMPU_core:SCOPENOMPU_CORE|ID00001011_scopeNoMPU_datapath:SCOPENOMPU_DP|altsyncram:dataCuadSaved_rtl_0|altsyncram_40h1:auto_generated|ram_block1a0~portb_address_reg0                                                                                                           ; clk          ; clk         ; 0.000        ; 0.445      ; 0.995      ;
; 0.331 ; ID00001011_aipScopeNoMPU:ID00001011|ID00001011_scopeNoMPU_core:SCOPENOMPU_CORE|ID00001011_scopeNoMPU_datapath:SCOPENOMPU_DP|ID00001009_decim2scope_core:ID00001009_DECIM_CORE|ID00001009_decim2scope_controlpath:ID00001009_DCM_CP|cnt_wr_mem_out_addr[4]                                                                       ; ID00001011_aipScopeNoMPU:ID00001011|ID00001011_scopeNoMPU_core:SCOPENOMPU_CORE|ID00001011_scopeNoMPU_datapath:SCOPENOMPU_DP|altsyncram:dataDecim_rtl_0|altsyncram_vvg1:auto_generated|ram_block1a0~porta_address_reg0                                                                                                               ; clk          ; clk         ; 0.000        ; 0.432      ; 0.985      ;
; 0.333 ; ID00001011_aipScopeNoMPU:ID00001011|ID00001011_scopeNoMPU_core:SCOPENOMPU_CORE|ID00001011_scopeNoMPU_datapath:SCOPENOMPU_DP|intpolFrac_core:INTPOLFRAC_CORE|intpolFrac_datapath:INTFRAC_DP|intpol2scope_core:INTPOL_CORE|intpol2scope_fsm:FSM1|r_addr_mem_in_0_out_reg[4]                                                       ; ID00001011_aipScopeNoMPU:ID00001011|ID00001011_scopeNoMPU_core:SCOPENOMPU_CORE|ID00001011_scopeNoMPU_datapath:SCOPENOMPU_DP|altsyncram:dataCuadSaved_rtl_0|altsyncram_40h1:auto_generated|ram_block1a0~portb_address_reg0                                                                                                           ; clk          ; clk         ; 0.000        ; 0.445      ; 1.000      ;
; 0.335 ; ID00001011_aipScopeNoMPU:ID00001011|ID00001011_scopeNoMPU_core:SCOPENOMPU_CORE|ID00001011_scopeNoMPU_datapath:SCOPENOMPU_DP|intpolFrac_core:INTPOLFRAC_CORE|intpolFrac_datapath:INTFRAC_DP|intpol2scope_core:INTPOL_CORE|intpol2scope_fsm:FSM1|r_addr_mem_in_0_out_reg[3]                                                       ; ID00001011_aipScopeNoMPU:ID00001011|ID00001011_scopeNoMPU_core:SCOPENOMPU_CORE|ID00001011_scopeNoMPU_datapath:SCOPENOMPU_DP|altsyncram:dataCuadSaved_rtl_0|altsyncram_40h1:auto_generated|ram_block1a0~portb_address_reg0                                                                                                           ; clk          ; clk         ; 0.000        ; 0.445      ; 1.002      ;
; 0.337 ; ID00001011_aipScopeNoMPU:ID00001011|ID00001011_scopeNoMPU_core:SCOPENOMPU_CORE|ID00001011_scopeNoMPU_datapath:SCOPENOMPU_DP|regBitMem:RBM|data_out[30]                                                                                                                                                                          ; ID00001011_aipScopeNoMPU:ID00001011|ID00001011_scopeNoMPU_core:SCOPENOMPU_CORE|ID00001011_scopeNoMPU_datapath:SCOPENOMPU_DP|altsyncram:dataMapped_localMem_rtl_0|altsyncram_65h1:auto_generated|ram_block1a28~porta_datain_reg0                                                                                                     ; clk          ; clk         ; 0.000        ; 0.448      ; 1.007      ;
; 0.338 ; ID00001011_aipScopeNoMPU:ID00001011|ID00001011_scopeNoMPU_core:SCOPENOMPU_CORE|ID00001011_scopeNoMPU_datapath:SCOPENOMPU_DP|ID0000100D_collector2scope_core:ID0000100D_COLLECTOR_CORE|ID0000100D_collector2scope_datapath:ID0000100D_DP|intpol2scope_core:COLLECT_INTPOL_CORE0|intpol2scope_fsm:FSM1|w_addr_mem_out_out_reg[1]  ; ID00001011_aipScopeNoMPU:ID00001011|ID00001011_scopeNoMPU_core:SCOPENOMPU_CORE|ID00001011_scopeNoMPU_datapath:SCOPENOMPU_DP|altsyncram:dataColl_rtl_0|altsyncram_vvg1:auto_generated|ram_block1a0~porta_address_reg0                                                                                                                ; clk          ; clk         ; 0.000        ; 0.437      ; 0.997      ;
; 0.338 ; ID00001011_aipScopeNoMPU:ID00001011|ID00001011_scopeNoMPU_core:SCOPENOMPU_CORE|ID00001011_scopeNoMPU_datapath:SCOPENOMPU_DP|ID0000100D_collector2scope_core:ID0000100D_COLLECTOR_CORE|ID0000100D_collector2scope_datapath:ID0000100D_DP|intpol2scope_core:COLLECT_INTPOL_CORE0|intpol2scope_fsm:FSM1|w_addr_mem_out_out_reg[6]  ; ID00001011_aipScopeNoMPU:ID00001011|ID00001011_scopeNoMPU_core:SCOPENOMPU_CORE|ID00001011_scopeNoMPU_datapath:SCOPENOMPU_DP|altsyncram:dataColl_rtl_0|altsyncram_vvg1:auto_generated|ram_block1a0~porta_address_reg0                                                                                                                ; clk          ; clk         ; 0.000        ; 0.437      ; 0.997      ;
; 0.341 ; ID00001011_aipScopeNoMPU:ID00001011|ID00001011_scopeNoMPU_core:SCOPENOMPU_CORE|ID00001011_scopeNoMPU_datapath:SCOPENOMPU_DP|ID0000100D_collector2scope_core:ID0000100D_COLLECTOR_CORE|ID0000100D_collector2scope_datapath:ID0000100D_DP|intpol2scope_core:COLLECT_INTPOL_CORE0|intpol2scope_fsm:FSM1|w_addr_mem_out_out_reg[4]  ; ID00001011_aipScopeNoMPU:ID00001011|ID00001011_scopeNoMPU_core:SCOPENOMPU_CORE|ID00001011_scopeNoMPU_datapath:SCOPENOMPU_DP|altsyncram:dataColl_rtl_0|altsyncram_vvg1:auto_generated|ram_block1a0~porta_address_reg0                                                                                                                ; clk          ; clk         ; 0.000        ; 0.437      ; 1.000      ;
; 0.344 ; ID00001011_aipScopeNoMPU:ID00001011|ID00001011_scopeNoMPU_core:SCOPENOMPU_CORE|ID00001011_scopeNoMPU_datapath:SCOPENOMPU_DP|wr_addr_mapped_localMem_reg[2]                                                                                                                                                                      ; ID00001011_aipScopeNoMPU:ID00001011|ID00001011_scopeNoMPU_core:SCOPENOMPU_CORE|ID00001011_scopeNoMPU_datapath:SCOPENOMPU_DP|altsyncram:dataMapped_localMem_rtl_0|altsyncram_65h1:auto_generated|ram_block1a11~porta_address_reg0                                                                                                    ; clk          ; clk         ; 0.000        ; 0.443      ; 1.009      ;
; 0.345 ; ID00001011_aipScopeNoMPU:ID00001011|ID00001011_scopeNoMPU_core:SCOPENOMPU_CORE|ID00001011_scopeNoMPU_datapath:SCOPENOMPU_DP|wr_addr_mapped_localMem_reg[11]                                                                                                                                                                     ; ID00001011_aipScopeNoMPU:ID00001011|ID00001011_scopeNoMPU_core:SCOPENOMPU_CORE|ID00001011_scopeNoMPU_datapath:SCOPENOMPU_DP|altsyncram:dataMapped_localMem_rtl_0|altsyncram_65h1:auto_generated|ram_block1a11~porta_address_reg0                                                                                                    ; clk          ; clk         ; 0.000        ; 0.443      ; 1.010      ;
; 0.354 ; ID00001011_aipScopeNoMPU:ID00001011|ID00001011_scopeNoMPU_core:SCOPENOMPU_CORE|ID00001011_scopeNoMPU_datapath:SCOPENOMPU_DP|ID00001012_scopeSignalMapper_core:MAPPERCORE|ID00001012_scopeSignalMapper_controlpath:SCOPEMAPPER_CP|rd_addr_local[8]                                                                               ; ID00001011_aipScopeNoMPU:ID00001011|ID00001011_scopeNoMPU_core:SCOPENOMPU_CORE|ID00001011_scopeNoMPU_datapath:SCOPENOMPU_DP|ID00001012_scopeSignalMapper_core:MAPPERCORE|ID00001012_scopeSignalMapper_datapath:SCOPEMAPPER_DP|altsyncram:dataNormalized_rtl_0|altsyncram_uvg1:auto_generated|ram_block1a0~portb_address_reg0        ; clk          ; clk         ; 0.000        ; 0.482      ; 1.058      ;
; 0.355 ; ID00001011_aipScopeNoMPU:ID00001011|ID00001011_scopeNoMPU_core:SCOPENOMPU_CORE|ID00001011_scopeNoMPU_datapath:SCOPENOMPU_DP|intpolFrac_core:INTPOLFRAC_CORE|intpolFrac_datapath:INTFRAC_DP|intpol2scope_core:INTPOL_CORE|intpol2scope_fsm:FSM1|w_addr_mem_out_out_reg[7]                                                        ; ID00001011_aipScopeNoMPU:ID00001011|ID00001011_scopeNoMPU_core:SCOPENOMPU_CORE|ID00001011_scopeNoMPU_datapath:SCOPENOMPU_DP|intpolFrac_core:INTPOLFRAC_CORE|intpolFrac_datapath:INTFRAC_DP|altsyncram:local_mem_rtl_0|altsyncram_e6h1:auto_generated|ram_block1a15~porta_address_reg0                                               ; clk          ; clk         ; 0.000        ; 0.433      ; 1.010      ;
; 0.359 ; ID00001011_aipScopeNoMPU:ID00001011|ID00001011_scopeNoMPU_core:SCOPENOMPU_CORE|ID00001011_scopeNoMPU_datapath:SCOPENOMPU_DP|ID00001009_decim2scope_core:ID00001009_DECIM_CORE|ID00001009_decim2scope_controlpath:ID00001009_DCM_CP|cnt_wr_mem_out_addr[0]                                                                       ; ID00001011_aipScopeNoMPU:ID00001011|ID00001011_scopeNoMPU_core:SCOPENOMPU_CORE|ID00001011_scopeNoMPU_datapath:SCOPENOMPU_DP|altsyncram:dataDecim_rtl_0|altsyncram_vvg1:auto_generated|ram_block1a0~porta_address_reg0                                                                                                               ; clk          ; clk         ; 0.000        ; 0.432      ; 1.013      ;
; 0.360 ; ID00001011_aipScopeNoMPU:ID00001011|ID00001011_scopeNoMPU_core:SCOPENOMPU_CORE|ID00001011_scopeNoMPU_datapath:SCOPENOMPU_DP|intpolFrac_core:INTPOLFRAC_CORE|intpolFrac_datapath:INTFRAC_DP|ID0000100F_decim2frac_core:DECIM_CORE|ID0000100F_decim2frac_controlpath:DCM_CP|cnt_rd_addr[4]                                        ; ID00001011_aipScopeNoMPU:ID00001011|ID00001011_scopeNoMPU_core:SCOPENOMPU_CORE|ID00001011_scopeNoMPU_datapath:SCOPENOMPU_DP|intpolFrac_core:INTPOLFRAC_CORE|intpolFrac_datapath:INTFRAC_DP|altsyncram:local_mem_rtl_0|altsyncram_e6h1:auto_generated|ram_block1a11~portb_address_reg0                                               ; clk          ; clk         ; 0.000        ; 0.443      ; 1.025      ;
; 0.363 ; ID00001011_aipScopeNoMPU:ID00001011|ID00001011_scopeNoMPU_core:SCOPENOMPU_CORE|ID00001011_scopeNoMPU_datapath:SCOPENOMPU_DP|intpolFrac_core:INTPOLFRAC_CORE|intpolFrac_datapath:INTFRAC_DP|ID0000100F_decim2frac_core:DECIM_CORE|ID0000100F_decim2frac_controlpath:DCM_CP|cnt_rd_addr[2]                                        ; ID00001011_aipScopeNoMPU:ID00001011|ID00001011_scopeNoMPU_core:SCOPENOMPU_CORE|ID00001011_scopeNoMPU_datapath:SCOPENOMPU_DP|intpolFrac_core:INTPOLFRAC_CORE|intpolFrac_datapath:INTFRAC_DP|altsyncram:local_mem_rtl_0|altsyncram_e6h1:auto_generated|ram_block1a11~portb_address_reg0                                               ; clk          ; clk         ; 0.000        ; 0.443      ; 1.028      ;
; 0.365 ; ID00001011_aipScopeNoMPU:ID00001011|ID00001011_scopeNoMPU_core:SCOPENOMPU_CORE|ID00001011_scopeNoMPU_datapath:SCOPENOMPU_DP|ID0000100D_collector2scope_core:ID0000100D_COLLECTOR_CORE|ID0000100D_collector2scope_datapath:ID0000100D_DP|intpol2scope_core:COLLECT_INTPOL_CORE0|intpol2scope_fsm:FSM1|w_addr_mem_out_out_reg[0]  ; ID00001011_aipScopeNoMPU:ID00001011|ID00001011_scopeNoMPU_core:SCOPENOMPU_CORE|ID00001011_scopeNoMPU_datapath:SCOPENOMPU_DP|altsyncram:dataColl_rtl_0|altsyncram_vvg1:auto_generated|ram_block1a0~porta_address_reg0                                                                                                                ; clk          ; clk         ; 0.000        ; 0.437      ; 1.024      ;
; 0.367 ; ID00001011_aipScopeNoMPU:ID00001011|ID00001011_scopeNoMPU_core:SCOPENOMPU_CORE|ID00001011_scopeNoMPU_datapath:SCOPENOMPU_DP|wr_addr_mapped_localMem_reg[4]                                                                                                                                                                      ; ID00001011_aipScopeNoMPU:ID00001011|ID00001011_scopeNoMPU_core:SCOPENOMPU_CORE|ID00001011_scopeNoMPU_datapath:SCOPENOMPU_DP|altsyncram:dataMapped_localMem_rtl_0|altsyncram_65h1:auto_generated|ram_block1a11~porta_address_reg0                                                                                                    ; clk          ; clk         ; 0.000        ; 0.443      ; 1.032      ;
; 0.369 ; ID00001011_aipScopeNoMPU:ID00001011|ID00001011_scopeNoMPU_core:SCOPENOMPU_CORE|ID00001011_scopeNoMPU_datapath:SCOPENOMPU_DP|intpolFrac_core:INTPOLFRAC_CORE|intpolFrac_datapath:INTFRAC_DP|ID0000100F_decim2frac_core:DECIM_CORE|ID0000100F_decim2frac_controlpath:DCM_CP|cnt_wr_mem_out_addr[6]                                ; ID00001011_aipScopeNoMPU:ID00001011|ID00001011_scopeNoMPU_core:SCOPENOMPU_CORE|ID00001011_scopeNoMPU_datapath:SCOPENOMPU_DP|altsyncram:dataMultirateSaved_rtl_0|altsyncram_60h1:auto_generated|ram_block1a0~porta_address_reg0                                                                                                      ; clk          ; clk         ; 0.000        ; 0.434      ; 1.025      ;
; 0.370 ; ID00001011_aipScopeNoMPU:ID00001011|ID00001011_scopeNoMPU_core:SCOPENOMPU_CORE|ID00001011_scopeNoMPU_datapath:SCOPENOMPU_DP|intpolFrac_core:INTPOLFRAC_CORE|intpolFrac_datapath:INTFRAC_DP|ID0000100F_decim2frac_core:DECIM_CORE|ID0000100F_decim2frac_controlpath:DCM_CP|cnt_wr_mem_out_addr[5]                                ; ID00001011_aipScopeNoMPU:ID00001011|ID00001011_scopeNoMPU_core:SCOPENOMPU_CORE|ID00001011_scopeNoMPU_datapath:SCOPENOMPU_DP|altsyncram:dataMultirateSaved_rtl_0|altsyncram_60h1:auto_generated|ram_block1a0~porta_address_reg0                                                                                                      ; clk          ; clk         ; 0.000        ; 0.434      ; 1.026      ;
; 0.371 ; ID00001011_aipScopeNoMPU:ID00001011|ID00001011_scopeNoMPU_core:SCOPENOMPU_CORE|ID00001011_scopeNoMPU_datapath:SCOPENOMPU_DP|intpolFrac_core:INTPOLFRAC_CORE|intpolFrac_datapath:INTFRAC_DP|intpol2scope_core:INTPOL_CORE|intpol2scope_fsm:FSM1|r_addr_mem_in_0_out_reg[0]                                                       ; ID00001011_aipScopeNoMPU:ID00001011|ID00001011_scopeNoMPU_core:SCOPENOMPU_CORE|ID00001011_scopeNoMPU_datapath:SCOPENOMPU_DP|altsyncram:dataCuadSaved_rtl_0|altsyncram_40h1:auto_generated|ram_block1a0~portb_address_reg0                                                                                                           ; clk          ; clk         ; 0.000        ; 0.445      ; 1.038      ;
; 0.372 ; ID00001011_aipScopeNoMPU:ID00001011|ID00001011_scopeNoMPU_core:SCOPENOMPU_CORE|ID00001011_scopeNoMPU_datapath:SCOPENOMPU_DP|intpolFrac_core:INTPOLFRAC_CORE|intpolFrac_datapath:INTFRAC_DP|ID0000100F_decim2frac_core:DECIM_CORE|ID0000100F_decim2frac_controlpath:DCM_CP|cnt_wr_mem_out_addr[0]                                ; ID00001011_aipScopeNoMPU:ID00001011|ID00001011_scopeNoMPU_core:SCOPENOMPU_CORE|ID00001011_scopeNoMPU_datapath:SCOPENOMPU_DP|altsyncram:dataMultirateSaved_rtl_0|altsyncram_60h1:auto_generated|ram_block1a0~porta_address_reg0                                                                                                      ; clk          ; clk         ; 0.000        ; 0.434      ; 1.028      ;
; 0.373 ; ID00001011_aipScopeNoMPU:ID00001011|ID00001011_scopeNoMPU_core:SCOPENOMPU_CORE|ID00001011_scopeNoMPU_datapath:SCOPENOMPU_DP|wr_addr_mapped_localMem_reg[3]                                                                                                                                                                      ; ID00001011_aipScopeNoMPU:ID00001011|ID00001011_scopeNoMPU_core:SCOPENOMPU_CORE|ID00001011_scopeNoMPU_datapath:SCOPENOMPU_DP|altsyncram:dataMapped_localMem_rtl_0|altsyncram_65h1:auto_generated|ram_block1a11~porta_address_reg0                                                                                                    ; clk          ; clk         ; 0.000        ; 0.443      ; 1.038      ;
; 0.373 ; ID00001011_aipScopeNoMPU:ID00001011|ID00001011_scopeNoMPU_core:SCOPENOMPU_CORE|ID00001011_scopeNoMPU_datapath:SCOPENOMPU_DP|intpolFrac_core:INTPOLFRAC_CORE|intpolFrac_datapath:INTFRAC_DP|ID0000100F_decim2frac_core:DECIM_CORE|ID0000100F_decim2frac_controlpath:DCM_CP|cnt_wr_mem_out_addr[4]                                ; ID00001011_aipScopeNoMPU:ID00001011|ID00001011_scopeNoMPU_core:SCOPENOMPU_CORE|ID00001011_scopeNoMPU_datapath:SCOPENOMPU_DP|altsyncram:dataMultirateSaved_rtl_0|altsyncram_60h1:auto_generated|ram_block1a0~porta_address_reg0                                                                                                      ; clk          ; clk         ; 0.000        ; 0.434      ; 1.029      ;
; 0.374 ; ID00001011_aipScopeNoMPU:ID00001011|ID00001011_scopeNoMPU_core:SCOPENOMPU_CORE|ID00001011_scopeNoMPU_datapath:SCOPENOMPU_DP|ID00001012_scopeSignalMapper_core:MAPPERCORE|ID00001012_scopeSignalMapper_controlpath:SCOPEMAPPER_CP|rd_addr[7]                                                                                     ; ID00001011_aipScopeNoMPU:ID00001011|ID00001011_scopeNoMPU_core:SCOPENOMPU_CORE|ID00001011_scopeNoMPU_datapath:SCOPENOMPU_DP|altsyncram:dataMultirateSaved_rtl_0|altsyncram_60h1:auto_generated|ram_block1a0~portb_address_reg0                                                                                                      ; clk          ; clk         ; 0.000        ; 0.438      ; 1.034      ;
; 0.375 ; ID00001011_aipScopeNoMPU:ID00001011|ID00001011_scopeNoMPU_core:SCOPENOMPU_CORE|ID00001011_scopeNoMPU_datapath:SCOPENOMPU_DP|ID0000100D_collector2scope_core:ID0000100D_COLLECTOR_CORE|ID0000100D_collector2scope_datapath:ID0000100D_DP|intpol2scope_core:COLLECT_INTPOL_CORE0|intpol2scope_fsm:FSM1|w_addr_mem_out_out_reg[2]  ; ID00001011_aipScopeNoMPU:ID00001011|ID00001011_scopeNoMPU_core:SCOPENOMPU_CORE|ID00001011_scopeNoMPU_datapath:SCOPENOMPU_DP|altsyncram:dataColl_rtl_0|altsyncram_vvg1:auto_generated|ram_block1a0~porta_address_reg0                                                                                                                ; clk          ; clk         ; 0.000        ; 0.437      ; 1.034      ;
; 0.376 ; ID00001011_aipScopeNoMPU:ID00001011|ID00001011_scopeNoMPU_core:SCOPENOMPU_CORE|ID00001011_scopeNoMPU_datapath:SCOPENOMPU_DP|ID00001012_scopeSignalMapper_core:MAPPERCORE|ID00001012_scopeSignalMapper_controlpath:SCOPEMAPPER_CP|rd_addr[2]                                                                                     ; ID00001011_aipScopeNoMPU:ID00001011|ID00001011_scopeNoMPU_core:SCOPENOMPU_CORE|ID00001011_scopeNoMPU_datapath:SCOPENOMPU_DP|altsyncram:dataMultirateSaved_rtl_0|altsyncram_60h1:auto_generated|ram_block1a0~portb_address_reg0                                                                                                      ; clk          ; clk         ; 0.000        ; 0.438      ; 1.036      ;
; 0.377 ; ID00001011_aipScopeNoMPU:ID00001011|ID00001011_scopeNoMPU_core:SCOPENOMPU_CORE|ID00001011_scopeNoMPU_datapath:SCOPENOMPU_DP|wr_addr_mapped_localMem_reg[1]                                                                                                                                                                      ; ID00001011_aipScopeNoMPU:ID00001011|ID00001011_scopeNoMPU_core:SCOPENOMPU_CORE|ID00001011_scopeNoMPU_datapath:SCOPENOMPU_DP|altsyncram:dataMapped_localMem_rtl_0|altsyncram_65h1:auto_generated|ram_block1a11~porta_address_reg0                                                                                                    ; clk          ; clk         ; 0.000        ; 0.443      ; 1.042      ;
; 0.379 ; ID00001011_aipScopeNoMPU:ID00001011|ID00001011_scopeNoMPU_core:SCOPENOMPU_CORE|ID00001011_scopeNoMPU_datapath:SCOPENOMPU_DP|ID00001012_scopeSignalMapper_core:MAPPERCORE|ID00001012_scopeSignalMapper_controlpath:SCOPEMAPPER_CP|wr_addr_local[6]                                                                               ; ID00001011_aipScopeNoMPU:ID00001011|ID00001011_scopeNoMPU_core:SCOPENOMPU_CORE|ID00001011_scopeNoMPU_datapath:SCOPENOMPU_DP|ID00001012_scopeSignalMapper_core:MAPPERCORE|ID00001012_scopeSignalMapper_datapath:SCOPEMAPPER_DP|altsyncram:dataNormalized_rtl_0|altsyncram_uvg1:auto_generated|ram_block1a6~porta_address_reg0        ; clk          ; clk         ; 0.000        ; 0.443      ; 1.044      ;
; 0.381 ; ID00001011_aipScopeNoMPU:ID00001011|ID00001011_scopeNoMPU_core:SCOPENOMPU_CORE|ID00001011_scopeNoMPU_datapath:SCOPENOMPU_DP|intpolFrac_core:INTPOLFRAC_CORE|intpolFrac_datapath:INTFRAC_DP|ID0000100F_decim2frac_core:DECIM_CORE|ID0000100F_decim2frac_controlpath:DCM_CP|cnt_rd_addr[0]                                        ; ID00001011_aipScopeNoMPU:ID00001011|ID00001011_scopeNoMPU_core:SCOPENOMPU_CORE|ID00001011_scopeNoMPU_datapath:SCOPENOMPU_DP|intpolFrac_core:INTPOLFRAC_CORE|intpolFrac_datapath:INTFRAC_DP|altsyncram:local_mem_rtl_0|altsyncram_e6h1:auto_generated|ram_block1a11~portb_address_reg0                                               ; clk          ; clk         ; 0.000        ; 0.443      ; 1.046      ;
; 0.382 ; ID00001011_aipScopeNoMPU:ID00001011|ID00001011_scopeNoMPU_core:SCOPENOMPU_CORE|ID00001011_scopeNoMPU_datapath:SCOPENOMPU_DP|wr_addr_mapped_localMem_reg[9]                                                                                                                                                                      ; ID00001011_aipScopeNoMPU:ID00001011|ID00001011_scopeNoMPU_core:SCOPENOMPU_CORE|ID00001011_scopeNoMPU_datapath:SCOPENOMPU_DP|altsyncram:dataMapped_localMem_rtl_0|altsyncram_65h1:auto_generated|ram_block1a11~porta_address_reg0                                                                                                    ; clk          ; clk         ; 0.000        ; 0.443      ; 1.047      ;
; 0.382 ; ID00001011_aipScopeNoMPU:ID00001011|ID00001011_scopeNoMPU_core:SCOPENOMPU_CORE|ID00001011_scopeNoMPU_datapath:SCOPENOMPU_DP|ID00001009_decim2scope_core:ID00001009_DECIM_CORE|ID00001009_decim2scope_controlpath:ID00001009_DCM_CP|cnt_wr_mem_out_addr[3]                                                                       ; ID00001011_aipScopeNoMPU:ID00001011|ID00001011_scopeNoMPU_core:SCOPENOMPU_CORE|ID00001011_scopeNoMPU_datapath:SCOPENOMPU_DP|altsyncram:dataDecim_rtl_0|altsyncram_vvg1:auto_generated|ram_block1a0~porta_address_reg0                                                                                                               ; clk          ; clk         ; 0.000        ; 0.432      ; 1.036      ;
; 0.383 ; ID00001011_aipScopeNoMPU:ID00001011|ID00001011_scopeNoMPU_core:SCOPENOMPU_CORE|ID00001011_scopeNoMPU_datapath:SCOPENOMPU_DP|ID00001012_scopeSignalMapper_core:MAPPERCORE|ID00001012_scopeSignalMapper_controlpath:SCOPEMAPPER_CP|wr_addr_local[1]                                                                               ; ID00001011_aipScopeNoMPU:ID00001011|ID00001011_scopeNoMPU_core:SCOPENOMPU_CORE|ID00001011_scopeNoMPU_datapath:SCOPENOMPU_DP|ID00001012_scopeSignalMapper_core:MAPPERCORE|ID00001012_scopeSignalMapper_datapath:SCOPEMAPPER_DP|altsyncram:dataNormalized_rtl_0|altsyncram_uvg1:auto_generated|ram_block1a0~porta_address_reg0        ; clk          ; clk         ; 0.000        ; 0.446      ; 1.051      ;
; 0.383 ; ID00001011_aipScopeNoMPU:ID00001011|ID00001011_scopeNoMPU_core:SCOPENOMPU_CORE|ID00001011_scopeNoMPU_datapath:SCOPENOMPU_DP|ID0000100D_collector2scope_core:ID0000100D_COLLECTOR_CORE|ID0000100D_collector2scope_datapath:ID0000100D_DP|intpol2scope_core:COLLECT_INTPOL_CORE0|intpol2scope_fsm:FSM1|r_addr_mem_in_0_out_reg[0] ; ID00001011_aipScopeNoMPU:ID00001011|ID00001011_scopeNoMPU_core:SCOPENOMPU_CORE|ID00001011_scopeNoMPU_datapath:SCOPENOMPU_DP|ID0000100D_collector2scope_core:ID0000100D_COLLECTOR_CORE|ID0000100D_collector2scope_datapath:ID0000100D_DP|altsyncram:dataCollect_rtl_0|altsyncram_isg1:auto_generated|ram_block1a0~portb_address_reg0 ; clk          ; clk         ; 0.000        ; 0.422      ; 1.027      ;
; 0.385 ; ID00001011_aipScopeNoMPU:ID00001011|ID00001011_scopeNoMPU_core:SCOPENOMPU_CORE|ID00001011_scopeNoMPU_datapath:SCOPENOMPU_DP|ID00001008_ILI9327Core:SCOPECORE|ID00001008_TxVideo:TxVideo|addrMemCnt[3]                                                                                                                           ; ID00001011_aipScopeNoMPU:ID00001011|ID00001011_scopeNoMPU_core:SCOPENOMPU_CORE|ID00001011_scopeNoMPU_datapath:SCOPENOMPU_DP|altsyncram:dataMapped_localMem_rtl_0|altsyncram_65h1:auto_generated|ram_block1a11~portb_address_reg0                                                                                                    ; clk          ; clk         ; 0.000        ; 0.437      ; 1.044      ;
; 0.385 ; ID00001011_aipScopeNoMPU:ID00001011|ID00001011_scopeNoMPU_core:SCOPENOMPU_CORE|ID00001011_scopeNoMPU_datapath:SCOPENOMPU_DP|ID00001012_scopeSignalMapper_core:MAPPERCORE|ID00001012_scopeSignalMapper_controlpath:SCOPEMAPPER_CP|rd_addr_local[1]                                                                               ; ID00001011_aipScopeNoMPU:ID00001011|ID00001011_scopeNoMPU_core:SCOPENOMPU_CORE|ID00001011_scopeNoMPU_datapath:SCOPENOMPU_DP|ID00001012_scopeSignalMapper_core:MAPPERCORE|ID00001012_scopeSignalMapper_datapath:SCOPEMAPPER_DP|altsyncram:dataNormalized_rtl_0|altsyncram_uvg1:auto_generated|ram_block1a0~portb_address_reg0        ; clk          ; clk         ; 0.000        ; 0.445      ; 1.052      ;
; 0.386 ; ID00001011_aipScopeNoMPU:ID00001011|ID00001011_scopeNoMPU_core:SCOPENOMPU_CORE|ID00001011_scopeNoMPU_datapath:SCOPENOMPU_DP|ID0000204D_FFT_core:FFT_Inst|_069_[0]                                                                                                                                                               ; ID00001011_aipScopeNoMPU:ID00001011|ID00001011_scopeNoMPU_core:SCOPENOMPU_CORE|ID00001011_scopeNoMPU_datapath:SCOPENOMPU_DP|ID0000204D_FFT_core:FFT_Inst|_069_[0]                                                                                                                                                                   ; clk          ; clk         ; 0.000        ; 0.097      ; 0.669      ;
; 0.386 ; ID00001011_aipScopeNoMPU:ID00001011|ID00001011_scopeNoMPU_core:SCOPENOMPU_CORE|ID00001011_scopeNoMPU_datapath:SCOPENOMPU_DP|ID0000204D_FFT_core:FFT_Inst|_069_[6]                                                                                                                                                               ; ID00001011_aipScopeNoMPU:ID00001011|ID00001011_scopeNoMPU_core:SCOPENOMPU_CORE|ID00001011_scopeNoMPU_datapath:SCOPENOMPU_DP|ID0000204D_FFT_core:FFT_Inst|_069_[6]                                                                                                                                                                   ; clk          ; clk         ; 0.000        ; 0.097      ; 0.669      ;
; 0.386 ; ID00001011_aipScopeNoMPU:ID00001011|ID00001011_scopeNoMPU_core:SCOPENOMPU_CORE|ID00001011_scopeNoMPU_datapath:SCOPENOMPU_DP|ID0000204D_FFT_core:FFT_Inst|_164_[1]                                                                                                                                                               ; ID00001011_aipScopeNoMPU:ID00001011|ID00001011_scopeNoMPU_core:SCOPENOMPU_CORE|ID00001011_scopeNoMPU_datapath:SCOPENOMPU_DP|ID0000204D_FFT_core:FFT_Inst|_164_[1]                                                                                                                                                                   ; clk          ; clk         ; 0.000        ; 0.097      ; 0.669      ;
; 0.386 ; ID00001011_aipScopeNoMPU:ID00001011|ID00001011_scopeNoMPU_aip:INTERFACE|ID00001011_scopeNoMPU_aipModules:AIP|ID00001011_scopeNoMPU_aipCtrl:CNTRL|regWrAddrMemIn[0][9]                                                                                                                                                           ; ID00001011_aipScopeNoMPU:ID00001011|ID00001011_scopeNoMPU_aip:INTERFACE|ID00001011_scopeNoMPU_aipModules:AIP|simple_dual_port_ram_single_clk:MEMIN[0].MEMIN|altsyncram:RAM_Structure_rtl_0|altsyncram_imc1:auto_generated|ram_block1a2~porta_address_reg0                                                                           ; clk          ; clk         ; 0.000        ; 0.433      ; 1.041      ;
; 0.387 ; ID00001011_aipScopeNoMPU:ID00001011|ID00001011_scopeNoMPU_core:SCOPENOMPU_CORE|ID00001011_scopeNoMPU_datapath:SCOPENOMPU_DP|ID0000204D_FFT_core:FFT_Inst|_082_[0]                                                                                                                                                               ; ID00001011_aipScopeNoMPU:ID00001011|ID00001011_scopeNoMPU_core:SCOPENOMPU_CORE|ID00001011_scopeNoMPU_datapath:SCOPENOMPU_DP|ID0000204D_FFT_core:FFT_Inst|_082_[0]                                                                                                                                                                   ; clk          ; clk         ; 0.000        ; 0.096      ; 0.669      ;
; 0.387 ; ID00001011_aipScopeNoMPU:ID00001011|ID00001011_scopeNoMPU_core:SCOPENOMPU_CORE|ID00001011_scopeNoMPU_datapath:SCOPENOMPU_DP|ID0000204D_FFT_core:FFT_Inst|_071_                                                                                                                                                                  ; ID00001011_aipScopeNoMPU:ID00001011|ID00001011_scopeNoMPU_core:SCOPENOMPU_CORE|ID00001011_scopeNoMPU_datapath:SCOPENOMPU_DP|ID0000204D_FFT_core:FFT_Inst|_071_                                                                                                                                                                      ; clk          ; clk         ; 0.000        ; 0.096      ; 0.669      ;
; 0.387 ; ID00001011_aipScopeNoMPU:ID00001011|ID00001011_scopeNoMPU_aip:INTERFACE|ID00001011_scopeNoMPU_aipModules:AIP|ID00001011_scopeNoMPU_aipCtrl:CNTRL|regWrAddrMemIn[0][7]                                                                                                                                                           ; ID00001011_aipScopeNoMPU:ID00001011|ID00001011_scopeNoMPU_aip:INTERFACE|ID00001011_scopeNoMPU_aipModules:AIP|simple_dual_port_ram_single_clk:MEMIN[0].MEMIN|altsyncram:RAM_Structure_rtl_0|altsyncram_imc1:auto_generated|ram_block1a2~porta_address_reg0                                                                           ; clk          ; clk         ; 0.000        ; 0.433      ; 1.042      ;
; 0.388 ; ID00001011_aipScopeNoMPU:ID00001011|ID00001011_scopeNoMPU_core:SCOPENOMPU_CORE|ID00001011_scopeNoMPU_datapath:SCOPENOMPU_DP|ID0000204D_FFT_core:FFT_Inst|_069_[4]                                                                                                                                                               ; ID00001011_aipScopeNoMPU:ID00001011|ID00001011_scopeNoMPU_core:SCOPENOMPU_CORE|ID00001011_scopeNoMPU_datapath:SCOPENOMPU_DP|ID0000204D_FFT_core:FFT_Inst|_069_[4]                                                                                                                                                                   ; clk          ; clk         ; 0.000        ; 0.095      ; 0.669      ;
; 0.389 ; ID00001011_aipScopeNoMPU:ID00001011|ID00001011_scopeNoMPU_core:SCOPENOMPU_CORE|ID00001011_scopeNoMPU_datapath:SCOPENOMPU_DP|ID00001012_scopeSignalMapper_core:MAPPERCORE|ID00001012_scopeSignalMapper_controlpath:SCOPEMAPPER_CP|wr_addr_local[4]                                                                               ; ID00001011_aipScopeNoMPU:ID00001011|ID00001011_scopeNoMPU_core:SCOPENOMPU_CORE|ID00001011_scopeNoMPU_datapath:SCOPENOMPU_DP|ID00001012_scopeSignalMapper_core:MAPPERCORE|ID00001012_scopeSignalMapper_datapath:SCOPEMAPPER_DP|altsyncram:dataNormalized_rtl_0|altsyncram_uvg1:auto_generated|ram_block1a0~porta_address_reg0        ; clk          ; clk         ; 0.000        ; 0.446      ; 1.057      ;
; 0.389 ; ID00001011_aipScopeNoMPU:ID00001011|ID00001011_scopeNoMPU_core:SCOPENOMPU_CORE|ID00001011_scopeNoMPU_datapath:SCOPENOMPU_DP|intpolFrac_core:INTPOLFRAC_CORE|intpolFrac_datapath:INTFRAC_DP|ID0000100F_decim2frac_core:DECIM_CORE|ID0000100F_decim2frac_controlpath:DCM_CP|cnt_wr_mem_out_addr[8]                                ; ID00001011_aipScopeNoMPU:ID00001011|ID00001011_scopeNoMPU_core:SCOPENOMPU_CORE|ID00001011_scopeNoMPU_datapath:SCOPENOMPU_DP|altsyncram:dataMultirateSaved_rtl_0|altsyncram_60h1:auto_generated|ram_block1a0~porta_address_reg0                                                                                                      ; clk          ; clk         ; 0.000        ; 0.434      ; 1.045      ;
; 0.389 ; ID00001011_aipScopeNoMPU:ID00001011|ID00001011_scopeNoMPU_core:SCOPENOMPU_CORE|ID00001011_scopeNoMPU_datapath:SCOPENOMPU_DP|intpolFrac_core:INTPOLFRAC_CORE|intpolFrac_datapath:INTFRAC_DP|ID0000100F_decim2frac_core:DECIM_CORE|ID0000100F_decim2frac_controlpath:DCM_CP|cnt_rd_addr[3]                                        ; ID00001011_aipScopeNoMPU:ID00001011|ID00001011_scopeNoMPU_core:SCOPENOMPU_CORE|ID00001011_scopeNoMPU_datapath:SCOPENOMPU_DP|intpolFrac_core:INTPOLFRAC_CORE|intpolFrac_datapath:INTFRAC_DP|altsyncram:local_mem_rtl_0|altsyncram_e6h1:auto_generated|ram_block1a11~portb_address_reg0                                               ; clk          ; clk         ; 0.000        ; 0.443      ; 1.054      ;
; 0.390 ; ID00001011_aipScopeNoMPU:ID00001011|ID00001011_scopeNoMPU_core:SCOPENOMPU_CORE|ID00001011_scopeNoMPU_datapath:SCOPENOMPU_DP|ID00001008_ILI9327Core:SCOPECORE|ID00001008_TxVideo:TxVideo|addrMemCnt[10]                                                                                                                          ; ID00001011_aipScopeNoMPU:ID00001011|ID00001011_scopeNoMPU_core:SCOPENOMPU_CORE|ID00001011_scopeNoMPU_datapath:SCOPENOMPU_DP|altsyncram:dataMapped_localMem_rtl_0|altsyncram_65h1:auto_generated|ram_block1a11~portb_address_reg0                                                                                                    ; clk          ; clk         ; 0.000        ; 0.437      ; 1.049      ;
; 0.390 ; ID00001011_aipScopeNoMPU:ID00001011|ID00001011_scopeNoMPU_core:SCOPENOMPU_CORE|ID00001011_scopeNoMPU_datapath:SCOPENOMPU_DP|intpolFrac_core:INTPOLFRAC_CORE|intpolFrac_datapath:INTFRAC_DP|intpol2scope_core:INTPOL_CORE|intpol2scope_fsm:FSM1|w_addr_mem_out_out_reg[2]                                                        ; ID00001011_aipScopeNoMPU:ID00001011|ID00001011_scopeNoMPU_core:SCOPENOMPU_CORE|ID00001011_scopeNoMPU_datapath:SCOPENOMPU_DP|intpolFrac_core:INTPOLFRAC_CORE|intpolFrac_datapath:INTFRAC_DP|altsyncram:local_mem_rtl_0|altsyncram_e6h1:auto_generated|ram_block1a15~porta_address_reg0                                               ; clk          ; clk         ; 0.000        ; 0.433      ; 1.045      ;
; 0.390 ; ID00001011_aipScopeNoMPU:ID00001011|ID00001011_scopeNoMPU_core:SCOPENOMPU_CORE|ID00001011_scopeNoMPU_datapath:SCOPENOMPU_DP|ID00001012_scopeSignalMapper_core:MAPPERCORE|ID00001012_scopeSignalMapper_controlpath:SCOPEMAPPER_CP|rd_addr[0]                                                                                     ; ID00001011_aipScopeNoMPU:ID00001011|ID00001011_scopeNoMPU_core:SCOPENOMPU_CORE|ID00001011_scopeNoMPU_datapath:SCOPENOMPU_DP|altsyncram:dataMultirateSaved_rtl_0|altsyncram_60h1:auto_generated|ram_block1a0~portb_address_reg0                                                                                                      ; clk          ; clk         ; 0.000        ; 0.438      ; 1.050      ;
; 0.391 ; ID00001011_aipScopeNoMPU:ID00001011|ID00001011_scopeNoMPU_core:SCOPENOMPU_CORE|ID00001011_scopeNoMPU_datapath:SCOPENOMPU_DP|ID0000204D_FFT_core:FFT_Inst|_182_                                                                                                                                                                  ; ID00001011_aipScopeNoMPU:ID00001011|ID00001011_scopeNoMPU_core:SCOPENOMPU_CORE|ID00001011_scopeNoMPU_datapath:SCOPENOMPU_DP|ID0000204D_FFT_core:FFT_Inst|_182_                                                                                                                                                                      ; clk          ; clk         ; 0.000        ; 0.097      ; 0.674      ;
; 0.391 ; ID00001011_aipScopeNoMPU:ID00001011|ID00001011_scopeNoMPU_core:SCOPENOMPU_CORE|ID00001011_scopeNoMPU_datapath:SCOPENOMPU_DP|ID0000100C_modCuad_core:MODCUAD_CORE|ID0000100C_modCuad_controlpath:modCuad_CP|cnt_rd[2]                                                                                                            ; ID00001011_aipScopeNoMPU:ID00001011|ID00001011_scopeNoMPU_core:SCOPENOMPU_CORE|ID00001011_scopeNoMPU_datapath:SCOPENOMPU_DP|altsyncram:dataFFTSaved_rtl_0|altsyncram_vvg1:auto_generated|ram_block1a0~portb_address_reg0                                                                                                            ; clk          ; clk         ; 0.000        ; 0.439      ; 1.052      ;
; 0.393 ; ID00001011_aipScopeNoMPU:ID00001011|ID00001011_scopeNoMPU_core:SCOPENOMPU_CORE|ID00001011_scopeNoMPU_datapath:SCOPENOMPU_DP|ID0000204D_FFT_core:FFT_Inst|_164_[0]                                                                                                                                                               ; ID00001011_aipScopeNoMPU:ID00001011|ID00001011_scopeNoMPU_core:SCOPENOMPU_CORE|ID00001011_scopeNoMPU_datapath:SCOPENOMPU_DP|ID0000204D_FFT_core:FFT_Inst|_164_[0]                                                                                                                                                                   ; clk          ; clk         ; 0.000        ; 0.095      ; 0.674      ;
; 0.396 ; ID00001011_aipScopeNoMPU:ID00001011|ID00001011_scopeNoMPU_core:SCOPENOMPU_CORE|ID00001011_scopeNoMPU_datapath:SCOPENOMPU_DP|ID00001012_scopeSignalMapper_core:MAPPERCORE|ID00001012_scopeSignalMapper_controlpath:SCOPEMAPPER_CP|rd_addr[4]                                                                                     ; ID00001011_aipScopeNoMPU:ID00001011|ID00001011_scopeNoMPU_core:SCOPENOMPU_CORE|ID00001011_scopeNoMPU_datapath:SCOPENOMPU_DP|altsyncram:dataMultirateSaved_rtl_0|altsyncram_60h1:auto_generated|ram_block1a0~portb_address_reg0                                                                                                      ; clk          ; clk         ; 0.000        ; 0.438      ; 1.056      ;
; 0.397 ; ID00001011_aipScopeNoMPU:ID00001011|ID00001011_scopeNoMPU_core:SCOPENOMPU_CORE|ID00001011_scopeNoMPU_datapath:SCOPENOMPU_DP|ID0000100C_modCuad_core:MODCUAD_CORE|ID0000100C_modCuad_controlpath:modCuad_CP|cnt_rd[2]                                                                                                            ; ID00001011_aipScopeNoMPU:ID00001011|ID00001011_scopeNoMPU_core:SCOPENOMPU_CORE|ID00001011_scopeNoMPU_datapath:SCOPENOMPU_DP|altsyncram:dataColl_rtl_0|altsyncram_vvg1:auto_generated|ram_block1a0~portb_address_reg0                                                                                                                ; clk          ; clk         ; 0.000        ; 0.436      ; 1.055      ;
; 0.399 ; ID00001011_aipScopeNoMPU:ID00001011|ID00001011_scopeNoMPU_core:SCOPENOMPU_CORE|ID00001011_scopeNoMPU_datapath:SCOPENOMPU_DP|intpolFrac_core:INTPOLFRAC_CORE|intpolFrac_datapath:INTFRAC_DP|ID0000100F_decim2frac_core:DECIM_CORE|ID0000100F_decim2frac_controlpath:DCM_CP|cnt_rd_addr[10]                                       ; ID00001011_aipScopeNoMPU:ID00001011|ID00001011_scopeNoMPU_core:SCOPENOMPU_CORE|ID00001011_scopeNoMPU_datapath:SCOPENOMPU_DP|intpolFrac_core:INTPOLFRAC_CORE|intpolFrac_datapath:INTFRAC_DP|altsyncram:local_mem_rtl_0|altsyncram_e6h1:auto_generated|ram_block1a11~portb_address_reg0                                               ; clk          ; clk         ; 0.000        ; 0.443      ; 1.064      ;
; 0.400 ; ID00001011_aipScopeNoMPU:ID00001011|ID00001011_scopeNoMPU_core:SCOPENOMPU_CORE|ID00001011_scopeNoMPU_datapath:SCOPENOMPU_DP|ID00001012_scopeSignalMapper_core:MAPPERCORE|ID00001012_scopeSignalMapper_controlpath:SCOPEMAPPER_CP|wr_addr_local[3]                                                                               ; ID00001011_aipScopeNoMPU:ID00001011|ID00001011_scopeNoMPU_core:SCOPENOMPU_CORE|ID00001011_scopeNoMPU_datapath:SCOPENOMPU_DP|ID00001012_scopeSignalMapper_core:MAPPERCORE|ID00001012_scopeSignalMapper_datapath:SCOPEMAPPER_DP|altsyncram:dataNormalized_rtl_0|altsyncram_uvg1:auto_generated|ram_block1a6~porta_address_reg0        ; clk          ; clk         ; 0.000        ; 0.443      ; 1.065      ;
; 0.400 ; ID00001011_aipScopeNoMPU:ID00001011|ID00001011_scopeNoMPU_aip:INTERFACE|ID00001011_scopeNoMPU_aipModules:AIP|ID00001011_scopeNoMPU_aipCtrl:CNTRL|regWrAddrMemIn[0][2]                                                                                                                                                           ; ID00001011_aipScopeNoMPU:ID00001011|ID00001011_scopeNoMPU_aip:INTERFACE|ID00001011_scopeNoMPU_aipModules:AIP|simple_dual_port_ram_single_clk:MEMIN[0].MEMIN|altsyncram:RAM_Structure_rtl_0|altsyncram_imc1:auto_generated|ram_block1a2~porta_address_reg0                                                                           ; clk          ; clk         ; 0.000        ; 0.433      ; 1.055      ;
; 0.400 ; ID00001011_aipScopeNoMPU:ID00001011|ID00001011_scopeNoMPU_core:SCOPENOMPU_CORE|ID00001011_scopeNoMPU_controlpath:SCOPENOMPU_CP|state_reg.WAITRST_DONE                                                                                                                                                                           ; ID00001011_aipScopeNoMPU:ID00001011|ID00001011_scopeNoMPU_core:SCOPENOMPU_CORE|ID00001011_scopeNoMPU_controlpath:SCOPENOMPU_CP|state_reg.WAITRST_DONE                                                                                                                                                                               ; clk          ; clk         ; 0.000        ; 0.083      ; 0.669      ;
; 0.400 ; ID00001011_aipScopeNoMPU:ID00001011|ID00001011_scopeNoMPU_core:SCOPENOMPU_CORE|ID00001011_scopeNoMPU_datapath:SCOPENOMPU_DP|ID00001012_scopeSignalMapper_core:MAPPERCORE|ID00001012_scopeSignalMapper_controlpath:SCOPEMAPPER_CP|rd_addr_local[1]                                                                               ; ID00001011_aipScopeNoMPU:ID00001011|ID00001011_scopeNoMPU_core:SCOPENOMPU_CORE|ID00001011_scopeNoMPU_datapath:SCOPENOMPU_DP|ID00001012_scopeSignalMapper_core:MAPPERCORE|ID00001012_scopeSignalMapper_datapath:SCOPEMAPPER_DP|altsyncram:dataNormalized_rtl_0|altsyncram_uvg1:auto_generated|ram_block1a6~portb_address_reg0        ; clk          ; clk         ; 0.000        ; 0.442      ; 1.064      ;
; 0.401 ; ID00001011_aipScopeNoMPU:ID00001011|ID00001011_scopeNoMPU_core:SCOPENOMPU_CORE|ID00001011_scopeNoMPU_datapath:SCOPENOMPU_DP|ID00001008_ILI9327Core:SCOPECORE|ID00001008_TxVideo:TxVideo|addrMemCnt[11]                                                                                                                          ; ID00001011_aipScopeNoMPU:ID00001011|ID00001011_scopeNoMPU_core:SCOPENOMPU_CORE|ID00001011_scopeNoMPU_datapath:SCOPENOMPU_DP|ID00001008_ILI9327Core:SCOPECORE|ID00001008_TxVideo:TxVideo|addrMemCnt[11]                                                                                                                              ; clk          ; clk         ; 0.000        ; 0.082      ; 0.669      ;
; 0.401 ; ID00001011_aipScopeNoMPU:ID00001011|ID00001011_scopeNoMPU_core:SCOPENOMPU_CORE|ID00001011_scopeNoMPU_datapath:SCOPENOMPU_DP|ID00001008_ILI9327Core:SCOPECORE|ID00001008_TxVideo:TxVideo|addrMemCnt[4]                                                                                                                           ; ID00001011_aipScopeNoMPU:ID00001011|ID00001011_scopeNoMPU_core:SCOPENOMPU_CORE|ID00001011_scopeNoMPU_datapath:SCOPENOMPU_DP|ID00001008_ILI9327Core:SCOPECORE|ID00001008_TxVideo:TxVideo|addrMemCnt[4]                                                                                                                               ; clk          ; clk         ; 0.000        ; 0.082      ; 0.669      ;
; 0.401 ; ID00001011_aipScopeNoMPU:ID00001011|ID00001011_scopeNoMPU_core:SCOPENOMPU_CORE|ID00001011_scopeNoMPU_datapath:SCOPENOMPU_DP|ID00001008_ILI9327Core:SCOPECORE|ID00001008_TxVideo:TxVideo|addrMemCnt[5]                                                                                                                           ; ID00001011_aipScopeNoMPU:ID00001011|ID00001011_scopeNoMPU_core:SCOPENOMPU_CORE|ID00001011_scopeNoMPU_datapath:SCOPENOMPU_DP|ID00001008_ILI9327Core:SCOPECORE|ID00001008_TxVideo:TxVideo|addrMemCnt[5]                                                                                                                               ; clk          ; clk         ; 0.000        ; 0.082      ; 0.669      ;
; 0.401 ; ID00001011_aipScopeNoMPU:ID00001011|ID00001011_scopeNoMPU_core:SCOPENOMPU_CORE|ID00001011_scopeNoMPU_datapath:SCOPENOMPU_DP|ID00001008_ILI9327Core:SCOPECORE|ID00001008_TxVideo:TxVideo|addrMemCnt[7]                                                                                                                           ; ID00001011_aipScopeNoMPU:ID00001011|ID00001011_scopeNoMPU_core:SCOPENOMPU_CORE|ID00001011_scopeNoMPU_datapath:SCOPENOMPU_DP|ID00001008_ILI9327Core:SCOPECORE|ID00001008_TxVideo:TxVideo|addrMemCnt[7]                                                                                                                               ; clk          ; clk         ; 0.000        ; 0.082      ; 0.669      ;
; 0.401 ; ID00001011_aipScopeNoMPU:ID00001011|ID00001011_scopeNoMPU_core:SCOPENOMPU_CORE|ID00001011_scopeNoMPU_datapath:SCOPENOMPU_DP|ID00001008_ILI9327Core:SCOPECORE|ID00001008_TxCmd:TxCmd|currStCmd.WAIT_COMMAND                                                                                                                      ; ID00001011_aipScopeNoMPU:ID00001011|ID00001011_scopeNoMPU_core:SCOPENOMPU_CORE|ID00001011_scopeNoMPU_datapath:SCOPENOMPU_DP|ID00001008_ILI9327Core:SCOPECORE|ID00001008_TxCmd:TxCmd|currStCmd.WAIT_COMMAND                                                                                                                          ; clk          ; clk         ; 0.000        ; 0.082      ; 0.669      ;
; 0.401 ; ID00001011_aipScopeNoMPU:ID00001011|ID00001011_scopeNoMPU_core:SCOPENOMPU_CORE|ID00001011_scopeNoMPU_datapath:SCOPENOMPU_DP|ID00001008_ILI9327Core:SCOPECORE|ID00001008_TxCmd:TxCmd|currStCmd.TX_PARAM_BYTE4                                                                                                                    ; ID00001011_aipScopeNoMPU:ID00001011|ID00001011_scopeNoMPU_core:SCOPENOMPU_CORE|ID00001011_scopeNoMPU_datapath:SCOPENOMPU_DP|ID00001008_ILI9327Core:SCOPECORE|ID00001008_TxCmd:TxCmd|currStCmd.TX_PARAM_BYTE4                                                                                                                        ; clk          ; clk         ; 0.000        ; 0.082      ; 0.669      ;
; 0.401 ; ID00001011_aipScopeNoMPU:ID00001011|ID00001011_scopeNoMPU_core:SCOPENOMPU_CORE|ID00001011_scopeNoMPU_datapath:SCOPENOMPU_DP|ID00001008_ILI9327Core:SCOPECORE|ID00001008_TxCmd:TxCmd|currStCmd.TX_PARAM_BYTE3                                                                                                                    ; ID00001011_aipScopeNoMPU:ID00001011|ID00001011_scopeNoMPU_core:SCOPENOMPU_CORE|ID00001011_scopeNoMPU_datapath:SCOPENOMPU_DP|ID00001008_ILI9327Core:SCOPECORE|ID00001008_TxCmd:TxCmd|currStCmd.TX_PARAM_BYTE3                                                                                                                        ; clk          ; clk         ; 0.000        ; 0.082      ; 0.669      ;
; 0.401 ; ID00001011_aipScopeNoMPU:ID00001011|ID00001011_scopeNoMPU_core:SCOPENOMPU_CORE|ID00001011_scopeNoMPU_datapath:SCOPENOMPU_DP|ID00001008_ILI9327Core:SCOPECORE|ID00001008_TxCmd:TxCmd|currStCmd.TX_PARAM_BYTE2                                                                                                                    ; ID00001011_aipScopeNoMPU:ID00001011|ID00001011_scopeNoMPU_core:SCOPENOMPU_CORE|ID00001011_scopeNoMPU_datapath:SCOPENOMPU_DP|ID00001008_ILI9327Core:SCOPECORE|ID00001008_TxCmd:TxCmd|currStCmd.TX_PARAM_BYTE2                                                                                                                        ; clk          ; clk         ; 0.000        ; 0.082      ; 0.669      ;
; 0.401 ; ID00001011_aipScopeNoMPU:ID00001011|ID00001011_scopeNoMPU_core:SCOPENOMPU_CORE|ID00001011_scopeNoMPU_datapath:SCOPENOMPU_DP|ID00001008_ILI9327Core:SCOPECORE|ID00001008_TxCntrl:TxCntrl|cntTx[3]                                                                                                                                ; ID00001011_aipScopeNoMPU:ID00001011|ID00001011_scopeNoMPU_core:SCOPENOMPU_CORE|ID00001011_scopeNoMPU_datapath:SCOPENOMPU_DP|ID00001008_ILI9327Core:SCOPECORE|ID00001008_TxCntrl:TxCntrl|cntTx[3]                                                                                                                                    ; clk          ; clk         ; 0.000        ; 0.082      ; 0.669      ;
; 0.401 ; ID00001011_aipScopeNoMPU:ID00001011|ID00001011_scopeNoMPU_core:SCOPENOMPU_CORE|ID00001011_scopeNoMPU_datapath:SCOPENOMPU_DP|ID00001008_ILI9327Core:SCOPECORE|ID00001008_TxCntrl:TxCntrl|cntTx[1]                                                                                                                                ; ID00001011_aipScopeNoMPU:ID00001011|ID00001011_scopeNoMPU_core:SCOPENOMPU_CORE|ID00001011_scopeNoMPU_datapath:SCOPENOMPU_DP|ID00001008_ILI9327Core:SCOPECORE|ID00001008_TxCntrl:TxCntrl|cntTx[1]                                                                                                                                    ; clk          ; clk         ; 0.000        ; 0.082      ; 0.669      ;
; 0.401 ; ID00001011_aipScopeNoMPU:ID00001011|ID00001011_scopeNoMPU_core:SCOPENOMPU_CORE|ID00001011_scopeNoMPU_datapath:SCOPENOMPU_DP|ID00001008_ILI9327Core:SCOPECORE|ID00001008_TxCntrl:TxCntrl|cntTx[2]                                                                                                                                ; ID00001011_aipScopeNoMPU:ID00001011|ID00001011_scopeNoMPU_core:SCOPENOMPU_CORE|ID00001011_scopeNoMPU_datapath:SCOPENOMPU_DP|ID00001008_ILI9327Core:SCOPECORE|ID00001008_TxCntrl:TxCntrl|cntTx[2]                                                                                                                                    ; clk          ; clk         ; 0.000        ; 0.082      ; 0.669      ;
; 0.401 ; ID00001011_aipScopeNoMPU:ID00001011|ID00001011_scopeNoMPU_core:SCOPENOMPU_CORE|ID00001011_scopeNoMPU_datapath:SCOPENOMPU_DP|ID00001008_ILI9327Core:SCOPECORE|ID00001008_TxCntrl:TxCntrl|cntTx[0]                                                                                                                                ; ID00001011_aipScopeNoMPU:ID00001011|ID00001011_scopeNoMPU_core:SCOPENOMPU_CORE|ID00001011_scopeNoMPU_datapath:SCOPENOMPU_DP|ID00001008_ILI9327Core:SCOPECORE|ID00001008_TxCntrl:TxCntrl|cntTx[0]                                                                                                                                    ; clk          ; clk         ; 0.000        ; 0.082      ; 0.669      ;
; 0.401 ; ID00001011_aipScopeNoMPU:ID00001011|ID00001011_scopeNoMPU_core:SCOPENOMPU_CORE|ID00001011_scopeNoMPU_datapath:SCOPENOMPU_DP|ID00001008_ILI9327Core:SCOPECORE|ID00001008_TxCntrl:TxCntrl|sclReg                                                                                                                                  ; ID00001011_aipScopeNoMPU:ID00001011|ID00001011_scopeNoMPU_core:SCOPENOMPU_CORE|ID00001011_scopeNoMPU_datapath:SCOPENOMPU_DP|ID00001008_ILI9327Core:SCOPECORE|ID00001008_TxCntrl:TxCntrl|sclReg                                                                                                                                      ; clk          ; clk         ; 0.000        ; 0.082      ; 0.669      ;
; 0.401 ; ID00001011_aipScopeNoMPU:ID00001011|ID00001011_scopeNoMPU_core:SCOPENOMPU_CORE|ID00001011_scopeNoMPU_datapath:SCOPENOMPU_DP|ID0000100C_modCuad_core:MODCUAD_CORE|ID0000100C_modCuad_datapath:modCuad_DP|ID0000100C_modCuad_power2:PW2_IMAG|booth_core:DUT|booth_controlpath:BCP|cnt[0]                                          ; ID00001011_aipScopeNoMPU:ID00001011|ID00001011_scopeNoMPU_core:SCOPENOMPU_CORE|ID00001011_scopeNoMPU_datapath:SCOPENOMPU_DP|ID0000100C_modCuad_core:MODCUAD_CORE|ID0000100C_modCuad_datapath:modCuad_DP|ID0000100C_modCuad_power2:PW2_IMAG|booth_core:DUT|booth_controlpath:BCP|cnt[0]                                              ; clk          ; clk         ; 0.000        ; 0.082      ; 0.669      ;
; 0.401 ; ID00001011_aipScopeNoMPU:ID00001011|ID00001011_scopeNoMPU_core:SCOPENOMPU_CORE|ID00001011_scopeNoMPU_datapath:SCOPENOMPU_DP|ID0000100C_modCuad_core:MODCUAD_CORE|ID0000100C_modCuad_datapath:modCuad_DP|ID0000100C_modCuad_power2:PW2_IMAG|booth_core:DUT|booth_controlpath:BCP|cnt[1]                                          ; ID00001011_aipScopeNoMPU:ID00001011|ID00001011_scopeNoMPU_core:SCOPENOMPU_CORE|ID00001011_scopeNoMPU_datapath:SCOPENOMPU_DP|ID0000100C_modCuad_core:MODCUAD_CORE|ID0000100C_modCuad_datapath:modCuad_DP|ID0000100C_modCuad_power2:PW2_IMAG|booth_core:DUT|booth_controlpath:BCP|cnt[1]                                              ; clk          ; clk         ; 0.000        ; 0.082      ; 0.669      ;
; 0.401 ; ID00001011_aipScopeNoMPU:ID00001011|ID00001011_scopeNoMPU_core:SCOPENOMPU_CORE|ID00001011_scopeNoMPU_datapath:SCOPENOMPU_DP|ID00001012_scopeSignalMapper_core:MAPPERCORE|ID00001012_scopeSignalMapper_controlpath:SCOPEMAPPER_CP|wr_addr_local[1]                                                                               ; ID00001011_aipScopeNoMPU:ID00001011|ID00001011_scopeNoMPU_core:SCOPENOMPU_CORE|ID00001011_scopeNoMPU_datapath:SCOPENOMPU_DP|ID00001012_scopeSignalMapper_core:MAPPERCORE|ID00001012_scopeSignalMapper_datapath:SCOPEMAPPER_DP|altsyncram:dataAverage_rtl_0|altsyncram_atg1:auto_generated|ram_block1a0~porta_address_reg0           ; clk          ; clk         ; 0.000        ; 0.442      ; 1.065      ;
; 0.401 ; ID00001011_aipScopeNoMPU:ID00001011|ID00001011_scopeNoMPU_core:SCOPENOMPU_CORE|ID00001011_scopeNoMPU_datapath:SCOPENOMPU_DP|ID0000100D_collector2scope_core:ID0000100D_COLLECTOR_CORE|ID0000100D_collector2scope_datapath:ID0000100D_DP|intpol2scope_core:COLLECT_INTPOL_CORE1|intpol2scope_fsm:FSM1|state_reg.IDLE             ; ID00001011_aipScopeNoMPU:ID00001011|ID00001011_scopeNoMPU_core:SCOPENOMPU_CORE|ID00001011_scopeNoMPU_datapath:SCOPENOMPU_DP|ID0000100D_collector2scope_core:ID0000100D_COLLECTOR_CORE|ID0000100D_collector2scope_datapath:ID0000100D_DP|intpol2scope_core:COLLECT_INTPOL_CORE1|intpol2scope_fsm:FSM1|state_reg.IDLE                 ; clk          ; clk         ; 0.000        ; 0.082      ; 0.669      ;
; 0.401 ; ID00001011_aipScopeNoMPU:ID00001011|ID00001011_scopeNoMPU_core:SCOPENOMPU_CORE|ID00001011_scopeNoMPU_datapath:SCOPENOMPU_DP|ID0000100D_collector2scope_core:ID0000100D_COLLECTOR_CORE|ID0000100D_collector2scope_datapath:ID0000100D_DP|intpol2scope_core:COLLECT_INTPOL_CORE1|intpol2scope_fsm:FSM1|state_reg.COPY_LAST        ; ID00001011_aipScopeNoMPU:ID00001011|ID00001011_scopeNoMPU_core:SCOPENOMPU_CORE|ID00001011_scopeNoMPU_datapath:SCOPENOMPU_DP|ID0000100D_collector2scope_core:ID0000100D_COLLECTOR_CORE|ID0000100D_collector2scope_datapath:ID0000100D_DP|intpol2scope_core:COLLECT_INTPOL_CORE1|intpol2scope_fsm:FSM1|state_reg.COPY_LAST            ; clk          ; clk         ; 0.000        ; 0.082      ; 0.669      ;
; 0.401 ; ID00001011_aipScopeNoMPU:ID00001011|ID00001011_scopeNoMPU_core:SCOPENOMPU_CORE|ID00001011_scopeNoMPU_datapath:SCOPENOMPU_DP|ID0000100D_collector2scope_core:ID0000100D_COLLECTOR_CORE|ID0000100D_collector2scope_datapath:ID0000100D_DP|intpol2scope_core:COLLECT_INTPOL_CORE1|intpol2scope_fsm:FSM1|copy_cnt[10]               ; ID00001011_aipScopeNoMPU:ID00001011|ID00001011_scopeNoMPU_core:SCOPENOMPU_CORE|ID00001011_scopeNoMPU_datapath:SCOPENOMPU_DP|ID0000100D_collector2scope_core:ID0000100D_COLLECTOR_CORE|ID0000100D_collector2scope_datapath:ID0000100D_DP|intpol2scope_core:COLLECT_INTPOL_CORE1|intpol2scope_fsm:FSM1|copy_cnt[10]                   ; clk          ; clk         ; 0.000        ; 0.082      ; 0.669      ;
; 0.401 ; ID00001011_aipScopeNoMPU:ID00001011|ID00001011_scopeNoMPU_core:SCOPENOMPU_CORE|ID00001011_scopeNoMPU_datapath:SCOPENOMPU_DP|ID0000100D_collector2scope_core:ID0000100D_COLLECTOR_CORE|ID0000100D_collector2scope_datapath:ID0000100D_DP|intpol2scope_core:COLLECT_INTPOL_CORE1|intpol2scope_fsm:FSM1|copy_round[1]              ; ID00001011_aipScopeNoMPU:ID00001011|ID00001011_scopeNoMPU_core:SCOPENOMPU_CORE|ID00001011_scopeNoMPU_datapath:SCOPENOMPU_DP|ID0000100D_collector2scope_core:ID0000100D_COLLECTOR_CORE|ID0000100D_collector2scope_datapath:ID0000100D_DP|intpol2scope_core:COLLECT_INTPOL_CORE1|intpol2scope_fsm:FSM1|copy_round[1]                  ; clk          ; clk         ; 0.000        ; 0.082      ; 0.669      ;
; 0.401 ; ID00001011_aipScopeNoMPU:ID00001011|ID00001011_scopeNoMPU_core:SCOPENOMPU_CORE|ID00001011_scopeNoMPU_datapath:SCOPENOMPU_DP|ID0000100D_collector2scope_core:ID0000100D_COLLECTOR_CORE|ID0000100D_collector2scope_datapath:ID0000100D_DP|intpol2scope_core:COLLECT_INTPOL_CORE1|intpol2scope_fsm:FSM1|copy_round[0]              ; ID00001011_aipScopeNoMPU:ID00001011|ID00001011_scopeNoMPU_core:SCOPENOMPU_CORE|ID00001011_scopeNoMPU_datapath:SCOPENOMPU_DP|ID0000100D_collector2scope_core:ID0000100D_COLLECTOR_CORE|ID0000100D_collector2scope_datapath:ID0000100D_DP|intpol2scope_core:COLLECT_INTPOL_CORE1|intpol2scope_fsm:FSM1|copy_round[0]                  ; clk          ; clk         ; 0.000        ; 0.082      ; 0.669      ;
; 0.401 ; ID00001011_aipScopeNoMPU:ID00001011|ID00001011_scopeNoMPU_core:SCOPENOMPU_CORE|ID00001011_scopeNoMPU_datapath:SCOPENOMPU_DP|ID0000100D_collector2scope_core:ID0000100D_COLLECTOR_CORE|ID0000100D_collector2scope_datapath:ID0000100D_DP|intpol2scope_core:COLLECT_INTPOL_CORE1|config_reg_0[0]                                  ; ID00001011_aipScopeNoMPU:ID00001011|ID00001011_scopeNoMPU_core:SCOPENOMPU_CORE|ID00001011_scopeNoMPU_datapath:SCOPENOMPU_DP|ID0000100D_collector2scope_core:ID0000100D_COLLECTOR_CORE|ID0000100D_collector2scope_datapath:ID0000100D_DP|intpol2scope_core:COLLECT_INTPOL_CORE1|config_reg_0[0]                                      ; clk          ; clk         ; 0.000        ; 0.082      ; 0.669      ;
; 0.401 ; ID00001011_aipScopeNoMPU:ID00001011|ID00001011_scopeNoMPU_core:SCOPENOMPU_CORE|ID00001011_scopeNoMPU_datapath:SCOPENOMPU_DP|ID0000100D_collector2scope_core:ID0000100D_COLLECTOR_CORE|ID0000100D_collector2scope_datapath:ID0000100D_DP|intpol2scope_core:COLLECT_INTPOL_CORE1|intpol2scope_fsm:FSM1|state_reg.PROCESS          ; ID00001011_aipScopeNoMPU:ID00001011|ID00001011_scopeNoMPU_core:SCOPENOMPU_CORE|ID00001011_scopeNoMPU_datapath:SCOPENOMPU_DP|ID0000100D_collector2scope_core:ID0000100D_COLLECTOR_CORE|ID0000100D_collector2scope_datapath:ID0000100D_DP|intpol2scope_core:COLLECT_INTPOL_CORE1|intpol2scope_fsm:FSM1|state_reg.PROCESS              ; clk          ; clk         ; 0.000        ; 0.082      ; 0.669      ;
; 0.401 ; ID00001011_aipScopeNoMPU:ID00001011|ID00001011_scopeNoMPU_core:SCOPENOMPU_CORE|ID00001011_scopeNoMPU_controlpath:SCOPENOMPU_CP|state_reg.MODCUAD_BUSY                                                                                                                                                                           ; ID00001011_aipScopeNoMPU:ID00001011|ID00001011_scopeNoMPU_core:SCOPENOMPU_CORE|ID00001011_scopeNoMPU_controlpath:SCOPENOMPU_CP|state_reg.MODCUAD_BUSY                                                                                                                                                                               ; clk          ; clk         ; 0.000        ; 0.082      ; 0.669      ;
; 0.401 ; ID00001011_aipScopeNoMPU:ID00001011|ID00001011_scopeNoMPU_core:SCOPENOMPU_CORE|ID00001011_scopeNoMPU_controlpath:SCOPENOMPU_CP|state_reg.MAPPER_BUSY                                                                                                                                                                            ; ID00001011_aipScopeNoMPU:ID00001011|ID00001011_scopeNoMPU_core:SCOPENOMPU_CORE|ID00001011_scopeNoMPU_controlpath:SCOPENOMPU_CP|state_reg.MAPPER_BUSY                                                                                                                                                                                ; clk          ; clk         ; 0.000        ; 0.082      ; 0.669      ;
; 0.401 ; ID00001011_aipScopeNoMPU:ID00001011|ID00001011_scopeNoMPU_core:SCOPENOMPU_CORE|ID00001011_scopeNoMPU_controlpath:SCOPENOMPU_CP|state_reg.MULTIR_BUSY                                                                                                                                                                            ; ID00001011_aipScopeNoMPU:ID00001011|ID00001011_scopeNoMPU_core:SCOPENOMPU_CORE|ID00001011_scopeNoMPU_controlpath:SCOPENOMPU_CP|state_reg.MULTIR_BUSY                                                                                                                                                                                ; clk          ; clk         ; 0.000        ; 0.082      ; 0.669      ;
; 0.401 ; ID00001011_aipScopeNoMPU:ID00001011|ID00001011_scopeNoMPU_core:SCOPENOMPU_CORE|ID00001011_scopeNoMPU_controlpath:SCOPENOMPU_CP|state_reg.FFT_BUSY                                                                                                                                                                               ; ID00001011_aipScopeNoMPU:ID00001011|ID00001011_scopeNoMPU_core:SCOPENOMPU_CORE|ID00001011_scopeNoMPU_controlpath:SCOPENOMPU_CP|state_reg.FFT_BUSY                                                                                                                                                                                   ; clk          ; clk         ; 0.000        ; 0.082      ; 0.669      ;
; 0.401 ; ID00001011_aipScopeNoMPU:ID00001011|ID00001011_scopeNoMPU_core:SCOPENOMPU_CORE|ID00001011_scopeNoMPU_datapath:SCOPENOMPU_DP|ID0000100D_collector2scope_core:ID0000100D_COLLECTOR_CORE|ID0000100D_collector2scope_datapath:ID0000100D_DP|intpol2scope_core:COLLECT_INTPOL_CORE0|intpol2scope_fsm:FSM1|state_reg.PROCESS          ; ID00001011_aipScopeNoMPU:ID00001011|ID00001011_scopeNoMPU_core:SCOPENOMPU_CORE|ID00001011_scopeNoMPU_datapath:SCOPENOMPU_DP|ID0000100D_collector2scope_core:ID0000100D_COLLECTOR_CORE|ID0000100D_collector2scope_datapath:ID0000100D_DP|intpol2scope_core:COLLECT_INTPOL_CORE0|intpol2scope_fsm:FSM1|state_reg.PROCESS              ; clk          ; clk         ; 0.000        ; 0.082      ; 0.669      ;
; 0.401 ; ID00001011_aipScopeNoMPU:ID00001011|ID00001011_scopeNoMPU_core:SCOPENOMPU_CORE|ID00001011_scopeNoMPU_datapath:SCOPENOMPU_DP|ID0000100D_collector2scope_core:ID0000100D_COLLECTOR_CORE|ID0000100D_collector2scope_datapath:ID0000100D_DP|intpol2scope_core:COLLECT_INTPOL_CORE0|intpol2scope_fsm:FSM1|copy_round[1]              ; ID00001011_aipScopeNoMPU:ID00001011|ID00001011_scopeNoMPU_core:SCOPENOMPU_CORE|ID00001011_scopeNoMPU_datapath:SCOPENOMPU_DP|ID0000100D_collector2scope_core:ID0000100D_COLLECTOR_CORE|ID0000100D_collector2scope_datapath:ID0000100D_DP|intpol2scope_core:COLLECT_INTPOL_CORE0|intpol2scope_fsm:FSM1|copy_round[1]                  ; clk          ; clk         ; 0.000        ; 0.082      ; 0.669      ;
; 0.401 ; ID00001011_aipScopeNoMPU:ID00001011|ID00001011_scopeNoMPU_core:SCOPENOMPU_CORE|ID00001011_scopeNoMPU_datapath:SCOPENOMPU_DP|ID0000100D_collector2scope_core:ID0000100D_COLLECTOR_CORE|ID0000100D_collector2scope_datapath:ID0000100D_DP|intpol2scope_core:COLLECT_INTPOL_CORE0|intpol2scope_fsm:FSM1|copy_round[0]              ; ID00001011_aipScopeNoMPU:ID00001011|ID00001011_scopeNoMPU_core:SCOPENOMPU_CORE|ID00001011_scopeNoMPU_datapath:SCOPENOMPU_DP|ID0000100D_collector2scope_core:ID0000100D_COLLECTOR_CORE|ID0000100D_collector2scope_datapath:ID0000100D_DP|intpol2scope_core:COLLECT_INTPOL_CORE0|intpol2scope_fsm:FSM1|copy_round[0]                  ; clk          ; clk         ; 0.000        ; 0.082      ; 0.669      ;
; 0.401 ; ID00001011_aipScopeNoMPU:ID00001011|ID00001011_scopeNoMPU_core:SCOPENOMPU_CORE|ID00001011_scopeNoMPU_controlpath:SCOPENOMPU_CP|state_reg.COLLECT_BUSY                                                                                                                                                                           ; ID00001011_aipScopeNoMPU:ID00001011|ID00001011_scopeNoMPU_core:SCOPENOMPU_CORE|ID00001011_scopeNoMPU_controlpath:SCOPENOMPU_CP|state_reg.COLLECT_BUSY                                                                                                                                                                               ; clk          ; clk         ; 0.000        ; 0.082      ; 0.669      ;
; 0.401 ; ID00001011_aipScopeNoMPU:ID00001011|ID00001011_scopeNoMPU_core:SCOPENOMPU_CORE|ID00001011_scopeNoMPU_datapath:SCOPENOMPU_DP|ID00001012_scopeSignalMapper_core:MAPPERCORE|ID00001012_scopeSignalMapper_datapath:SCOPEMAPPER_DP|average:AVGR|dividerSig_core:DVD|dividerSig_controlpath:DCP|state_reg.COUNT                       ; ID00001011_aipScopeNoMPU:ID00001011|ID00001011_scopeNoMPU_core:SCOPENOMPU_CORE|ID00001011_scopeNoMPU_datapath:SCOPENOMPU_DP|ID00001012_scopeSignalMapper_core:MAPPERCORE|ID00001012_scopeSignalMapper_datapath:SCOPEMAPPER_DP|average:AVGR|dividerSig_core:DVD|dividerSig_controlpath:DCP|state_reg.COUNT                           ; clk          ; clk         ; 0.000        ; 0.082      ; 0.669      ;
; 0.401 ; ID00001011_aipScopeNoMPU:ID00001011|ID00001011_scopeNoMPU_core:SCOPENOMPU_CORE|ID00001011_scopeNoMPU_datapath:SCOPENOMPU_DP|ID00001012_scopeSignalMapper_core:MAPPERCORE|ID00001012_scopeSignalMapper_datapath:SCOPEMAPPER_DP|average:AVGR|dividerSig_core:DVD|dividerSig_controlpath:DCP|cnt[1]                                ; ID00001011_aipScopeNoMPU:ID00001011|ID00001011_scopeNoMPU_core:SCOPENOMPU_CORE|ID00001011_scopeNoMPU_datapath:SCOPENOMPU_DP|ID00001012_scopeSignalMapper_core:MAPPERCORE|ID00001012_scopeSignalMapper_datapath:SCOPEMAPPER_DP|average:AVGR|dividerSig_core:DVD|dividerSig_controlpath:DCP|cnt[1]                                    ; clk          ; clk         ; 0.000        ; 0.082      ; 0.669      ;
; 0.401 ; ID00001011_aipScopeNoMPU:ID00001011|ID00001011_scopeNoMPU_core:SCOPENOMPU_CORE|ID00001011_scopeNoMPU_datapath:SCOPENOMPU_DP|ID00001012_scopeSignalMapper_core:MAPPERCORE|ID00001012_scopeSignalMapper_datapath:SCOPEMAPPER_DP|average:AVGR|dividerSig_core:DVD|dividerSig_controlpath:DCP|cnt[2]                                ; ID00001011_aipScopeNoMPU:ID00001011|ID00001011_scopeNoMPU_core:SCOPENOMPU_CORE|ID00001011_scopeNoMPU_datapath:SCOPENOMPU_DP|ID00001012_scopeSignalMapper_core:MAPPERCORE|ID00001012_scopeSignalMapper_datapath:SCOPEMAPPER_DP|average:AVGR|dividerSig_core:DVD|dividerSig_controlpath:DCP|cnt[2]                                    ; clk          ; clk         ; 0.000        ; 0.082      ; 0.669      ;
; 0.401 ; ID00001011_aipScopeNoMPU:ID00001011|ID00001011_scopeNoMPU_core:SCOPENOMPU_CORE|ID00001011_scopeNoMPU_datapath:SCOPENOMPU_DP|ID00001012_scopeSignalMapper_core:MAPPERCORE|ID00001012_scopeSignalMapper_datapath:SCOPEMAPPER_DP|average:AVGR|dividerSig_core:DVD|dividerSig_controlpath:DCP|cnt[3]                                ; ID00001011_aipScopeNoMPU:ID00001011|ID00001011_scopeNoMPU_core:SCOPENOMPU_CORE|ID00001011_scopeNoMPU_datapath:SCOPENOMPU_DP|ID00001012_scopeSignalMapper_core:MAPPERCORE|ID00001012_scopeSignalMapper_datapath:SCOPEMAPPER_DP|average:AVGR|dividerSig_core:DVD|dividerSig_controlpath:DCP|cnt[3]                                    ; clk          ; clk         ; 0.000        ; 0.082      ; 0.669      ;
+-------+---------------------------------------------------------------------------------------------------------------------------------------------------------------------------------------------------------------------------------------------------------------------------------------------------------------------------------+-------------------------------------------------------------------------------------------------------------------------------------------------------------------------------------------------------------------------------------------------------------------------------------------------------------------------------------+--------------+-------------+--------------+------------+------------+


+-----------------------------------------------------------------------------------------------------------------------------------------------------------------------------------------------------------------------------------------------------------------------------------------------------------------------------------------------------------------------------------------------------------------------+
; Slow 1200mV 85C Model Recovery: 'clk'                                                                                                                                                                                                                                                                                                                                                                                 ;
+--------+--------------------------------------------------------------------------------------------------------------------------------------------------------------------+-------------------------------------------------------------------------------------------------------------------------------------------------------------------+--------------+-------------+--------------+------------+------------+
; Slack  ; From Node                                                                                                                                                          ; To Node                                                                                                                                                           ; Launch Clock ; Latch Clock ; Relationship ; Clock Skew ; Data Delay ;
+--------+--------------------------------------------------------------------------------------------------------------------------------------------------------------------+-------------------------------------------------------------------------------------------------------------------------------------------------------------------+--------------+-------------+--------------+------------+------------+
; -3.573 ; ID00001011_aipScopeNoMPU:ID00001011|ID00001011_scopeNoMPU_core:SCOPENOMPU_CORE|ID00001011_scopeNoMPU_datapath:SCOPENOMPU_DP|ID0000204D_FFT_core:FFT_Inst|_245_[9]  ; ID00001011_aipScopeNoMPU:ID00001011|ID00001011_scopeNoMPU_core:SCOPENOMPU_CORE|ID00001011_scopeNoMPU_datapath:SCOPENOMPU_DP|ID0000204D_FFT_core:FFT_Inst|_047_[1] ; clk          ; clk         ; 1.000        ; -0.086     ; 4.485      ;
; -3.527 ; ID00001011_aipScopeNoMPU:ID00001011|ID00001011_scopeNoMPU_core:SCOPENOMPU_CORE|ID00001011_scopeNoMPU_datapath:SCOPENOMPU_DP|ID0000204D_FFT_core:FFT_Inst|_245_[9]  ; ID00001011_aipScopeNoMPU:ID00001011|ID00001011_scopeNoMPU_core:SCOPENOMPU_CORE|ID00001011_scopeNoMPU_datapath:SCOPENOMPU_DP|ID0000204D_FFT_core:FFT_Inst|_164_[2] ; clk          ; clk         ; 1.000        ; -0.087     ; 4.438      ;
; -3.373 ; ID00001011_aipScopeNoMPU:ID00001011|ID00001011_scopeNoMPU_core:SCOPENOMPU_CORE|ID00001011_scopeNoMPU_datapath:SCOPENOMPU_DP|ID0000204D_FFT_core:FFT_Inst|_245_[4]  ; ID00001011_aipScopeNoMPU:ID00001011|ID00001011_scopeNoMPU_core:SCOPENOMPU_CORE|ID00001011_scopeNoMPU_datapath:SCOPENOMPU_DP|ID0000204D_FFT_core:FFT_Inst|_047_[1] ; clk          ; clk         ; 1.000        ; -0.086     ; 4.285      ;
; -3.327 ; ID00001011_aipScopeNoMPU:ID00001011|ID00001011_scopeNoMPU_core:SCOPENOMPU_CORE|ID00001011_scopeNoMPU_datapath:SCOPENOMPU_DP|ID0000204D_FFT_core:FFT_Inst|_245_[4]  ; ID00001011_aipScopeNoMPU:ID00001011|ID00001011_scopeNoMPU_core:SCOPENOMPU_CORE|ID00001011_scopeNoMPU_datapath:SCOPENOMPU_DP|ID0000204D_FFT_core:FFT_Inst|_164_[2] ; clk          ; clk         ; 1.000        ; -0.087     ; 4.238      ;
; -3.326 ; ID00001011_aipScopeNoMPU:ID00001011|ID00001011_scopeNoMPU_core:SCOPENOMPU_CORE|ID00001011_scopeNoMPU_datapath:SCOPENOMPU_DP|ID0000204D_FFT_core:FFT_Inst|_245_[0]  ; ID00001011_aipScopeNoMPU:ID00001011|ID00001011_scopeNoMPU_core:SCOPENOMPU_CORE|ID00001011_scopeNoMPU_datapath:SCOPENOMPU_DP|ID0000204D_FFT_core:FFT_Inst|_047_[1] ; clk          ; clk         ; 1.000        ; -0.086     ; 4.238      ;
; -3.317 ; ID00001011_aipScopeNoMPU:ID00001011|ID00001011_scopeNoMPU_core:SCOPENOMPU_CORE|ID00001011_scopeNoMPU_datapath:SCOPENOMPU_DP|ID0000204D_FFT_core:FFT_Inst|_245_[7]  ; ID00001011_aipScopeNoMPU:ID00001011|ID00001011_scopeNoMPU_core:SCOPENOMPU_CORE|ID00001011_scopeNoMPU_datapath:SCOPENOMPU_DP|ID0000204D_FFT_core:FFT_Inst|_047_[1] ; clk          ; clk         ; 1.000        ; -0.086     ; 4.229      ;
; -3.309 ; ID00001011_aipScopeNoMPU:ID00001011|ID00001011_scopeNoMPU_core:SCOPENOMPU_CORE|ID00001011_scopeNoMPU_datapath:SCOPENOMPU_DP|ID0000204D_FFT_core:FFT_Inst|_245_[6]  ; ID00001011_aipScopeNoMPU:ID00001011|ID00001011_scopeNoMPU_core:SCOPENOMPU_CORE|ID00001011_scopeNoMPU_datapath:SCOPENOMPU_DP|ID0000204D_FFT_core:FFT_Inst|_047_[1] ; clk          ; clk         ; 1.000        ; -0.086     ; 4.221      ;
; -3.280 ; ID00001011_aipScopeNoMPU:ID00001011|ID00001011_scopeNoMPU_core:SCOPENOMPU_CORE|ID00001011_scopeNoMPU_datapath:SCOPENOMPU_DP|ID0000204D_FFT_core:FFT_Inst|_245_[0]  ; ID00001011_aipScopeNoMPU:ID00001011|ID00001011_scopeNoMPU_core:SCOPENOMPU_CORE|ID00001011_scopeNoMPU_datapath:SCOPENOMPU_DP|ID0000204D_FFT_core:FFT_Inst|_164_[2] ; clk          ; clk         ; 1.000        ; -0.087     ; 4.191      ;
; -3.271 ; ID00001011_aipScopeNoMPU:ID00001011|ID00001011_scopeNoMPU_core:SCOPENOMPU_CORE|ID00001011_scopeNoMPU_datapath:SCOPENOMPU_DP|ID0000204D_FFT_core:FFT_Inst|_245_[7]  ; ID00001011_aipScopeNoMPU:ID00001011|ID00001011_scopeNoMPU_core:SCOPENOMPU_CORE|ID00001011_scopeNoMPU_datapath:SCOPENOMPU_DP|ID0000204D_FFT_core:FFT_Inst|_164_[2] ; clk          ; clk         ; 1.000        ; -0.087     ; 4.182      ;
; -3.266 ; ID00001011_aipScopeNoMPU:ID00001011|ID00001011_scopeNoMPU_core:SCOPENOMPU_CORE|ID00001011_scopeNoMPU_datapath:SCOPENOMPU_DP|ID0000204D_FFT_core:FFT_Inst|_245_[12] ; ID00001011_aipScopeNoMPU:ID00001011|ID00001011_scopeNoMPU_core:SCOPENOMPU_CORE|ID00001011_scopeNoMPU_datapath:SCOPENOMPU_DP|ID0000204D_FFT_core:FFT_Inst|_047_[1] ; clk          ; clk         ; 1.000        ; -0.080     ; 4.184      ;
; -3.263 ; ID00001011_aipScopeNoMPU:ID00001011|ID00001011_scopeNoMPU_core:SCOPENOMPU_CORE|ID00001011_scopeNoMPU_datapath:SCOPENOMPU_DP|ID0000204D_FFT_core:FFT_Inst|_245_[6]  ; ID00001011_aipScopeNoMPU:ID00001011|ID00001011_scopeNoMPU_core:SCOPENOMPU_CORE|ID00001011_scopeNoMPU_datapath:SCOPENOMPU_DP|ID0000204D_FFT_core:FFT_Inst|_164_[2] ; clk          ; clk         ; 1.000        ; -0.087     ; 4.174      ;
; -3.230 ; ID00001011_aipScopeNoMPU:ID00001011|ID00001011_scopeNoMPU_core:SCOPENOMPU_CORE|ID00001011_scopeNoMPU_datapath:SCOPENOMPU_DP|ID0000204D_FFT_core:FFT_Inst|_245_[17] ; ID00001011_aipScopeNoMPU:ID00001011|ID00001011_scopeNoMPU_core:SCOPENOMPU_CORE|ID00001011_scopeNoMPU_datapath:SCOPENOMPU_DP|ID0000204D_FFT_core:FFT_Inst|_047_[1] ; clk          ; clk         ; 1.000        ; -0.081     ; 4.147      ;
; -3.228 ; ID00001011_aipScopeNoMPU:ID00001011|ID00001011_scopeNoMPU_core:SCOPENOMPU_CORE|ID00001011_scopeNoMPU_datapath:SCOPENOMPU_DP|ID0000204D_FFT_core:FFT_Inst|_245_[24] ; ID00001011_aipScopeNoMPU:ID00001011|ID00001011_scopeNoMPU_core:SCOPENOMPU_CORE|ID00001011_scopeNoMPU_datapath:SCOPENOMPU_DP|ID0000204D_FFT_core:FFT_Inst|_047_[1] ; clk          ; clk         ; 1.000        ; -0.081     ; 4.145      ;
; -3.223 ; ID00001011_aipScopeNoMPU:ID00001011|ID00001011_scopeNoMPU_core:SCOPENOMPU_CORE|ID00001011_scopeNoMPU_datapath:SCOPENOMPU_DP|ID0000204D_FFT_core:FFT_Inst|_245_[5]  ; ID00001011_aipScopeNoMPU:ID00001011|ID00001011_scopeNoMPU_core:SCOPENOMPU_CORE|ID00001011_scopeNoMPU_datapath:SCOPENOMPU_DP|ID0000204D_FFT_core:FFT_Inst|_047_[1] ; clk          ; clk         ; 1.000        ; -0.086     ; 4.135      ;
; -3.218 ; ID00001011_aipScopeNoMPU:ID00001011|ID00001011_scopeNoMPU_core:SCOPENOMPU_CORE|ID00001011_scopeNoMPU_datapath:SCOPENOMPU_DP|ID0000204D_FFT_core:FFT_Inst|_245_[9]  ; ID00001011_aipScopeNoMPU:ID00001011|ID00001011_scopeNoMPU_core:SCOPENOMPU_CORE|ID00001011_scopeNoMPU_datapath:SCOPENOMPU_DP|ID0000204D_FFT_core:FFT_Inst|_082_[0] ; clk          ; clk         ; 1.000        ; 0.301      ; 4.517      ;
; -3.218 ; ID00001011_aipScopeNoMPU:ID00001011|ID00001011_scopeNoMPU_core:SCOPENOMPU_CORE|ID00001011_scopeNoMPU_datapath:SCOPENOMPU_DP|ID0000204D_FFT_core:FFT_Inst|_245_[12] ; ID00001011_aipScopeNoMPU:ID00001011|ID00001011_scopeNoMPU_core:SCOPENOMPU_CORE|ID00001011_scopeNoMPU_datapath:SCOPENOMPU_DP|ID0000204D_FFT_core:FFT_Inst|_164_[2] ; clk          ; clk         ; 1.000        ; -0.081     ; 4.135      ;
; -3.214 ; ID00001011_aipScopeNoMPU:ID00001011|ID00001011_scopeNoMPU_core:SCOPENOMPU_CORE|ID00001011_scopeNoMPU_datapath:SCOPENOMPU_DP|ID0000204D_FFT_core:FFT_Inst|_245_[3]  ; ID00001011_aipScopeNoMPU:ID00001011|ID00001011_scopeNoMPU_core:SCOPENOMPU_CORE|ID00001011_scopeNoMPU_datapath:SCOPENOMPU_DP|ID0000204D_FFT_core:FFT_Inst|_047_[1] ; clk          ; clk         ; 1.000        ; -0.086     ; 4.126      ;
; -3.213 ; ID00001011_aipScopeNoMPU:ID00001011|ID00001011_scopeNoMPU_core:SCOPENOMPU_CORE|ID00001011_scopeNoMPU_datapath:SCOPENOMPU_DP|ID0000204D_FFT_core:FFT_Inst|_245_[18] ; ID00001011_aipScopeNoMPU:ID00001011|ID00001011_scopeNoMPU_core:SCOPENOMPU_CORE|ID00001011_scopeNoMPU_datapath:SCOPENOMPU_DP|ID0000204D_FFT_core:FFT_Inst|_047_[1] ; clk          ; clk         ; 1.000        ; -0.081     ; 4.130      ;
; -3.194 ; ID00001011_aipScopeNoMPU:ID00001011|ID00001011_scopeNoMPU_core:SCOPENOMPU_CORE|ID00001011_scopeNoMPU_datapath:SCOPENOMPU_DP|ID0000204D_FFT_core:FFT_Inst|_245_[34] ; ID00001011_aipScopeNoMPU:ID00001011|ID00001011_scopeNoMPU_core:SCOPENOMPU_CORE|ID00001011_scopeNoMPU_datapath:SCOPENOMPU_DP|ID0000204D_FFT_core:FFT_Inst|_047_[1] ; clk          ; clk         ; 1.000        ; -0.086     ; 4.106      ;
; -3.184 ; ID00001011_aipScopeNoMPU:ID00001011|ID00001011_scopeNoMPU_core:SCOPENOMPU_CORE|ID00001011_scopeNoMPU_datapath:SCOPENOMPU_DP|ID0000204D_FFT_core:FFT_Inst|_245_[17] ; ID00001011_aipScopeNoMPU:ID00001011|ID00001011_scopeNoMPU_core:SCOPENOMPU_CORE|ID00001011_scopeNoMPU_datapath:SCOPENOMPU_DP|ID0000204D_FFT_core:FFT_Inst|_164_[2] ; clk          ; clk         ; 1.000        ; -0.082     ; 4.100      ;
; -3.183 ; ID00001011_aipScopeNoMPU:ID00001011|ID00001011_scopeNoMPU_core:SCOPENOMPU_CORE|ID00001011_scopeNoMPU_datapath:SCOPENOMPU_DP|ID0000204D_FFT_core:FFT_Inst|_245_[9]  ; ID00001011_aipScopeNoMPU:ID00001011|ID00001011_scopeNoMPU_core:SCOPENOMPU_CORE|ID00001011_scopeNoMPU_datapath:SCOPENOMPU_DP|ID0000204D_FFT_core:FFT_Inst|_082_[6] ; clk          ; clk         ; 1.000        ; 0.336      ; 4.517      ;
; -3.183 ; ID00001011_aipScopeNoMPU:ID00001011|ID00001011_scopeNoMPU_core:SCOPENOMPU_CORE|ID00001011_scopeNoMPU_datapath:SCOPENOMPU_DP|ID0000204D_FFT_core:FFT_Inst|_245_[9]  ; ID00001011_aipScopeNoMPU:ID00001011|ID00001011_scopeNoMPU_core:SCOPENOMPU_CORE|ID00001011_scopeNoMPU_datapath:SCOPENOMPU_DP|ID0000204D_FFT_core:FFT_Inst|_082_[5] ; clk          ; clk         ; 1.000        ; 0.336      ; 4.517      ;
; -3.183 ; ID00001011_aipScopeNoMPU:ID00001011|ID00001011_scopeNoMPU_core:SCOPENOMPU_CORE|ID00001011_scopeNoMPU_datapath:SCOPENOMPU_DP|ID0000204D_FFT_core:FFT_Inst|_245_[9]  ; ID00001011_aipScopeNoMPU:ID00001011|ID00001011_scopeNoMPU_core:SCOPENOMPU_CORE|ID00001011_scopeNoMPU_datapath:SCOPENOMPU_DP|ID0000204D_FFT_core:FFT_Inst|_082_[4] ; clk          ; clk         ; 1.000        ; 0.336      ; 4.517      ;
; -3.183 ; ID00001011_aipScopeNoMPU:ID00001011|ID00001011_scopeNoMPU_core:SCOPENOMPU_CORE|ID00001011_scopeNoMPU_datapath:SCOPENOMPU_DP|ID0000204D_FFT_core:FFT_Inst|_245_[9]  ; ID00001011_aipScopeNoMPU:ID00001011|ID00001011_scopeNoMPU_core:SCOPENOMPU_CORE|ID00001011_scopeNoMPU_datapath:SCOPENOMPU_DP|ID0000204D_FFT_core:FFT_Inst|_082_[3] ; clk          ; clk         ; 1.000        ; 0.336      ; 4.517      ;
; -3.183 ; ID00001011_aipScopeNoMPU:ID00001011|ID00001011_scopeNoMPU_core:SCOPENOMPU_CORE|ID00001011_scopeNoMPU_datapath:SCOPENOMPU_DP|ID0000204D_FFT_core:FFT_Inst|_245_[9]  ; ID00001011_aipScopeNoMPU:ID00001011|ID00001011_scopeNoMPU_core:SCOPENOMPU_CORE|ID00001011_scopeNoMPU_datapath:SCOPENOMPU_DP|ID0000204D_FFT_core:FFT_Inst|_082_[2] ; clk          ; clk         ; 1.000        ; 0.336      ; 4.517      ;
; -3.183 ; ID00001011_aipScopeNoMPU:ID00001011|ID00001011_scopeNoMPU_core:SCOPENOMPU_CORE|ID00001011_scopeNoMPU_datapath:SCOPENOMPU_DP|ID0000204D_FFT_core:FFT_Inst|_245_[9]  ; ID00001011_aipScopeNoMPU:ID00001011|ID00001011_scopeNoMPU_core:SCOPENOMPU_CORE|ID00001011_scopeNoMPU_datapath:SCOPENOMPU_DP|ID0000204D_FFT_core:FFT_Inst|_082_[1] ; clk          ; clk         ; 1.000        ; 0.336      ; 4.517      ;
; -3.182 ; ID00001011_aipScopeNoMPU:ID00001011|ID00001011_scopeNoMPU_core:SCOPENOMPU_CORE|ID00001011_scopeNoMPU_datapath:SCOPENOMPU_DP|ID0000204D_FFT_core:FFT_Inst|_245_[24] ; ID00001011_aipScopeNoMPU:ID00001011|ID00001011_scopeNoMPU_core:SCOPENOMPU_CORE|ID00001011_scopeNoMPU_datapath:SCOPENOMPU_DP|ID0000204D_FFT_core:FFT_Inst|_164_[2] ; clk          ; clk         ; 1.000        ; -0.082     ; 4.098      ;
; -3.177 ; ID00001011_aipScopeNoMPU:ID00001011|ID00001011_scopeNoMPU_core:SCOPENOMPU_CORE|ID00001011_scopeNoMPU_datapath:SCOPENOMPU_DP|ID0000204D_FFT_core:FFT_Inst|_245_[5]  ; ID00001011_aipScopeNoMPU:ID00001011|ID00001011_scopeNoMPU_core:SCOPENOMPU_CORE|ID00001011_scopeNoMPU_datapath:SCOPENOMPU_DP|ID0000204D_FFT_core:FFT_Inst|_164_[2] ; clk          ; clk         ; 1.000        ; -0.087     ; 4.088      ;
; -3.168 ; ID00001011_aipScopeNoMPU:ID00001011|ID00001011_scopeNoMPU_core:SCOPENOMPU_CORE|ID00001011_scopeNoMPU_datapath:SCOPENOMPU_DP|ID0000204D_FFT_core:FFT_Inst|_245_[3]  ; ID00001011_aipScopeNoMPU:ID00001011|ID00001011_scopeNoMPU_core:SCOPENOMPU_CORE|ID00001011_scopeNoMPU_datapath:SCOPENOMPU_DP|ID0000204D_FFT_core:FFT_Inst|_164_[2] ; clk          ; clk         ; 1.000        ; -0.087     ; 4.079      ;
; -3.167 ; ID00001011_aipScopeNoMPU:ID00001011|ID00001011_scopeNoMPU_core:SCOPENOMPU_CORE|ID00001011_scopeNoMPU_datapath:SCOPENOMPU_DP|ID0000204D_FFT_core:FFT_Inst|_245_[18] ; ID00001011_aipScopeNoMPU:ID00001011|ID00001011_scopeNoMPU_core:SCOPENOMPU_CORE|ID00001011_scopeNoMPU_datapath:SCOPENOMPU_DP|ID0000204D_FFT_core:FFT_Inst|_164_[2] ; clk          ; clk         ; 1.000        ; -0.082     ; 4.083      ;
; -3.159 ; ID00001011_aipScopeNoMPU:ID00001011|ID00001011_scopeNoMPU_core:SCOPENOMPU_CORE|ID00001011_scopeNoMPU_datapath:SCOPENOMPU_DP|ID0000204D_FFT_core:FFT_Inst|_245_[9]  ; ID00001011_aipScopeNoMPU:ID00001011|ID00001011_scopeNoMPU_core:SCOPENOMPU_CORE|ID00001011_scopeNoMPU_datapath:SCOPENOMPU_DP|ID0000204D_FFT_core:FFT_Inst|_047_[6] ; clk          ; clk         ; 1.000        ; 0.328      ; 4.485      ;
; -3.159 ; ID00001011_aipScopeNoMPU:ID00001011|ID00001011_scopeNoMPU_core:SCOPENOMPU_CORE|ID00001011_scopeNoMPU_datapath:SCOPENOMPU_DP|ID0000204D_FFT_core:FFT_Inst|_245_[9]  ; ID00001011_aipScopeNoMPU:ID00001011|ID00001011_scopeNoMPU_core:SCOPENOMPU_CORE|ID00001011_scopeNoMPU_datapath:SCOPENOMPU_DP|ID0000204D_FFT_core:FFT_Inst|_047_[5] ; clk          ; clk         ; 1.000        ; 0.328      ; 4.485      ;
; -3.159 ; ID00001011_aipScopeNoMPU:ID00001011|ID00001011_scopeNoMPU_core:SCOPENOMPU_CORE|ID00001011_scopeNoMPU_datapath:SCOPENOMPU_DP|ID0000204D_FFT_core:FFT_Inst|_245_[9]  ; ID00001011_aipScopeNoMPU:ID00001011|ID00001011_scopeNoMPU_core:SCOPENOMPU_CORE|ID00001011_scopeNoMPU_datapath:SCOPENOMPU_DP|ID0000204D_FFT_core:FFT_Inst|_047_[4] ; clk          ; clk         ; 1.000        ; 0.328      ; 4.485      ;
; -3.159 ; ID00001011_aipScopeNoMPU:ID00001011|ID00001011_scopeNoMPU_core:SCOPENOMPU_CORE|ID00001011_scopeNoMPU_datapath:SCOPENOMPU_DP|ID0000204D_FFT_core:FFT_Inst|_245_[9]  ; ID00001011_aipScopeNoMPU:ID00001011|ID00001011_scopeNoMPU_core:SCOPENOMPU_CORE|ID00001011_scopeNoMPU_datapath:SCOPENOMPU_DP|ID0000204D_FFT_core:FFT_Inst|_047_[3] ; clk          ; clk         ; 1.000        ; 0.328      ; 4.485      ;
; -3.159 ; ID00001011_aipScopeNoMPU:ID00001011|ID00001011_scopeNoMPU_core:SCOPENOMPU_CORE|ID00001011_scopeNoMPU_datapath:SCOPENOMPU_DP|ID0000204D_FFT_core:FFT_Inst|_245_[9]  ; ID00001011_aipScopeNoMPU:ID00001011|ID00001011_scopeNoMPU_core:SCOPENOMPU_CORE|ID00001011_scopeNoMPU_datapath:SCOPENOMPU_DP|ID0000204D_FFT_core:FFT_Inst|_047_[2] ; clk          ; clk         ; 1.000        ; 0.328      ; 4.485      ;
; -3.159 ; ID00001011_aipScopeNoMPU:ID00001011|ID00001011_scopeNoMPU_core:SCOPENOMPU_CORE|ID00001011_scopeNoMPU_datapath:SCOPENOMPU_DP|ID0000204D_FFT_core:FFT_Inst|_245_[9]  ; ID00001011_aipScopeNoMPU:ID00001011|ID00001011_scopeNoMPU_core:SCOPENOMPU_CORE|ID00001011_scopeNoMPU_datapath:SCOPENOMPU_DP|ID0000204D_FFT_core:FFT_Inst|_047_[0] ; clk          ; clk         ; 1.000        ; 0.328      ; 4.485      ;
; -3.159 ; ID00001011_aipScopeNoMPU:ID00001011|ID00001011_scopeNoMPU_core:SCOPENOMPU_CORE|ID00001011_scopeNoMPU_datapath:SCOPENOMPU_DP|ID0000204D_FFT_core:FFT_Inst|_245_[9]  ; ID00001011_aipScopeNoMPU:ID00001011|ID00001011_scopeNoMPU_core:SCOPENOMPU_CORE|ID00001011_scopeNoMPU_datapath:SCOPENOMPU_DP|ID0000204D_FFT_core:FFT_Inst|_071_    ; clk          ; clk         ; 1.000        ; 0.328      ; 4.485      ;
; -3.159 ; ID00001011_aipScopeNoMPU:ID00001011|ID00001011_scopeNoMPU_core:SCOPENOMPU_CORE|ID00001011_scopeNoMPU_datapath:SCOPENOMPU_DP|ID0000204D_FFT_core:FFT_Inst|_245_[9]  ; ID00001011_aipScopeNoMPU:ID00001011|ID00001011_scopeNoMPU_core:SCOPENOMPU_CORE|ID00001011_scopeNoMPU_datapath:SCOPENOMPU_DP|ID0000204D_FFT_core:FFT_Inst|_069_[1] ; clk          ; clk         ; 1.000        ; 0.328      ; 4.485      ;
; -3.157 ; ID00001011_aipScopeNoMPU:ID00001011|ID00001011_scopeNoMPU_core:SCOPENOMPU_CORE|ID00001011_scopeNoMPU_datapath:SCOPENOMPU_DP|ID0000204D_FFT_core:FFT_Inst|_245_[9]  ; ID00001011_aipScopeNoMPU:ID00001011|ID00001011_scopeNoMPU_core:SCOPENOMPU_CORE|ID00001011_scopeNoMPU_datapath:SCOPENOMPU_DP|ID0000204D_FFT_core:FFT_Inst|_182_    ; clk          ; clk         ; 1.000        ; 0.327      ; 4.482      ;
; -3.157 ; ID00001011_aipScopeNoMPU:ID00001011|ID00001011_scopeNoMPU_core:SCOPENOMPU_CORE|ID00001011_scopeNoMPU_datapath:SCOPENOMPU_DP|ID0000204D_FFT_core:FFT_Inst|_245_[9]  ; ID00001011_aipScopeNoMPU:ID00001011|ID00001011_scopeNoMPU_core:SCOPENOMPU_CORE|ID00001011_scopeNoMPU_datapath:SCOPENOMPU_DP|ID0000204D_FFT_core:FFT_Inst|_181_    ; clk          ; clk         ; 1.000        ; 0.327      ; 4.482      ;
; -3.157 ; ID00001011_aipScopeNoMPU:ID00001011|ID00001011_scopeNoMPU_core:SCOPENOMPU_CORE|ID00001011_scopeNoMPU_datapath:SCOPENOMPU_DP|ID0000204D_FFT_core:FFT_Inst|_245_[9]  ; ID00001011_aipScopeNoMPU:ID00001011|ID00001011_scopeNoMPU_core:SCOPENOMPU_CORE|ID00001011_scopeNoMPU_datapath:SCOPENOMPU_DP|ID0000204D_FFT_core:FFT_Inst|_183_    ; clk          ; clk         ; 1.000        ; 0.327      ; 4.482      ;
; -3.157 ; ID00001011_aipScopeNoMPU:ID00001011|ID00001011_scopeNoMPU_core:SCOPENOMPU_CORE|ID00001011_scopeNoMPU_datapath:SCOPENOMPU_DP|ID0000204D_FFT_core:FFT_Inst|_245_[9]  ; ID00001011_aipScopeNoMPU:ID00001011|ID00001011_scopeNoMPU_core:SCOPENOMPU_CORE|ID00001011_scopeNoMPU_datapath:SCOPENOMPU_DP|ID0000204D_FFT_core:FFT_Inst|_166_[1] ; clk          ; clk         ; 1.000        ; 0.327      ; 4.482      ;
; -3.156 ; ID00001011_aipScopeNoMPU:ID00001011|ID00001011_scopeNoMPU_core:SCOPENOMPU_CORE|ID00001011_scopeNoMPU_datapath:SCOPENOMPU_DP|ID0000204D_FFT_core:FFT_Inst|_245_[32] ; ID00001011_aipScopeNoMPU:ID00001011|ID00001011_scopeNoMPU_core:SCOPENOMPU_CORE|ID00001011_scopeNoMPU_datapath:SCOPENOMPU_DP|ID0000204D_FFT_core:FFT_Inst|_047_[1] ; clk          ; clk         ; 1.000        ; -0.086     ; 4.068      ;
; -3.152 ; ID00001011_aipScopeNoMPU:ID00001011|ID00001011_scopeNoMPU_core:SCOPENOMPU_CORE|ID00001011_scopeNoMPU_datapath:SCOPENOMPU_DP|ID0000204D_FFT_core:FFT_Inst|_245_[9]  ; ID00001011_aipScopeNoMPU:ID00001011|ID00001011_scopeNoMPU_core:SCOPENOMPU_CORE|ID00001011_scopeNoMPU_datapath:SCOPENOMPU_DP|ID0000204D_FFT_core:FFT_Inst|_164_[0] ; clk          ; clk         ; 1.000        ; 0.292      ; 4.442      ;
; -3.150 ; ID00001011_aipScopeNoMPU:ID00001011|ID00001011_scopeNoMPU_core:SCOPENOMPU_CORE|ID00001011_scopeNoMPU_datapath:SCOPENOMPU_DP|ID0000204D_FFT_core:FFT_Inst|_245_[9]  ; ID00001011_aipScopeNoMPU:ID00001011|ID00001011_scopeNoMPU_core:SCOPENOMPU_CORE|ID00001011_scopeNoMPU_datapath:SCOPENOMPU_DP|ID0000204D_FFT_core:FFT_Inst|_165_[1] ; clk          ; clk         ; 1.000        ; 0.356      ; 4.504      ;
; -3.150 ; ID00001011_aipScopeNoMPU:ID00001011|ID00001011_scopeNoMPU_core:SCOPENOMPU_CORE|ID00001011_scopeNoMPU_datapath:SCOPENOMPU_DP|ID0000204D_FFT_core:FFT_Inst|_245_[9]  ; ID00001011_aipScopeNoMPU:ID00001011|ID00001011_scopeNoMPU_core:SCOPENOMPU_CORE|ID00001011_scopeNoMPU_datapath:SCOPENOMPU_DP|ID0000204D_FFT_core:FFT_Inst|_165_[3] ; clk          ; clk         ; 1.000        ; 0.356      ; 4.504      ;
; -3.150 ; ID00001011_aipScopeNoMPU:ID00001011|ID00001011_scopeNoMPU_core:SCOPENOMPU_CORE|ID00001011_scopeNoMPU_datapath:SCOPENOMPU_DP|ID0000204D_FFT_core:FFT_Inst|_245_[9]  ; ID00001011_aipScopeNoMPU:ID00001011|ID00001011_scopeNoMPU_core:SCOPENOMPU_CORE|ID00001011_scopeNoMPU_datapath:SCOPENOMPU_DP|ID0000204D_FFT_core:FFT_Inst|_165_[7] ; clk          ; clk         ; 1.000        ; 0.356      ; 4.504      ;
; -3.146 ; ID00001011_aipScopeNoMPU:ID00001011|ID00001011_scopeNoMPU_core:SCOPENOMPU_CORE|ID00001011_scopeNoMPU_datapath:SCOPENOMPU_DP|ID0000204D_FFT_core:FFT_Inst|_245_[34] ; ID00001011_aipScopeNoMPU:ID00001011|ID00001011_scopeNoMPU_core:SCOPENOMPU_CORE|ID00001011_scopeNoMPU_datapath:SCOPENOMPU_DP|ID0000204D_FFT_core:FFT_Inst|_164_[2] ; clk          ; clk         ; 1.000        ; -0.087     ; 4.057      ;
; -3.113 ; ID00001011_aipScopeNoMPU:ID00001011|ID00001011_scopeNoMPU_core:SCOPENOMPU_CORE|ID00001011_scopeNoMPU_datapath:SCOPENOMPU_DP|ID0000204D_FFT_core:FFT_Inst|_245_[9]  ; ID00001011_aipScopeNoMPU:ID00001011|ID00001011_scopeNoMPU_core:SCOPENOMPU_CORE|ID00001011_scopeNoMPU_datapath:SCOPENOMPU_DP|ID0000204D_FFT_core:FFT_Inst|_164_[1] ; clk          ; clk         ; 1.000        ; 0.327      ; 4.438      ;
; -3.110 ; ID00001011_aipScopeNoMPU:ID00001011|ID00001011_scopeNoMPU_core:SCOPENOMPU_CORE|ID00001011_scopeNoMPU_datapath:SCOPENOMPU_DP|ID0000204D_FFT_core:FFT_Inst|_245_[32] ; ID00001011_aipScopeNoMPU:ID00001011|ID00001011_scopeNoMPU_core:SCOPENOMPU_CORE|ID00001011_scopeNoMPU_datapath:SCOPENOMPU_DP|ID0000204D_FFT_core:FFT_Inst|_164_[2] ; clk          ; clk         ; 1.000        ; -0.087     ; 4.021      ;
; -3.096 ; ID00001011_aipScopeNoMPU:ID00001011|ID00001011_scopeNoMPU_core:SCOPENOMPU_CORE|ID00001011_scopeNoMPU_datapath:SCOPENOMPU_DP|ID0000204D_FFT_core:FFT_Inst|_245_[19] ; ID00001011_aipScopeNoMPU:ID00001011|ID00001011_scopeNoMPU_core:SCOPENOMPU_CORE|ID00001011_scopeNoMPU_datapath:SCOPENOMPU_DP|ID0000204D_FFT_core:FFT_Inst|_047_[1] ; clk          ; clk         ; 1.000        ; -0.081     ; 4.013      ;
; -3.088 ; ID00001011_aipScopeNoMPU:ID00001011|ID00001011_scopeNoMPU_core:SCOPENOMPU_CORE|ID00001011_scopeNoMPU_datapath:SCOPENOMPU_DP|ID0000204D_FFT_core:FFT_Inst|_245_[9]  ; ID00001011_aipScopeNoMPU:ID00001011|ID00001011_scopeNoMPU_core:SCOPENOMPU_CORE|ID00001011_scopeNoMPU_datapath:SCOPENOMPU_DP|ID0000204D_FFT_core:FFT_Inst|_166_[2] ; clk          ; clk         ; 1.000        ; 0.356      ; 4.442      ;
; -3.088 ; ID00001011_aipScopeNoMPU:ID00001011|ID00001011_scopeNoMPU_core:SCOPENOMPU_CORE|ID00001011_scopeNoMPU_datapath:SCOPENOMPU_DP|ID0000204D_FFT_core:FFT_Inst|_245_[9]  ; ID00001011_aipScopeNoMPU:ID00001011|ID00001011_scopeNoMPU_core:SCOPENOMPU_CORE|ID00001011_scopeNoMPU_datapath:SCOPENOMPU_DP|ID0000204D_FFT_core:FFT_Inst|_165_[0] ; clk          ; clk         ; 1.000        ; 0.356      ; 4.442      ;
; -3.068 ; ID00001011_aipScopeNoMPU:ID00001011|ID00001011_scopeNoMPU_core:SCOPENOMPU_CORE|ID00001011_scopeNoMPU_datapath:SCOPENOMPU_DP|ID0000204D_FFT_core:FFT_Inst|_245_[10] ; ID00001011_aipScopeNoMPU:ID00001011|ID00001011_scopeNoMPU_core:SCOPENOMPU_CORE|ID00001011_scopeNoMPU_datapath:SCOPENOMPU_DP|ID0000204D_FFT_core:FFT_Inst|_047_[1] ; clk          ; clk         ; 1.000        ; -0.081     ; 3.985      ;
; -3.068 ; ID00001011_aipScopeNoMPU:ID00001011|ID00001011_scopeNoMPU_core:SCOPENOMPU_CORE|ID00001011_scopeNoMPU_datapath:SCOPENOMPU_DP|ID0000204D_FFT_core:FFT_Inst|_245_[8]  ; ID00001011_aipScopeNoMPU:ID00001011|ID00001011_scopeNoMPU_core:SCOPENOMPU_CORE|ID00001011_scopeNoMPU_datapath:SCOPENOMPU_DP|ID0000204D_FFT_core:FFT_Inst|_047_[1] ; clk          ; clk         ; 1.000        ; -0.086     ; 3.980      ;
; -3.054 ; ID00001011_aipScopeNoMPU:ID00001011|ID00001011_scopeNoMPU_core:SCOPENOMPU_CORE|ID00001011_scopeNoMPU_datapath:SCOPENOMPU_DP|ID0000204D_FFT_core:FFT_Inst|_245_[1]  ; ID00001011_aipScopeNoMPU:ID00001011|ID00001011_scopeNoMPU_core:SCOPENOMPU_CORE|ID00001011_scopeNoMPU_datapath:SCOPENOMPU_DP|ID0000204D_FFT_core:FFT_Inst|_047_[1] ; clk          ; clk         ; 1.000        ; -0.086     ; 3.966      ;
; -3.050 ; ID00001011_aipScopeNoMPU:ID00001011|ID00001011_scopeNoMPU_core:SCOPENOMPU_CORE|ID00001011_scopeNoMPU_datapath:SCOPENOMPU_DP|ID0000204D_FFT_core:FFT_Inst|_245_[19] ; ID00001011_aipScopeNoMPU:ID00001011|ID00001011_scopeNoMPU_core:SCOPENOMPU_CORE|ID00001011_scopeNoMPU_datapath:SCOPENOMPU_DP|ID0000204D_FFT_core:FFT_Inst|_164_[2] ; clk          ; clk         ; 1.000        ; -0.082     ; 3.966      ;
; -3.037 ; ID00001011_aipScopeNoMPU:ID00001011|ID00001011_scopeNoMPU_core:SCOPENOMPU_CORE|ID00001011_scopeNoMPU_datapath:SCOPENOMPU_DP|ID0000204D_FFT_core:FFT_Inst|_245_[20] ; ID00001011_aipScopeNoMPU:ID00001011|ID00001011_scopeNoMPU_core:SCOPENOMPU_CORE|ID00001011_scopeNoMPU_datapath:SCOPENOMPU_DP|ID0000204D_FFT_core:FFT_Inst|_047_[1] ; clk          ; clk         ; 1.000        ; -0.080     ; 3.955      ;
; -3.034 ; ID00001011_aipScopeNoMPU:ID00001011|ID00001011_scopeNoMPU_core:SCOPENOMPU_CORE|ID00001011_scopeNoMPU_datapath:SCOPENOMPU_DP|ID0000204D_FFT_core:FFT_Inst|_245_[22] ; ID00001011_aipScopeNoMPU:ID00001011|ID00001011_scopeNoMPU_core:SCOPENOMPU_CORE|ID00001011_scopeNoMPU_datapath:SCOPENOMPU_DP|ID0000204D_FFT_core:FFT_Inst|_047_[1] ; clk          ; clk         ; 1.000        ; -0.080     ; 3.952      ;
; -3.020 ; ID00001011_aipScopeNoMPU:ID00001011|ID00001011_scopeNoMPU_core:SCOPENOMPU_CORE|ID00001011_scopeNoMPU_datapath:SCOPENOMPU_DP|ID0000204D_FFT_core:FFT_Inst|_245_[10] ; ID00001011_aipScopeNoMPU:ID00001011|ID00001011_scopeNoMPU_core:SCOPENOMPU_CORE|ID00001011_scopeNoMPU_datapath:SCOPENOMPU_DP|ID0000204D_FFT_core:FFT_Inst|_164_[2] ; clk          ; clk         ; 1.000        ; -0.082     ; 3.936      ;
; -3.020 ; ID00001011_aipScopeNoMPU:ID00001011|ID00001011_scopeNoMPU_core:SCOPENOMPU_CORE|ID00001011_scopeNoMPU_datapath:SCOPENOMPU_DP|ID0000204D_FFT_core:FFT_Inst|_245_[8]  ; ID00001011_aipScopeNoMPU:ID00001011|ID00001011_scopeNoMPU_core:SCOPENOMPU_CORE|ID00001011_scopeNoMPU_datapath:SCOPENOMPU_DP|ID0000204D_FFT_core:FFT_Inst|_164_[2] ; clk          ; clk         ; 1.000        ; -0.087     ; 3.931      ;
; -3.018 ; ID00001011_aipScopeNoMPU:ID00001011|ID00001011_scopeNoMPU_core:SCOPENOMPU_CORE|ID00001011_scopeNoMPU_datapath:SCOPENOMPU_DP|ID0000204D_FFT_core:FFT_Inst|_245_[4]  ; ID00001011_aipScopeNoMPU:ID00001011|ID00001011_scopeNoMPU_core:SCOPENOMPU_CORE|ID00001011_scopeNoMPU_datapath:SCOPENOMPU_DP|ID0000204D_FFT_core:FFT_Inst|_082_[0] ; clk          ; clk         ; 1.000        ; 0.301      ; 4.317      ;
; -3.015 ; ID00001011_aipScopeNoMPU:ID00001011|ID00001011_scopeNoMPU_core:SCOPENOMPU_CORE|ID00001011_scopeNoMPU_datapath:SCOPENOMPU_DP|ID0000204D_FFT_core:FFT_Inst|_245_[11] ; ID00001011_aipScopeNoMPU:ID00001011|ID00001011_scopeNoMPU_core:SCOPENOMPU_CORE|ID00001011_scopeNoMPU_datapath:SCOPENOMPU_DP|ID0000204D_FFT_core:FFT_Inst|_047_[1] ; clk          ; clk         ; 1.000        ; -0.080     ; 3.933      ;
; -3.008 ; ID00001011_aipScopeNoMPU:ID00001011|ID00001011_scopeNoMPU_core:SCOPENOMPU_CORE|ID00001011_scopeNoMPU_datapath:SCOPENOMPU_DP|ID0000204D_FFT_core:FFT_Inst|_245_[1]  ; ID00001011_aipScopeNoMPU:ID00001011|ID00001011_scopeNoMPU_core:SCOPENOMPU_CORE|ID00001011_scopeNoMPU_datapath:SCOPENOMPU_DP|ID0000204D_FFT_core:FFT_Inst|_164_[2] ; clk          ; clk         ; 1.000        ; -0.087     ; 3.919      ;
; -2.989 ; ID00001011_aipScopeNoMPU:ID00001011|ID00001011_scopeNoMPU_core:SCOPENOMPU_CORE|ID00001011_scopeNoMPU_datapath:SCOPENOMPU_DP|ID0000204D_FFT_core:FFT_Inst|_245_[20] ; ID00001011_aipScopeNoMPU:ID00001011|ID00001011_scopeNoMPU_core:SCOPENOMPU_CORE|ID00001011_scopeNoMPU_datapath:SCOPENOMPU_DP|ID0000204D_FFT_core:FFT_Inst|_164_[2] ; clk          ; clk         ; 1.000        ; -0.081     ; 3.906      ;
; -2.988 ; ID00001011_aipScopeNoMPU:ID00001011|ID00001011_scopeNoMPU_core:SCOPENOMPU_CORE|ID00001011_scopeNoMPU_datapath:SCOPENOMPU_DP|ID0000204D_FFT_core:FFT_Inst|_245_[22] ; ID00001011_aipScopeNoMPU:ID00001011|ID00001011_scopeNoMPU_core:SCOPENOMPU_CORE|ID00001011_scopeNoMPU_datapath:SCOPENOMPU_DP|ID0000204D_FFT_core:FFT_Inst|_164_[2] ; clk          ; clk         ; 1.000        ; -0.081     ; 3.905      ;
; -2.987 ; ID00001011_aipScopeNoMPU:ID00001011|ID00001011_scopeNoMPU_core:SCOPENOMPU_CORE|ID00001011_scopeNoMPU_datapath:SCOPENOMPU_DP|ID0000204D_FFT_core:FFT_Inst|_245_[15] ; ID00001011_aipScopeNoMPU:ID00001011|ID00001011_scopeNoMPU_core:SCOPENOMPU_CORE|ID00001011_scopeNoMPU_datapath:SCOPENOMPU_DP|ID0000204D_FFT_core:FFT_Inst|_047_[1] ; clk          ; clk         ; 1.000        ; -0.080     ; 3.905      ;
; -2.983 ; ID00001011_aipScopeNoMPU:ID00001011|ID00001011_scopeNoMPU_core:SCOPENOMPU_CORE|ID00001011_scopeNoMPU_datapath:SCOPENOMPU_DP|ID0000204D_FFT_core:FFT_Inst|_245_[4]  ; ID00001011_aipScopeNoMPU:ID00001011|ID00001011_scopeNoMPU_core:SCOPENOMPU_CORE|ID00001011_scopeNoMPU_datapath:SCOPENOMPU_DP|ID0000204D_FFT_core:FFT_Inst|_082_[6] ; clk          ; clk         ; 1.000        ; 0.336      ; 4.317      ;
; -2.983 ; ID00001011_aipScopeNoMPU:ID00001011|ID00001011_scopeNoMPU_core:SCOPENOMPU_CORE|ID00001011_scopeNoMPU_datapath:SCOPENOMPU_DP|ID0000204D_FFT_core:FFT_Inst|_245_[4]  ; ID00001011_aipScopeNoMPU:ID00001011|ID00001011_scopeNoMPU_core:SCOPENOMPU_CORE|ID00001011_scopeNoMPU_datapath:SCOPENOMPU_DP|ID0000204D_FFT_core:FFT_Inst|_082_[5] ; clk          ; clk         ; 1.000        ; 0.336      ; 4.317      ;
; -2.983 ; ID00001011_aipScopeNoMPU:ID00001011|ID00001011_scopeNoMPU_core:SCOPENOMPU_CORE|ID00001011_scopeNoMPU_datapath:SCOPENOMPU_DP|ID0000204D_FFT_core:FFT_Inst|_245_[4]  ; ID00001011_aipScopeNoMPU:ID00001011|ID00001011_scopeNoMPU_core:SCOPENOMPU_CORE|ID00001011_scopeNoMPU_datapath:SCOPENOMPU_DP|ID0000204D_FFT_core:FFT_Inst|_082_[4] ; clk          ; clk         ; 1.000        ; 0.336      ; 4.317      ;
; -2.983 ; ID00001011_aipScopeNoMPU:ID00001011|ID00001011_scopeNoMPU_core:SCOPENOMPU_CORE|ID00001011_scopeNoMPU_datapath:SCOPENOMPU_DP|ID0000204D_FFT_core:FFT_Inst|_245_[4]  ; ID00001011_aipScopeNoMPU:ID00001011|ID00001011_scopeNoMPU_core:SCOPENOMPU_CORE|ID00001011_scopeNoMPU_datapath:SCOPENOMPU_DP|ID0000204D_FFT_core:FFT_Inst|_082_[3] ; clk          ; clk         ; 1.000        ; 0.336      ; 4.317      ;
; -2.983 ; ID00001011_aipScopeNoMPU:ID00001011|ID00001011_scopeNoMPU_core:SCOPENOMPU_CORE|ID00001011_scopeNoMPU_datapath:SCOPENOMPU_DP|ID0000204D_FFT_core:FFT_Inst|_245_[4]  ; ID00001011_aipScopeNoMPU:ID00001011|ID00001011_scopeNoMPU_core:SCOPENOMPU_CORE|ID00001011_scopeNoMPU_datapath:SCOPENOMPU_DP|ID0000204D_FFT_core:FFT_Inst|_082_[2] ; clk          ; clk         ; 1.000        ; 0.336      ; 4.317      ;
; -2.983 ; ID00001011_aipScopeNoMPU:ID00001011|ID00001011_scopeNoMPU_core:SCOPENOMPU_CORE|ID00001011_scopeNoMPU_datapath:SCOPENOMPU_DP|ID0000204D_FFT_core:FFT_Inst|_245_[4]  ; ID00001011_aipScopeNoMPU:ID00001011|ID00001011_scopeNoMPU_core:SCOPENOMPU_CORE|ID00001011_scopeNoMPU_datapath:SCOPENOMPU_DP|ID0000204D_FFT_core:FFT_Inst|_082_[1] ; clk          ; clk         ; 1.000        ; 0.336      ; 4.317      ;
; -2.971 ; ID00001011_aipScopeNoMPU:ID00001011|ID00001011_scopeNoMPU_core:SCOPENOMPU_CORE|ID00001011_scopeNoMPU_datapath:SCOPENOMPU_DP|ID0000204D_FFT_core:FFT_Inst|_245_[0]  ; ID00001011_aipScopeNoMPU:ID00001011|ID00001011_scopeNoMPU_core:SCOPENOMPU_CORE|ID00001011_scopeNoMPU_datapath:SCOPENOMPU_DP|ID0000204D_FFT_core:FFT_Inst|_082_[0] ; clk          ; clk         ; 1.000        ; 0.301      ; 4.270      ;
; -2.967 ; ID00001011_aipScopeNoMPU:ID00001011|ID00001011_scopeNoMPU_core:SCOPENOMPU_CORE|ID00001011_scopeNoMPU_datapath:SCOPENOMPU_DP|ID0000204D_FFT_core:FFT_Inst|_245_[11] ; ID00001011_aipScopeNoMPU:ID00001011|ID00001011_scopeNoMPU_core:SCOPENOMPU_CORE|ID00001011_scopeNoMPU_datapath:SCOPENOMPU_DP|ID0000204D_FFT_core:FFT_Inst|_164_[2] ; clk          ; clk         ; 1.000        ; -0.081     ; 3.884      ;
; -2.967 ; ID00001011_aipScopeNoMPU:ID00001011|ID00001011_scopeNoMPU_core:SCOPENOMPU_CORE|ID00001011_scopeNoMPU_datapath:SCOPENOMPU_DP|ID0000204D_FFT_core:FFT_Inst|_245_[33] ; ID00001011_aipScopeNoMPU:ID00001011|ID00001011_scopeNoMPU_core:SCOPENOMPU_CORE|ID00001011_scopeNoMPU_datapath:SCOPENOMPU_DP|ID0000204D_FFT_core:FFT_Inst|_047_[1] ; clk          ; clk         ; 1.000        ; -0.086     ; 3.879      ;
; -2.962 ; ID00001011_aipScopeNoMPU:ID00001011|ID00001011_scopeNoMPU_core:SCOPENOMPU_CORE|ID00001011_scopeNoMPU_datapath:SCOPENOMPU_DP|ID0000204D_FFT_core:FFT_Inst|_245_[7]  ; ID00001011_aipScopeNoMPU:ID00001011|ID00001011_scopeNoMPU_core:SCOPENOMPU_CORE|ID00001011_scopeNoMPU_datapath:SCOPENOMPU_DP|ID0000204D_FFT_core:FFT_Inst|_082_[0] ; clk          ; clk         ; 1.000        ; 0.301      ; 4.261      ;
; -2.959 ; ID00001011_aipScopeNoMPU:ID00001011|ID00001011_scopeNoMPU_core:SCOPENOMPU_CORE|ID00001011_scopeNoMPU_datapath:SCOPENOMPU_DP|ID0000204D_FFT_core:FFT_Inst|_245_[4]  ; ID00001011_aipScopeNoMPU:ID00001011|ID00001011_scopeNoMPU_core:SCOPENOMPU_CORE|ID00001011_scopeNoMPU_datapath:SCOPENOMPU_DP|ID0000204D_FFT_core:FFT_Inst|_047_[6] ; clk          ; clk         ; 1.000        ; 0.328      ; 4.285      ;
; -2.959 ; ID00001011_aipScopeNoMPU:ID00001011|ID00001011_scopeNoMPU_core:SCOPENOMPU_CORE|ID00001011_scopeNoMPU_datapath:SCOPENOMPU_DP|ID0000204D_FFT_core:FFT_Inst|_245_[4]  ; ID00001011_aipScopeNoMPU:ID00001011|ID00001011_scopeNoMPU_core:SCOPENOMPU_CORE|ID00001011_scopeNoMPU_datapath:SCOPENOMPU_DP|ID0000204D_FFT_core:FFT_Inst|_047_[5] ; clk          ; clk         ; 1.000        ; 0.328      ; 4.285      ;
; -2.959 ; ID00001011_aipScopeNoMPU:ID00001011|ID00001011_scopeNoMPU_core:SCOPENOMPU_CORE|ID00001011_scopeNoMPU_datapath:SCOPENOMPU_DP|ID0000204D_FFT_core:FFT_Inst|_245_[4]  ; ID00001011_aipScopeNoMPU:ID00001011|ID00001011_scopeNoMPU_core:SCOPENOMPU_CORE|ID00001011_scopeNoMPU_datapath:SCOPENOMPU_DP|ID0000204D_FFT_core:FFT_Inst|_047_[4] ; clk          ; clk         ; 1.000        ; 0.328      ; 4.285      ;
; -2.959 ; ID00001011_aipScopeNoMPU:ID00001011|ID00001011_scopeNoMPU_core:SCOPENOMPU_CORE|ID00001011_scopeNoMPU_datapath:SCOPENOMPU_DP|ID0000204D_FFT_core:FFT_Inst|_245_[4]  ; ID00001011_aipScopeNoMPU:ID00001011|ID00001011_scopeNoMPU_core:SCOPENOMPU_CORE|ID00001011_scopeNoMPU_datapath:SCOPENOMPU_DP|ID0000204D_FFT_core:FFT_Inst|_047_[3] ; clk          ; clk         ; 1.000        ; 0.328      ; 4.285      ;
; -2.959 ; ID00001011_aipScopeNoMPU:ID00001011|ID00001011_scopeNoMPU_core:SCOPENOMPU_CORE|ID00001011_scopeNoMPU_datapath:SCOPENOMPU_DP|ID0000204D_FFT_core:FFT_Inst|_245_[4]  ; ID00001011_aipScopeNoMPU:ID00001011|ID00001011_scopeNoMPU_core:SCOPENOMPU_CORE|ID00001011_scopeNoMPU_datapath:SCOPENOMPU_DP|ID0000204D_FFT_core:FFT_Inst|_047_[2] ; clk          ; clk         ; 1.000        ; 0.328      ; 4.285      ;
; -2.959 ; ID00001011_aipScopeNoMPU:ID00001011|ID00001011_scopeNoMPU_core:SCOPENOMPU_CORE|ID00001011_scopeNoMPU_datapath:SCOPENOMPU_DP|ID0000204D_FFT_core:FFT_Inst|_245_[4]  ; ID00001011_aipScopeNoMPU:ID00001011|ID00001011_scopeNoMPU_core:SCOPENOMPU_CORE|ID00001011_scopeNoMPU_datapath:SCOPENOMPU_DP|ID0000204D_FFT_core:FFT_Inst|_047_[0] ; clk          ; clk         ; 1.000        ; 0.328      ; 4.285      ;
; -2.959 ; ID00001011_aipScopeNoMPU:ID00001011|ID00001011_scopeNoMPU_core:SCOPENOMPU_CORE|ID00001011_scopeNoMPU_datapath:SCOPENOMPU_DP|ID0000204D_FFT_core:FFT_Inst|_245_[4]  ; ID00001011_aipScopeNoMPU:ID00001011|ID00001011_scopeNoMPU_core:SCOPENOMPU_CORE|ID00001011_scopeNoMPU_datapath:SCOPENOMPU_DP|ID0000204D_FFT_core:FFT_Inst|_071_    ; clk          ; clk         ; 1.000        ; 0.328      ; 4.285      ;
; -2.959 ; ID00001011_aipScopeNoMPU:ID00001011|ID00001011_scopeNoMPU_core:SCOPENOMPU_CORE|ID00001011_scopeNoMPU_datapath:SCOPENOMPU_DP|ID0000204D_FFT_core:FFT_Inst|_245_[4]  ; ID00001011_aipScopeNoMPU:ID00001011|ID00001011_scopeNoMPU_core:SCOPENOMPU_CORE|ID00001011_scopeNoMPU_datapath:SCOPENOMPU_DP|ID0000204D_FFT_core:FFT_Inst|_069_[1] ; clk          ; clk         ; 1.000        ; 0.328      ; 4.285      ;
; -2.958 ; ID00001011_aipScopeNoMPU:ID00001011|ID00001011_scopeNoMPU_core:SCOPENOMPU_CORE|ID00001011_scopeNoMPU_datapath:SCOPENOMPU_DP|ID0000204D_FFT_core:FFT_Inst|_245_[13] ; ID00001011_aipScopeNoMPU:ID00001011|ID00001011_scopeNoMPU_core:SCOPENOMPU_CORE|ID00001011_scopeNoMPU_datapath:SCOPENOMPU_DP|ID0000204D_FFT_core:FFT_Inst|_047_[1] ; clk          ; clk         ; 1.000        ; -0.081     ; 3.875      ;
; -2.957 ; ID00001011_aipScopeNoMPU:ID00001011|ID00001011_scopeNoMPU_core:SCOPENOMPU_CORE|ID00001011_scopeNoMPU_datapath:SCOPENOMPU_DP|ID0000204D_FFT_core:FFT_Inst|_245_[4]  ; ID00001011_aipScopeNoMPU:ID00001011|ID00001011_scopeNoMPU_core:SCOPENOMPU_CORE|ID00001011_scopeNoMPU_datapath:SCOPENOMPU_DP|ID0000204D_FFT_core:FFT_Inst|_182_    ; clk          ; clk         ; 1.000        ; 0.327      ; 4.282      ;
; -2.957 ; ID00001011_aipScopeNoMPU:ID00001011|ID00001011_scopeNoMPU_core:SCOPENOMPU_CORE|ID00001011_scopeNoMPU_datapath:SCOPENOMPU_DP|ID0000204D_FFT_core:FFT_Inst|_245_[4]  ; ID00001011_aipScopeNoMPU:ID00001011|ID00001011_scopeNoMPU_core:SCOPENOMPU_CORE|ID00001011_scopeNoMPU_datapath:SCOPENOMPU_DP|ID0000204D_FFT_core:FFT_Inst|_181_    ; clk          ; clk         ; 1.000        ; 0.327      ; 4.282      ;
; -2.957 ; ID00001011_aipScopeNoMPU:ID00001011|ID00001011_scopeNoMPU_core:SCOPENOMPU_CORE|ID00001011_scopeNoMPU_datapath:SCOPENOMPU_DP|ID0000204D_FFT_core:FFT_Inst|_245_[4]  ; ID00001011_aipScopeNoMPU:ID00001011|ID00001011_scopeNoMPU_core:SCOPENOMPU_CORE|ID00001011_scopeNoMPU_datapath:SCOPENOMPU_DP|ID0000204D_FFT_core:FFT_Inst|_183_    ; clk          ; clk         ; 1.000        ; 0.327      ; 4.282      ;
; -2.957 ; ID00001011_aipScopeNoMPU:ID00001011|ID00001011_scopeNoMPU_core:SCOPENOMPU_CORE|ID00001011_scopeNoMPU_datapath:SCOPENOMPU_DP|ID0000204D_FFT_core:FFT_Inst|_245_[4]  ; ID00001011_aipScopeNoMPU:ID00001011|ID00001011_scopeNoMPU_core:SCOPENOMPU_CORE|ID00001011_scopeNoMPU_datapath:SCOPENOMPU_DP|ID0000204D_FFT_core:FFT_Inst|_166_[1] ; clk          ; clk         ; 1.000        ; 0.327      ; 4.282      ;
; -2.954 ; ID00001011_aipScopeNoMPU:ID00001011|ID00001011_scopeNoMPU_core:SCOPENOMPU_CORE|ID00001011_scopeNoMPU_datapath:SCOPENOMPU_DP|ID0000204D_FFT_core:FFT_Inst|_245_[6]  ; ID00001011_aipScopeNoMPU:ID00001011|ID00001011_scopeNoMPU_core:SCOPENOMPU_CORE|ID00001011_scopeNoMPU_datapath:SCOPENOMPU_DP|ID0000204D_FFT_core:FFT_Inst|_082_[0] ; clk          ; clk         ; 1.000        ; 0.301      ; 4.253      ;
; -2.952 ; ID00001011_aipScopeNoMPU:ID00001011|ID00001011_scopeNoMPU_core:SCOPENOMPU_CORE|ID00001011_scopeNoMPU_datapath:SCOPENOMPU_DP|ID0000204D_FFT_core:FFT_Inst|_245_[4]  ; ID00001011_aipScopeNoMPU:ID00001011|ID00001011_scopeNoMPU_core:SCOPENOMPU_CORE|ID00001011_scopeNoMPU_datapath:SCOPENOMPU_DP|ID0000204D_FFT_core:FFT_Inst|_164_[0] ; clk          ; clk         ; 1.000        ; 0.292      ; 4.242      ;
; -2.950 ; ID00001011_aipScopeNoMPU:ID00001011|ID00001011_scopeNoMPU_core:SCOPENOMPU_CORE|ID00001011_scopeNoMPU_datapath:SCOPENOMPU_DP|ID0000204D_FFT_core:FFT_Inst|_245_[4]  ; ID00001011_aipScopeNoMPU:ID00001011|ID00001011_scopeNoMPU_core:SCOPENOMPU_CORE|ID00001011_scopeNoMPU_datapath:SCOPENOMPU_DP|ID0000204D_FFT_core:FFT_Inst|_165_[1] ; clk          ; clk         ; 1.000        ; 0.356      ; 4.304      ;
; -2.950 ; ID00001011_aipScopeNoMPU:ID00001011|ID00001011_scopeNoMPU_core:SCOPENOMPU_CORE|ID00001011_scopeNoMPU_datapath:SCOPENOMPU_DP|ID0000204D_FFT_core:FFT_Inst|_245_[4]  ; ID00001011_aipScopeNoMPU:ID00001011|ID00001011_scopeNoMPU_core:SCOPENOMPU_CORE|ID00001011_scopeNoMPU_datapath:SCOPENOMPU_DP|ID0000204D_FFT_core:FFT_Inst|_165_[3] ; clk          ; clk         ; 1.000        ; 0.356      ; 4.304      ;
; -2.950 ; ID00001011_aipScopeNoMPU:ID00001011|ID00001011_scopeNoMPU_core:SCOPENOMPU_CORE|ID00001011_scopeNoMPU_datapath:SCOPENOMPU_DP|ID0000204D_FFT_core:FFT_Inst|_245_[4]  ; ID00001011_aipScopeNoMPU:ID00001011|ID00001011_scopeNoMPU_core:SCOPENOMPU_CORE|ID00001011_scopeNoMPU_datapath:SCOPENOMPU_DP|ID0000204D_FFT_core:FFT_Inst|_165_[7] ; clk          ; clk         ; 1.000        ; 0.356      ; 4.304      ;
; -2.939 ; ID00001011_aipScopeNoMPU:ID00001011|ID00001011_scopeNoMPU_core:SCOPENOMPU_CORE|ID00001011_scopeNoMPU_datapath:SCOPENOMPU_DP|ID0000204D_FFT_core:FFT_Inst|_245_[15] ; ID00001011_aipScopeNoMPU:ID00001011|ID00001011_scopeNoMPU_core:SCOPENOMPU_CORE|ID00001011_scopeNoMPU_datapath:SCOPENOMPU_DP|ID0000204D_FFT_core:FFT_Inst|_164_[2] ; clk          ; clk         ; 1.000        ; -0.081     ; 3.856      ;
; -2.936 ; ID00001011_aipScopeNoMPU:ID00001011|ID00001011_scopeNoMPU_core:SCOPENOMPU_CORE|ID00001011_scopeNoMPU_datapath:SCOPENOMPU_DP|ID0000204D_FFT_core:FFT_Inst|_245_[0]  ; ID00001011_aipScopeNoMPU:ID00001011|ID00001011_scopeNoMPU_core:SCOPENOMPU_CORE|ID00001011_scopeNoMPU_datapath:SCOPENOMPU_DP|ID0000204D_FFT_core:FFT_Inst|_082_[6] ; clk          ; clk         ; 1.000        ; 0.336      ; 4.270      ;
; -2.936 ; ID00001011_aipScopeNoMPU:ID00001011|ID00001011_scopeNoMPU_core:SCOPENOMPU_CORE|ID00001011_scopeNoMPU_datapath:SCOPENOMPU_DP|ID0000204D_FFT_core:FFT_Inst|_245_[0]  ; ID00001011_aipScopeNoMPU:ID00001011|ID00001011_scopeNoMPU_core:SCOPENOMPU_CORE|ID00001011_scopeNoMPU_datapath:SCOPENOMPU_DP|ID0000204D_FFT_core:FFT_Inst|_082_[5] ; clk          ; clk         ; 1.000        ; 0.336      ; 4.270      ;
; -2.936 ; ID00001011_aipScopeNoMPU:ID00001011|ID00001011_scopeNoMPU_core:SCOPENOMPU_CORE|ID00001011_scopeNoMPU_datapath:SCOPENOMPU_DP|ID0000204D_FFT_core:FFT_Inst|_245_[0]  ; ID00001011_aipScopeNoMPU:ID00001011|ID00001011_scopeNoMPU_core:SCOPENOMPU_CORE|ID00001011_scopeNoMPU_datapath:SCOPENOMPU_DP|ID0000204D_FFT_core:FFT_Inst|_082_[4] ; clk          ; clk         ; 1.000        ; 0.336      ; 4.270      ;
; -2.936 ; ID00001011_aipScopeNoMPU:ID00001011|ID00001011_scopeNoMPU_core:SCOPENOMPU_CORE|ID00001011_scopeNoMPU_datapath:SCOPENOMPU_DP|ID0000204D_FFT_core:FFT_Inst|_245_[0]  ; ID00001011_aipScopeNoMPU:ID00001011|ID00001011_scopeNoMPU_core:SCOPENOMPU_CORE|ID00001011_scopeNoMPU_datapath:SCOPENOMPU_DP|ID0000204D_FFT_core:FFT_Inst|_082_[3] ; clk          ; clk         ; 1.000        ; 0.336      ; 4.270      ;
+--------+--------------------------------------------------------------------------------------------------------------------------------------------------------------------+-------------------------------------------------------------------------------------------------------------------------------------------------------------------+--------------+-------------+--------------+------------+------------+


+----------------------------------------------------------------------------------------------------------------------------------------------------------------------------------------------------------------------------------------------------------------------------------------------------------------------------------------------------------------------------------------------------------------------+
; Slow 1200mV 85C Model Removal: 'clk'                                                                                                                                                                                                                                                                                                                                                                                 ;
+-------+--------------------------------------------------------------------------------------------------------------------------------------------------------------------+-------------------------------------------------------------------------------------------------------------------------------------------------------------------+--------------+-------------+--------------+------------+------------+
; Slack ; From Node                                                                                                                                                          ; To Node                                                                                                                                                           ; Launch Clock ; Latch Clock ; Relationship ; Clock Skew ; Data Delay ;
+-------+--------------------------------------------------------------------------------------------------------------------------------------------------------------------+-------------------------------------------------------------------------------------------------------------------------------------------------------------------+--------------+-------------+--------------+------------+------------+
; 2.190 ; ID00001011_aipScopeNoMPU:ID00001011|ID00001011_scopeNoMPU_core:SCOPENOMPU_CORE|ID00001011_scopeNoMPU_datapath:SCOPENOMPU_DP|ID0000204D_FFT_core:FFT_Inst|_245_[31] ; ID00001011_aipScopeNoMPU:ID00001011|ID00001011_scopeNoMPU_core:SCOPENOMPU_CORE|ID00001011_scopeNoMPU_datapath:SCOPENOMPU_DP|ID0000204D_FFT_core:FFT_Inst|_166_[3] ; clk          ; clk         ; 0.000        ; 0.474      ; 2.850      ;
; 2.190 ; ID00001011_aipScopeNoMPU:ID00001011|ID00001011_scopeNoMPU_core:SCOPENOMPU_CORE|ID00001011_scopeNoMPU_datapath:SCOPENOMPU_DP|ID0000204D_FFT_core:FFT_Inst|_245_[31] ; ID00001011_aipScopeNoMPU:ID00001011|ID00001011_scopeNoMPU_core:SCOPENOMPU_CORE|ID00001011_scopeNoMPU_datapath:SCOPENOMPU_DP|ID0000204D_FFT_core:FFT_Inst|_072_    ; clk          ; clk         ; 0.000        ; 0.474      ; 2.850      ;
; 2.190 ; ID00001011_aipScopeNoMPU:ID00001011|ID00001011_scopeNoMPU_core:SCOPENOMPU_CORE|ID00001011_scopeNoMPU_datapath:SCOPENOMPU_DP|ID0000204D_FFT_core:FFT_Inst|_245_[31] ; ID00001011_aipScopeNoMPU:ID00001011|ID00001011_scopeNoMPU_core:SCOPENOMPU_CORE|ID00001011_scopeNoMPU_datapath:SCOPENOMPU_DP|ID0000204D_FFT_core:FFT_Inst|_069_[4] ; clk          ; clk         ; 0.000        ; 0.474      ; 2.850      ;
; 2.190 ; ID00001011_aipScopeNoMPU:ID00001011|ID00001011_scopeNoMPU_core:SCOPENOMPU_CORE|ID00001011_scopeNoMPU_datapath:SCOPENOMPU_DP|ID0000204D_FFT_core:FFT_Inst|_245_[31] ; ID00001011_aipScopeNoMPU:ID00001011|ID00001011_scopeNoMPU_core:SCOPENOMPU_CORE|ID00001011_scopeNoMPU_datapath:SCOPENOMPU_DP|ID0000204D_FFT_core:FFT_Inst|_065_[6] ; clk          ; clk         ; 0.000        ; 0.474      ; 2.850      ;
; 2.190 ; ID00001011_aipScopeNoMPU:ID00001011|ID00001011_scopeNoMPU_core:SCOPENOMPU_CORE|ID00001011_scopeNoMPU_datapath:SCOPENOMPU_DP|ID0000204D_FFT_core:FFT_Inst|_245_[31] ; ID00001011_aipScopeNoMPU:ID00001011|ID00001011_scopeNoMPU_core:SCOPENOMPU_CORE|ID00001011_scopeNoMPU_datapath:SCOPENOMPU_DP|ID0000204D_FFT_core:FFT_Inst|_065_[5] ; clk          ; clk         ; 0.000        ; 0.474      ; 2.850      ;
; 2.190 ; ID00001011_aipScopeNoMPU:ID00001011|ID00001011_scopeNoMPU_core:SCOPENOMPU_CORE|ID00001011_scopeNoMPU_datapath:SCOPENOMPU_DP|ID0000204D_FFT_core:FFT_Inst|_245_[31] ; ID00001011_aipScopeNoMPU:ID00001011|ID00001011_scopeNoMPU_core:SCOPENOMPU_CORE|ID00001011_scopeNoMPU_datapath:SCOPENOMPU_DP|ID0000204D_FFT_core:FFT_Inst|_065_[4] ; clk          ; clk         ; 0.000        ; 0.474      ; 2.850      ;
; 2.190 ; ID00001011_aipScopeNoMPU:ID00001011|ID00001011_scopeNoMPU_core:SCOPENOMPU_CORE|ID00001011_scopeNoMPU_datapath:SCOPENOMPU_DP|ID0000204D_FFT_core:FFT_Inst|_245_[31] ; ID00001011_aipScopeNoMPU:ID00001011|ID00001011_scopeNoMPU_core:SCOPENOMPU_CORE|ID00001011_scopeNoMPU_datapath:SCOPENOMPU_DP|ID0000204D_FFT_core:FFT_Inst|_069_[2] ; clk          ; clk         ; 0.000        ; 0.474      ; 2.850      ;
; 2.296 ; ID00001011_aipScopeNoMPU:ID00001011|ID00001011_scopeNoMPU_core:SCOPENOMPU_CORE|ID00001011_scopeNoMPU_datapath:SCOPENOMPU_DP|ID0000204D_FFT_core:FFT_Inst|_245_[14] ; ID00001011_aipScopeNoMPU:ID00001011|ID00001011_scopeNoMPU_core:SCOPENOMPU_CORE|ID00001011_scopeNoMPU_datapath:SCOPENOMPU_DP|ID0000204D_FFT_core:FFT_Inst|_166_[3] ; clk          ; clk         ; 0.000        ; 0.479      ; 2.961      ;
; 2.296 ; ID00001011_aipScopeNoMPU:ID00001011|ID00001011_scopeNoMPU_core:SCOPENOMPU_CORE|ID00001011_scopeNoMPU_datapath:SCOPENOMPU_DP|ID0000204D_FFT_core:FFT_Inst|_245_[14] ; ID00001011_aipScopeNoMPU:ID00001011|ID00001011_scopeNoMPU_core:SCOPENOMPU_CORE|ID00001011_scopeNoMPU_datapath:SCOPENOMPU_DP|ID0000204D_FFT_core:FFT_Inst|_072_    ; clk          ; clk         ; 0.000        ; 0.479      ; 2.961      ;
; 2.296 ; ID00001011_aipScopeNoMPU:ID00001011|ID00001011_scopeNoMPU_core:SCOPENOMPU_CORE|ID00001011_scopeNoMPU_datapath:SCOPENOMPU_DP|ID0000204D_FFT_core:FFT_Inst|_245_[14] ; ID00001011_aipScopeNoMPU:ID00001011|ID00001011_scopeNoMPU_core:SCOPENOMPU_CORE|ID00001011_scopeNoMPU_datapath:SCOPENOMPU_DP|ID0000204D_FFT_core:FFT_Inst|_069_[4] ; clk          ; clk         ; 0.000        ; 0.479      ; 2.961      ;
; 2.296 ; ID00001011_aipScopeNoMPU:ID00001011|ID00001011_scopeNoMPU_core:SCOPENOMPU_CORE|ID00001011_scopeNoMPU_datapath:SCOPENOMPU_DP|ID0000204D_FFT_core:FFT_Inst|_245_[14] ; ID00001011_aipScopeNoMPU:ID00001011|ID00001011_scopeNoMPU_core:SCOPENOMPU_CORE|ID00001011_scopeNoMPU_datapath:SCOPENOMPU_DP|ID0000204D_FFT_core:FFT_Inst|_065_[6] ; clk          ; clk         ; 0.000        ; 0.479      ; 2.961      ;
; 2.296 ; ID00001011_aipScopeNoMPU:ID00001011|ID00001011_scopeNoMPU_core:SCOPENOMPU_CORE|ID00001011_scopeNoMPU_datapath:SCOPENOMPU_DP|ID0000204D_FFT_core:FFT_Inst|_245_[14] ; ID00001011_aipScopeNoMPU:ID00001011|ID00001011_scopeNoMPU_core:SCOPENOMPU_CORE|ID00001011_scopeNoMPU_datapath:SCOPENOMPU_DP|ID0000204D_FFT_core:FFT_Inst|_065_[5] ; clk          ; clk         ; 0.000        ; 0.479      ; 2.961      ;
; 2.296 ; ID00001011_aipScopeNoMPU:ID00001011|ID00001011_scopeNoMPU_core:SCOPENOMPU_CORE|ID00001011_scopeNoMPU_datapath:SCOPENOMPU_DP|ID0000204D_FFT_core:FFT_Inst|_245_[14] ; ID00001011_aipScopeNoMPU:ID00001011|ID00001011_scopeNoMPU_core:SCOPENOMPU_CORE|ID00001011_scopeNoMPU_datapath:SCOPENOMPU_DP|ID0000204D_FFT_core:FFT_Inst|_065_[4] ; clk          ; clk         ; 0.000        ; 0.479      ; 2.961      ;
; 2.296 ; ID00001011_aipScopeNoMPU:ID00001011|ID00001011_scopeNoMPU_core:SCOPENOMPU_CORE|ID00001011_scopeNoMPU_datapath:SCOPENOMPU_DP|ID0000204D_FFT_core:FFT_Inst|_245_[14] ; ID00001011_aipScopeNoMPU:ID00001011|ID00001011_scopeNoMPU_core:SCOPENOMPU_CORE|ID00001011_scopeNoMPU_datapath:SCOPENOMPU_DP|ID0000204D_FFT_core:FFT_Inst|_069_[2] ; clk          ; clk         ; 0.000        ; 0.479      ; 2.961      ;
; 2.313 ; ID00001011_aipScopeNoMPU:ID00001011|ID00001011_scopeNoMPU_core:SCOPENOMPU_CORE|ID00001011_scopeNoMPU_datapath:SCOPENOMPU_DP|ID0000204D_FFT_core:FFT_Inst|_245_[23] ; ID00001011_aipScopeNoMPU:ID00001011|ID00001011_scopeNoMPU_core:SCOPENOMPU_CORE|ID00001011_scopeNoMPU_datapath:SCOPENOMPU_DP|ID0000204D_FFT_core:FFT_Inst|_166_[3] ; clk          ; clk         ; 0.000        ; 0.480      ; 2.979      ;
; 2.313 ; ID00001011_aipScopeNoMPU:ID00001011|ID00001011_scopeNoMPU_core:SCOPENOMPU_CORE|ID00001011_scopeNoMPU_datapath:SCOPENOMPU_DP|ID0000204D_FFT_core:FFT_Inst|_245_[23] ; ID00001011_aipScopeNoMPU:ID00001011|ID00001011_scopeNoMPU_core:SCOPENOMPU_CORE|ID00001011_scopeNoMPU_datapath:SCOPENOMPU_DP|ID0000204D_FFT_core:FFT_Inst|_072_    ; clk          ; clk         ; 0.000        ; 0.480      ; 2.979      ;
; 2.313 ; ID00001011_aipScopeNoMPU:ID00001011|ID00001011_scopeNoMPU_core:SCOPENOMPU_CORE|ID00001011_scopeNoMPU_datapath:SCOPENOMPU_DP|ID0000204D_FFT_core:FFT_Inst|_245_[23] ; ID00001011_aipScopeNoMPU:ID00001011|ID00001011_scopeNoMPU_core:SCOPENOMPU_CORE|ID00001011_scopeNoMPU_datapath:SCOPENOMPU_DP|ID0000204D_FFT_core:FFT_Inst|_069_[4] ; clk          ; clk         ; 0.000        ; 0.480      ; 2.979      ;
; 2.313 ; ID00001011_aipScopeNoMPU:ID00001011|ID00001011_scopeNoMPU_core:SCOPENOMPU_CORE|ID00001011_scopeNoMPU_datapath:SCOPENOMPU_DP|ID0000204D_FFT_core:FFT_Inst|_245_[23] ; ID00001011_aipScopeNoMPU:ID00001011|ID00001011_scopeNoMPU_core:SCOPENOMPU_CORE|ID00001011_scopeNoMPU_datapath:SCOPENOMPU_DP|ID0000204D_FFT_core:FFT_Inst|_065_[6] ; clk          ; clk         ; 0.000        ; 0.480      ; 2.979      ;
; 2.313 ; ID00001011_aipScopeNoMPU:ID00001011|ID00001011_scopeNoMPU_core:SCOPENOMPU_CORE|ID00001011_scopeNoMPU_datapath:SCOPENOMPU_DP|ID0000204D_FFT_core:FFT_Inst|_245_[23] ; ID00001011_aipScopeNoMPU:ID00001011|ID00001011_scopeNoMPU_core:SCOPENOMPU_CORE|ID00001011_scopeNoMPU_datapath:SCOPENOMPU_DP|ID0000204D_FFT_core:FFT_Inst|_065_[5] ; clk          ; clk         ; 0.000        ; 0.480      ; 2.979      ;
; 2.313 ; ID00001011_aipScopeNoMPU:ID00001011|ID00001011_scopeNoMPU_core:SCOPENOMPU_CORE|ID00001011_scopeNoMPU_datapath:SCOPENOMPU_DP|ID0000204D_FFT_core:FFT_Inst|_245_[23] ; ID00001011_aipScopeNoMPU:ID00001011|ID00001011_scopeNoMPU_core:SCOPENOMPU_CORE|ID00001011_scopeNoMPU_datapath:SCOPENOMPU_DP|ID0000204D_FFT_core:FFT_Inst|_065_[4] ; clk          ; clk         ; 0.000        ; 0.480      ; 2.979      ;
; 2.313 ; ID00001011_aipScopeNoMPU:ID00001011|ID00001011_scopeNoMPU_core:SCOPENOMPU_CORE|ID00001011_scopeNoMPU_datapath:SCOPENOMPU_DP|ID0000204D_FFT_core:FFT_Inst|_245_[23] ; ID00001011_aipScopeNoMPU:ID00001011|ID00001011_scopeNoMPU_core:SCOPENOMPU_CORE|ID00001011_scopeNoMPU_datapath:SCOPENOMPU_DP|ID0000204D_FFT_core:FFT_Inst|_069_[2] ; clk          ; clk         ; 0.000        ; 0.480      ; 2.979      ;
; 2.314 ; ID00001011_aipScopeNoMPU:ID00001011|ID00001011_scopeNoMPU_core:SCOPENOMPU_CORE|ID00001011_scopeNoMPU_datapath:SCOPENOMPU_DP|ID0000204D_FFT_core:FFT_Inst|_245_[30] ; ID00001011_aipScopeNoMPU:ID00001011|ID00001011_scopeNoMPU_core:SCOPENOMPU_CORE|ID00001011_scopeNoMPU_datapath:SCOPENOMPU_DP|ID0000204D_FFT_core:FFT_Inst|_166_[3] ; clk          ; clk         ; 0.000        ; 0.474      ; 2.974      ;
; 2.314 ; ID00001011_aipScopeNoMPU:ID00001011|ID00001011_scopeNoMPU_core:SCOPENOMPU_CORE|ID00001011_scopeNoMPU_datapath:SCOPENOMPU_DP|ID0000204D_FFT_core:FFT_Inst|_245_[30] ; ID00001011_aipScopeNoMPU:ID00001011|ID00001011_scopeNoMPU_core:SCOPENOMPU_CORE|ID00001011_scopeNoMPU_datapath:SCOPENOMPU_DP|ID0000204D_FFT_core:FFT_Inst|_072_    ; clk          ; clk         ; 0.000        ; 0.474      ; 2.974      ;
; 2.314 ; ID00001011_aipScopeNoMPU:ID00001011|ID00001011_scopeNoMPU_core:SCOPENOMPU_CORE|ID00001011_scopeNoMPU_datapath:SCOPENOMPU_DP|ID0000204D_FFT_core:FFT_Inst|_245_[30] ; ID00001011_aipScopeNoMPU:ID00001011|ID00001011_scopeNoMPU_core:SCOPENOMPU_CORE|ID00001011_scopeNoMPU_datapath:SCOPENOMPU_DP|ID0000204D_FFT_core:FFT_Inst|_069_[4] ; clk          ; clk         ; 0.000        ; 0.474      ; 2.974      ;
; 2.314 ; ID00001011_aipScopeNoMPU:ID00001011|ID00001011_scopeNoMPU_core:SCOPENOMPU_CORE|ID00001011_scopeNoMPU_datapath:SCOPENOMPU_DP|ID0000204D_FFT_core:FFT_Inst|_245_[30] ; ID00001011_aipScopeNoMPU:ID00001011|ID00001011_scopeNoMPU_core:SCOPENOMPU_CORE|ID00001011_scopeNoMPU_datapath:SCOPENOMPU_DP|ID0000204D_FFT_core:FFT_Inst|_065_[6] ; clk          ; clk         ; 0.000        ; 0.474      ; 2.974      ;
; 2.314 ; ID00001011_aipScopeNoMPU:ID00001011|ID00001011_scopeNoMPU_core:SCOPENOMPU_CORE|ID00001011_scopeNoMPU_datapath:SCOPENOMPU_DP|ID0000204D_FFT_core:FFT_Inst|_245_[30] ; ID00001011_aipScopeNoMPU:ID00001011|ID00001011_scopeNoMPU_core:SCOPENOMPU_CORE|ID00001011_scopeNoMPU_datapath:SCOPENOMPU_DP|ID0000204D_FFT_core:FFT_Inst|_065_[5] ; clk          ; clk         ; 0.000        ; 0.474      ; 2.974      ;
; 2.314 ; ID00001011_aipScopeNoMPU:ID00001011|ID00001011_scopeNoMPU_core:SCOPENOMPU_CORE|ID00001011_scopeNoMPU_datapath:SCOPENOMPU_DP|ID0000204D_FFT_core:FFT_Inst|_245_[30] ; ID00001011_aipScopeNoMPU:ID00001011|ID00001011_scopeNoMPU_core:SCOPENOMPU_CORE|ID00001011_scopeNoMPU_datapath:SCOPENOMPU_DP|ID0000204D_FFT_core:FFT_Inst|_065_[4] ; clk          ; clk         ; 0.000        ; 0.474      ; 2.974      ;
; 2.314 ; ID00001011_aipScopeNoMPU:ID00001011|ID00001011_scopeNoMPU_core:SCOPENOMPU_CORE|ID00001011_scopeNoMPU_datapath:SCOPENOMPU_DP|ID0000204D_FFT_core:FFT_Inst|_245_[30] ; ID00001011_aipScopeNoMPU:ID00001011|ID00001011_scopeNoMPU_core:SCOPENOMPU_CORE|ID00001011_scopeNoMPU_datapath:SCOPENOMPU_DP|ID0000204D_FFT_core:FFT_Inst|_069_[2] ; clk          ; clk         ; 0.000        ; 0.474      ; 2.974      ;
; 2.332 ; ID00001011_aipScopeNoMPU:ID00001011|ID00001011_scopeNoMPU_core:SCOPENOMPU_CORE|ID00001011_scopeNoMPU_datapath:SCOPENOMPU_DP|ID0000204D_FFT_core:FFT_Inst|_245_[27] ; ID00001011_aipScopeNoMPU:ID00001011|ID00001011_scopeNoMPU_core:SCOPENOMPU_CORE|ID00001011_scopeNoMPU_datapath:SCOPENOMPU_DP|ID0000204D_FFT_core:FFT_Inst|_166_[3] ; clk          ; clk         ; 0.000        ; 0.474      ; 2.992      ;
; 2.332 ; ID00001011_aipScopeNoMPU:ID00001011|ID00001011_scopeNoMPU_core:SCOPENOMPU_CORE|ID00001011_scopeNoMPU_datapath:SCOPENOMPU_DP|ID0000204D_FFT_core:FFT_Inst|_245_[27] ; ID00001011_aipScopeNoMPU:ID00001011|ID00001011_scopeNoMPU_core:SCOPENOMPU_CORE|ID00001011_scopeNoMPU_datapath:SCOPENOMPU_DP|ID0000204D_FFT_core:FFT_Inst|_072_    ; clk          ; clk         ; 0.000        ; 0.474      ; 2.992      ;
; 2.332 ; ID00001011_aipScopeNoMPU:ID00001011|ID00001011_scopeNoMPU_core:SCOPENOMPU_CORE|ID00001011_scopeNoMPU_datapath:SCOPENOMPU_DP|ID0000204D_FFT_core:FFT_Inst|_245_[27] ; ID00001011_aipScopeNoMPU:ID00001011|ID00001011_scopeNoMPU_core:SCOPENOMPU_CORE|ID00001011_scopeNoMPU_datapath:SCOPENOMPU_DP|ID0000204D_FFT_core:FFT_Inst|_069_[4] ; clk          ; clk         ; 0.000        ; 0.474      ; 2.992      ;
; 2.332 ; ID00001011_aipScopeNoMPU:ID00001011|ID00001011_scopeNoMPU_core:SCOPENOMPU_CORE|ID00001011_scopeNoMPU_datapath:SCOPENOMPU_DP|ID0000204D_FFT_core:FFT_Inst|_245_[27] ; ID00001011_aipScopeNoMPU:ID00001011|ID00001011_scopeNoMPU_core:SCOPENOMPU_CORE|ID00001011_scopeNoMPU_datapath:SCOPENOMPU_DP|ID0000204D_FFT_core:FFT_Inst|_065_[6] ; clk          ; clk         ; 0.000        ; 0.474      ; 2.992      ;
; 2.332 ; ID00001011_aipScopeNoMPU:ID00001011|ID00001011_scopeNoMPU_core:SCOPENOMPU_CORE|ID00001011_scopeNoMPU_datapath:SCOPENOMPU_DP|ID0000204D_FFT_core:FFT_Inst|_245_[27] ; ID00001011_aipScopeNoMPU:ID00001011|ID00001011_scopeNoMPU_core:SCOPENOMPU_CORE|ID00001011_scopeNoMPU_datapath:SCOPENOMPU_DP|ID0000204D_FFT_core:FFT_Inst|_065_[5] ; clk          ; clk         ; 0.000        ; 0.474      ; 2.992      ;
; 2.332 ; ID00001011_aipScopeNoMPU:ID00001011|ID00001011_scopeNoMPU_core:SCOPENOMPU_CORE|ID00001011_scopeNoMPU_datapath:SCOPENOMPU_DP|ID0000204D_FFT_core:FFT_Inst|_245_[27] ; ID00001011_aipScopeNoMPU:ID00001011|ID00001011_scopeNoMPU_core:SCOPENOMPU_CORE|ID00001011_scopeNoMPU_datapath:SCOPENOMPU_DP|ID0000204D_FFT_core:FFT_Inst|_065_[4] ; clk          ; clk         ; 0.000        ; 0.474      ; 2.992      ;
; 2.332 ; ID00001011_aipScopeNoMPU:ID00001011|ID00001011_scopeNoMPU_core:SCOPENOMPU_CORE|ID00001011_scopeNoMPU_datapath:SCOPENOMPU_DP|ID0000204D_FFT_core:FFT_Inst|_245_[27] ; ID00001011_aipScopeNoMPU:ID00001011|ID00001011_scopeNoMPU_core:SCOPENOMPU_CORE|ID00001011_scopeNoMPU_datapath:SCOPENOMPU_DP|ID0000204D_FFT_core:FFT_Inst|_069_[2] ; clk          ; clk         ; 0.000        ; 0.474      ; 2.992      ;
; 2.333 ; ID00001011_aipScopeNoMPU:ID00001011|ID00001011_scopeNoMPU_core:SCOPENOMPU_CORE|ID00001011_scopeNoMPU_datapath:SCOPENOMPU_DP|ID0000204D_FFT_core:FFT_Inst|_245_[25] ; ID00001011_aipScopeNoMPU:ID00001011|ID00001011_scopeNoMPU_core:SCOPENOMPU_CORE|ID00001011_scopeNoMPU_datapath:SCOPENOMPU_DP|ID0000204D_FFT_core:FFT_Inst|_166_[3] ; clk          ; clk         ; 0.000        ; 0.474      ; 2.993      ;
; 2.333 ; ID00001011_aipScopeNoMPU:ID00001011|ID00001011_scopeNoMPU_core:SCOPENOMPU_CORE|ID00001011_scopeNoMPU_datapath:SCOPENOMPU_DP|ID0000204D_FFT_core:FFT_Inst|_245_[25] ; ID00001011_aipScopeNoMPU:ID00001011|ID00001011_scopeNoMPU_core:SCOPENOMPU_CORE|ID00001011_scopeNoMPU_datapath:SCOPENOMPU_DP|ID0000204D_FFT_core:FFT_Inst|_072_    ; clk          ; clk         ; 0.000        ; 0.474      ; 2.993      ;
; 2.333 ; ID00001011_aipScopeNoMPU:ID00001011|ID00001011_scopeNoMPU_core:SCOPENOMPU_CORE|ID00001011_scopeNoMPU_datapath:SCOPENOMPU_DP|ID0000204D_FFT_core:FFT_Inst|_245_[25] ; ID00001011_aipScopeNoMPU:ID00001011|ID00001011_scopeNoMPU_core:SCOPENOMPU_CORE|ID00001011_scopeNoMPU_datapath:SCOPENOMPU_DP|ID0000204D_FFT_core:FFT_Inst|_069_[4] ; clk          ; clk         ; 0.000        ; 0.474      ; 2.993      ;
; 2.333 ; ID00001011_aipScopeNoMPU:ID00001011|ID00001011_scopeNoMPU_core:SCOPENOMPU_CORE|ID00001011_scopeNoMPU_datapath:SCOPENOMPU_DP|ID0000204D_FFT_core:FFT_Inst|_245_[25] ; ID00001011_aipScopeNoMPU:ID00001011|ID00001011_scopeNoMPU_core:SCOPENOMPU_CORE|ID00001011_scopeNoMPU_datapath:SCOPENOMPU_DP|ID0000204D_FFT_core:FFT_Inst|_065_[6] ; clk          ; clk         ; 0.000        ; 0.474      ; 2.993      ;
; 2.333 ; ID00001011_aipScopeNoMPU:ID00001011|ID00001011_scopeNoMPU_core:SCOPENOMPU_CORE|ID00001011_scopeNoMPU_datapath:SCOPENOMPU_DP|ID0000204D_FFT_core:FFT_Inst|_245_[25] ; ID00001011_aipScopeNoMPU:ID00001011|ID00001011_scopeNoMPU_core:SCOPENOMPU_CORE|ID00001011_scopeNoMPU_datapath:SCOPENOMPU_DP|ID0000204D_FFT_core:FFT_Inst|_065_[5] ; clk          ; clk         ; 0.000        ; 0.474      ; 2.993      ;
; 2.333 ; ID00001011_aipScopeNoMPU:ID00001011|ID00001011_scopeNoMPU_core:SCOPENOMPU_CORE|ID00001011_scopeNoMPU_datapath:SCOPENOMPU_DP|ID0000204D_FFT_core:FFT_Inst|_245_[25] ; ID00001011_aipScopeNoMPU:ID00001011|ID00001011_scopeNoMPU_core:SCOPENOMPU_CORE|ID00001011_scopeNoMPU_datapath:SCOPENOMPU_DP|ID0000204D_FFT_core:FFT_Inst|_065_[4] ; clk          ; clk         ; 0.000        ; 0.474      ; 2.993      ;
; 2.333 ; ID00001011_aipScopeNoMPU:ID00001011|ID00001011_scopeNoMPU_core:SCOPENOMPU_CORE|ID00001011_scopeNoMPU_datapath:SCOPENOMPU_DP|ID0000204D_FFT_core:FFT_Inst|_245_[25] ; ID00001011_aipScopeNoMPU:ID00001011|ID00001011_scopeNoMPU_core:SCOPENOMPU_CORE|ID00001011_scopeNoMPU_datapath:SCOPENOMPU_DP|ID0000204D_FFT_core:FFT_Inst|_069_[2] ; clk          ; clk         ; 0.000        ; 0.474      ; 2.993      ;
; 2.334 ; ID00001011_aipScopeNoMPU:ID00001011|ID00001011_scopeNoMPU_core:SCOPENOMPU_CORE|ID00001011_scopeNoMPU_datapath:SCOPENOMPU_DP|ID0000204D_FFT_core:FFT_Inst|_245_[26] ; ID00001011_aipScopeNoMPU:ID00001011|ID00001011_scopeNoMPU_core:SCOPENOMPU_CORE|ID00001011_scopeNoMPU_datapath:SCOPENOMPU_DP|ID0000204D_FFT_core:FFT_Inst|_166_[3] ; clk          ; clk         ; 0.000        ; 0.474      ; 2.994      ;
; 2.334 ; ID00001011_aipScopeNoMPU:ID00001011|ID00001011_scopeNoMPU_core:SCOPENOMPU_CORE|ID00001011_scopeNoMPU_datapath:SCOPENOMPU_DP|ID0000204D_FFT_core:FFT_Inst|_245_[26] ; ID00001011_aipScopeNoMPU:ID00001011|ID00001011_scopeNoMPU_core:SCOPENOMPU_CORE|ID00001011_scopeNoMPU_datapath:SCOPENOMPU_DP|ID0000204D_FFT_core:FFT_Inst|_072_    ; clk          ; clk         ; 0.000        ; 0.474      ; 2.994      ;
; 2.334 ; ID00001011_aipScopeNoMPU:ID00001011|ID00001011_scopeNoMPU_core:SCOPENOMPU_CORE|ID00001011_scopeNoMPU_datapath:SCOPENOMPU_DP|ID0000204D_FFT_core:FFT_Inst|_245_[26] ; ID00001011_aipScopeNoMPU:ID00001011|ID00001011_scopeNoMPU_core:SCOPENOMPU_CORE|ID00001011_scopeNoMPU_datapath:SCOPENOMPU_DP|ID0000204D_FFT_core:FFT_Inst|_069_[4] ; clk          ; clk         ; 0.000        ; 0.474      ; 2.994      ;
; 2.334 ; ID00001011_aipScopeNoMPU:ID00001011|ID00001011_scopeNoMPU_core:SCOPENOMPU_CORE|ID00001011_scopeNoMPU_datapath:SCOPENOMPU_DP|ID0000204D_FFT_core:FFT_Inst|_245_[26] ; ID00001011_aipScopeNoMPU:ID00001011|ID00001011_scopeNoMPU_core:SCOPENOMPU_CORE|ID00001011_scopeNoMPU_datapath:SCOPENOMPU_DP|ID0000204D_FFT_core:FFT_Inst|_065_[6] ; clk          ; clk         ; 0.000        ; 0.474      ; 2.994      ;
; 2.334 ; ID00001011_aipScopeNoMPU:ID00001011|ID00001011_scopeNoMPU_core:SCOPENOMPU_CORE|ID00001011_scopeNoMPU_datapath:SCOPENOMPU_DP|ID0000204D_FFT_core:FFT_Inst|_245_[26] ; ID00001011_aipScopeNoMPU:ID00001011|ID00001011_scopeNoMPU_core:SCOPENOMPU_CORE|ID00001011_scopeNoMPU_datapath:SCOPENOMPU_DP|ID0000204D_FFT_core:FFT_Inst|_065_[5] ; clk          ; clk         ; 0.000        ; 0.474      ; 2.994      ;
; 2.334 ; ID00001011_aipScopeNoMPU:ID00001011|ID00001011_scopeNoMPU_core:SCOPENOMPU_CORE|ID00001011_scopeNoMPU_datapath:SCOPENOMPU_DP|ID0000204D_FFT_core:FFT_Inst|_245_[26] ; ID00001011_aipScopeNoMPU:ID00001011|ID00001011_scopeNoMPU_core:SCOPENOMPU_CORE|ID00001011_scopeNoMPU_datapath:SCOPENOMPU_DP|ID0000204D_FFT_core:FFT_Inst|_065_[4] ; clk          ; clk         ; 0.000        ; 0.474      ; 2.994      ;
; 2.334 ; ID00001011_aipScopeNoMPU:ID00001011|ID00001011_scopeNoMPU_core:SCOPENOMPU_CORE|ID00001011_scopeNoMPU_datapath:SCOPENOMPU_DP|ID0000204D_FFT_core:FFT_Inst|_245_[26] ; ID00001011_aipScopeNoMPU:ID00001011|ID00001011_scopeNoMPU_core:SCOPENOMPU_CORE|ID00001011_scopeNoMPU_datapath:SCOPENOMPU_DP|ID0000204D_FFT_core:FFT_Inst|_069_[2] ; clk          ; clk         ; 0.000        ; 0.474      ; 2.994      ;
; 2.344 ; ID00001011_aipScopeNoMPU:ID00001011|ID00001011_scopeNoMPU_core:SCOPENOMPU_CORE|ID00001011_scopeNoMPU_datapath:SCOPENOMPU_DP|ID0000204D_FFT_core:FFT_Inst|_245_[36] ; ID00001011_aipScopeNoMPU:ID00001011|ID00001011_scopeNoMPU_core:SCOPENOMPU_CORE|ID00001011_scopeNoMPU_datapath:SCOPENOMPU_DP|ID0000204D_FFT_core:FFT_Inst|_166_[3] ; clk          ; clk         ; 0.000        ; 0.480      ; 3.010      ;
; 2.344 ; ID00001011_aipScopeNoMPU:ID00001011|ID00001011_scopeNoMPU_core:SCOPENOMPU_CORE|ID00001011_scopeNoMPU_datapath:SCOPENOMPU_DP|ID0000204D_FFT_core:FFT_Inst|_245_[36] ; ID00001011_aipScopeNoMPU:ID00001011|ID00001011_scopeNoMPU_core:SCOPENOMPU_CORE|ID00001011_scopeNoMPU_datapath:SCOPENOMPU_DP|ID0000204D_FFT_core:FFT_Inst|_072_    ; clk          ; clk         ; 0.000        ; 0.480      ; 3.010      ;
; 2.344 ; ID00001011_aipScopeNoMPU:ID00001011|ID00001011_scopeNoMPU_core:SCOPENOMPU_CORE|ID00001011_scopeNoMPU_datapath:SCOPENOMPU_DP|ID0000204D_FFT_core:FFT_Inst|_245_[36] ; ID00001011_aipScopeNoMPU:ID00001011|ID00001011_scopeNoMPU_core:SCOPENOMPU_CORE|ID00001011_scopeNoMPU_datapath:SCOPENOMPU_DP|ID0000204D_FFT_core:FFT_Inst|_069_[4] ; clk          ; clk         ; 0.000        ; 0.480      ; 3.010      ;
; 2.344 ; ID00001011_aipScopeNoMPU:ID00001011|ID00001011_scopeNoMPU_core:SCOPENOMPU_CORE|ID00001011_scopeNoMPU_datapath:SCOPENOMPU_DP|ID0000204D_FFT_core:FFT_Inst|_245_[36] ; ID00001011_aipScopeNoMPU:ID00001011|ID00001011_scopeNoMPU_core:SCOPENOMPU_CORE|ID00001011_scopeNoMPU_datapath:SCOPENOMPU_DP|ID0000204D_FFT_core:FFT_Inst|_065_[6] ; clk          ; clk         ; 0.000        ; 0.480      ; 3.010      ;
; 2.344 ; ID00001011_aipScopeNoMPU:ID00001011|ID00001011_scopeNoMPU_core:SCOPENOMPU_CORE|ID00001011_scopeNoMPU_datapath:SCOPENOMPU_DP|ID0000204D_FFT_core:FFT_Inst|_245_[36] ; ID00001011_aipScopeNoMPU:ID00001011|ID00001011_scopeNoMPU_core:SCOPENOMPU_CORE|ID00001011_scopeNoMPU_datapath:SCOPENOMPU_DP|ID0000204D_FFT_core:FFT_Inst|_065_[5] ; clk          ; clk         ; 0.000        ; 0.480      ; 3.010      ;
; 2.344 ; ID00001011_aipScopeNoMPU:ID00001011|ID00001011_scopeNoMPU_core:SCOPENOMPU_CORE|ID00001011_scopeNoMPU_datapath:SCOPENOMPU_DP|ID0000204D_FFT_core:FFT_Inst|_245_[36] ; ID00001011_aipScopeNoMPU:ID00001011|ID00001011_scopeNoMPU_core:SCOPENOMPU_CORE|ID00001011_scopeNoMPU_datapath:SCOPENOMPU_DP|ID0000204D_FFT_core:FFT_Inst|_065_[4] ; clk          ; clk         ; 0.000        ; 0.480      ; 3.010      ;
; 2.344 ; ID00001011_aipScopeNoMPU:ID00001011|ID00001011_scopeNoMPU_core:SCOPENOMPU_CORE|ID00001011_scopeNoMPU_datapath:SCOPENOMPU_DP|ID0000204D_FFT_core:FFT_Inst|_245_[36] ; ID00001011_aipScopeNoMPU:ID00001011|ID00001011_scopeNoMPU_core:SCOPENOMPU_CORE|ID00001011_scopeNoMPU_datapath:SCOPENOMPU_DP|ID0000204D_FFT_core:FFT_Inst|_069_[2] ; clk          ; clk         ; 0.000        ; 0.480      ; 3.010      ;
; 2.357 ; ID00001011_aipScopeNoMPU:ID00001011|ID00001011_scopeNoMPU_core:SCOPENOMPU_CORE|ID00001011_scopeNoMPU_datapath:SCOPENOMPU_DP|ID0000204D_FFT_core:FFT_Inst|_245_[31] ; ID00001011_aipScopeNoMPU:ID00001011|ID00001011_scopeNoMPU_core:SCOPENOMPU_CORE|ID00001011_scopeNoMPU_datapath:SCOPENOMPU_DP|ID0000204D_FFT_core:FFT_Inst|_165_[4] ; clk          ; clk         ; 0.000        ; 0.475      ; 3.018      ;
; 2.357 ; ID00001011_aipScopeNoMPU:ID00001011|ID00001011_scopeNoMPU_core:SCOPENOMPU_CORE|ID00001011_scopeNoMPU_datapath:SCOPENOMPU_DP|ID0000204D_FFT_core:FFT_Inst|_245_[31] ; ID00001011_aipScopeNoMPU:ID00001011|ID00001011_scopeNoMPU_core:SCOPENOMPU_CORE|ID00001011_scopeNoMPU_datapath:SCOPENOMPU_DP|ID0000204D_FFT_core:FFT_Inst|_165_[5] ; clk          ; clk         ; 0.000        ; 0.475      ; 3.018      ;
; 2.357 ; ID00001011_aipScopeNoMPU:ID00001011|ID00001011_scopeNoMPU_core:SCOPENOMPU_CORE|ID00001011_scopeNoMPU_datapath:SCOPENOMPU_DP|ID0000204D_FFT_core:FFT_Inst|_245_[31] ; ID00001011_aipScopeNoMPU:ID00001011|ID00001011_scopeNoMPU_core:SCOPENOMPU_CORE|ID00001011_scopeNoMPU_datapath:SCOPENOMPU_DP|ID0000204D_FFT_core:FFT_Inst|_165_[6] ; clk          ; clk         ; 0.000        ; 0.475      ; 3.018      ;
; 2.357 ; ID00001011_aipScopeNoMPU:ID00001011|ID00001011_scopeNoMPU_core:SCOPENOMPU_CORE|ID00001011_scopeNoMPU_datapath:SCOPENOMPU_DP|ID0000204D_FFT_core:FFT_Inst|_245_[31] ; ID00001011_aipScopeNoMPU:ID00001011|ID00001011_scopeNoMPU_core:SCOPENOMPU_CORE|ID00001011_scopeNoMPU_datapath:SCOPENOMPU_DP|ID0000204D_FFT_core:FFT_Inst|_165_[2] ; clk          ; clk         ; 0.000        ; 0.475      ; 3.018      ;
; 2.357 ; ID00001011_aipScopeNoMPU:ID00001011|ID00001011_scopeNoMPU_core:SCOPENOMPU_CORE|ID00001011_scopeNoMPU_datapath:SCOPENOMPU_DP|ID0000204D_FFT_core:FFT_Inst|_245_[31] ; ID00001011_aipScopeNoMPU:ID00001011|ID00001011_scopeNoMPU_core:SCOPENOMPU_CORE|ID00001011_scopeNoMPU_datapath:SCOPENOMPU_DP|ID0000204D_FFT_core:FFT_Inst|_068_    ; clk          ; clk         ; 0.000        ; 0.475      ; 3.018      ;
; 2.361 ; ID00001011_aipScopeNoMPU:ID00001011|ID00001011_scopeNoMPU_core:SCOPENOMPU_CORE|ID00001011_scopeNoMPU_datapath:SCOPENOMPU_DP|ID0000204D_FFT_core:FFT_Inst|_245_[31] ; ID00001011_aipScopeNoMPU:ID00001011|ID00001011_scopeNoMPU_core:SCOPENOMPU_CORE|ID00001011_scopeNoMPU_datapath:SCOPENOMPU_DP|ID0000204D_FFT_core:FFT_Inst|_069_[0] ; clk          ; clk         ; 0.000        ; 0.512      ; 3.059      ;
; 2.361 ; ID00001011_aipScopeNoMPU:ID00001011|ID00001011_scopeNoMPU_core:SCOPENOMPU_CORE|ID00001011_scopeNoMPU_datapath:SCOPENOMPU_DP|ID0000204D_FFT_core:FFT_Inst|_245_[31] ; ID00001011_aipScopeNoMPU:ID00001011|ID00001011_scopeNoMPU_core:SCOPENOMPU_CORE|ID00001011_scopeNoMPU_datapath:SCOPENOMPU_DP|ID0000204D_FFT_core:FFT_Inst|_070_[6] ; clk          ; clk         ; 0.000        ; 0.512      ; 3.059      ;
; 2.361 ; ID00001011_aipScopeNoMPU:ID00001011|ID00001011_scopeNoMPU_core:SCOPENOMPU_CORE|ID00001011_scopeNoMPU_datapath:SCOPENOMPU_DP|ID0000204D_FFT_core:FFT_Inst|_245_[31] ; ID00001011_aipScopeNoMPU:ID00001011|ID00001011_scopeNoMPU_core:SCOPENOMPU_CORE|ID00001011_scopeNoMPU_datapath:SCOPENOMPU_DP|ID0000204D_FFT_core:FFT_Inst|_070_[0] ; clk          ; clk         ; 0.000        ; 0.512      ; 3.059      ;
; 2.361 ; ID00001011_aipScopeNoMPU:ID00001011|ID00001011_scopeNoMPU_core:SCOPENOMPU_CORE|ID00001011_scopeNoMPU_datapath:SCOPENOMPU_DP|ID0000204D_FFT_core:FFT_Inst|_245_[31] ; ID00001011_aipScopeNoMPU:ID00001011|ID00001011_scopeNoMPU_core:SCOPENOMPU_CORE|ID00001011_scopeNoMPU_datapath:SCOPENOMPU_DP|ID0000204D_FFT_core:FFT_Inst|_070_[1] ; clk          ; clk         ; 0.000        ; 0.512      ; 3.059      ;
; 2.361 ; ID00001011_aipScopeNoMPU:ID00001011|ID00001011_scopeNoMPU_core:SCOPENOMPU_CORE|ID00001011_scopeNoMPU_datapath:SCOPENOMPU_DP|ID0000204D_FFT_core:FFT_Inst|_245_[31] ; ID00001011_aipScopeNoMPU:ID00001011|ID00001011_scopeNoMPU_core:SCOPENOMPU_CORE|ID00001011_scopeNoMPU_datapath:SCOPENOMPU_DP|ID0000204D_FFT_core:FFT_Inst|_070_[2] ; clk          ; clk         ; 0.000        ; 0.512      ; 3.059      ;
; 2.361 ; ID00001011_aipScopeNoMPU:ID00001011|ID00001011_scopeNoMPU_core:SCOPENOMPU_CORE|ID00001011_scopeNoMPU_datapath:SCOPENOMPU_DP|ID0000204D_FFT_core:FFT_Inst|_245_[31] ; ID00001011_aipScopeNoMPU:ID00001011|ID00001011_scopeNoMPU_core:SCOPENOMPU_CORE|ID00001011_scopeNoMPU_datapath:SCOPENOMPU_DP|ID0000204D_FFT_core:FFT_Inst|_070_[3] ; clk          ; clk         ; 0.000        ; 0.512      ; 3.059      ;
; 2.361 ; ID00001011_aipScopeNoMPU:ID00001011|ID00001011_scopeNoMPU_core:SCOPENOMPU_CORE|ID00001011_scopeNoMPU_datapath:SCOPENOMPU_DP|ID0000204D_FFT_core:FFT_Inst|_245_[31] ; ID00001011_aipScopeNoMPU:ID00001011|ID00001011_scopeNoMPU_core:SCOPENOMPU_CORE|ID00001011_scopeNoMPU_datapath:SCOPENOMPU_DP|ID0000204D_FFT_core:FFT_Inst|_070_[4] ; clk          ; clk         ; 0.000        ; 0.512      ; 3.059      ;
; 2.361 ; ID00001011_aipScopeNoMPU:ID00001011|ID00001011_scopeNoMPU_core:SCOPENOMPU_CORE|ID00001011_scopeNoMPU_datapath:SCOPENOMPU_DP|ID0000204D_FFT_core:FFT_Inst|_245_[31] ; ID00001011_aipScopeNoMPU:ID00001011|ID00001011_scopeNoMPU_core:SCOPENOMPU_CORE|ID00001011_scopeNoMPU_datapath:SCOPENOMPU_DP|ID0000204D_FFT_core:FFT_Inst|_070_[5] ; clk          ; clk         ; 0.000        ; 0.512      ; 3.059      ;
; 2.361 ; ID00001011_aipScopeNoMPU:ID00001011|ID00001011_scopeNoMPU_core:SCOPENOMPU_CORE|ID00001011_scopeNoMPU_datapath:SCOPENOMPU_DP|ID0000204D_FFT_core:FFT_Inst|_245_[31] ; ID00001011_aipScopeNoMPU:ID00001011|ID00001011_scopeNoMPU_core:SCOPENOMPU_CORE|ID00001011_scopeNoMPU_datapath:SCOPENOMPU_DP|ID0000204D_FFT_core:FFT_Inst|_043_    ; clk          ; clk         ; 0.000        ; 0.512      ; 3.059      ;
; 2.361 ; ID00001011_aipScopeNoMPU:ID00001011|ID00001011_scopeNoMPU_core:SCOPENOMPU_CORE|ID00001011_scopeNoMPU_datapath:SCOPENOMPU_DP|ID0000204D_FFT_core:FFT_Inst|_245_[31] ; ID00001011_aipScopeNoMPU:ID00001011|ID00001011_scopeNoMPU_core:SCOPENOMPU_CORE|ID00001011_scopeNoMPU_datapath:SCOPENOMPU_DP|ID0000204D_FFT_core:FFT_Inst|_069_[6] ; clk          ; clk         ; 0.000        ; 0.512      ; 3.059      ;
; 2.361 ; ID00001011_aipScopeNoMPU:ID00001011|ID00001011_scopeNoMPU_core:SCOPENOMPU_CORE|ID00001011_scopeNoMPU_datapath:SCOPENOMPU_DP|ID0000204D_FFT_core:FFT_Inst|_245_[31] ; ID00001011_aipScopeNoMPU:ID00001011|ID00001011_scopeNoMPU_core:SCOPENOMPU_CORE|ID00001011_scopeNoMPU_datapath:SCOPENOMPU_DP|ID0000204D_FFT_core:FFT_Inst|_065_[3] ; clk          ; clk         ; 0.000        ; 0.512      ; 3.059      ;
; 2.361 ; ID00001011_aipScopeNoMPU:ID00001011|ID00001011_scopeNoMPU_core:SCOPENOMPU_CORE|ID00001011_scopeNoMPU_datapath:SCOPENOMPU_DP|ID0000204D_FFT_core:FFT_Inst|_245_[31] ; ID00001011_aipScopeNoMPU:ID00001011|ID00001011_scopeNoMPU_core:SCOPENOMPU_CORE|ID00001011_scopeNoMPU_datapath:SCOPENOMPU_DP|ID0000204D_FFT_core:FFT_Inst|_065_[2] ; clk          ; clk         ; 0.000        ; 0.512      ; 3.059      ;
; 2.361 ; ID00001011_aipScopeNoMPU:ID00001011|ID00001011_scopeNoMPU_core:SCOPENOMPU_CORE|ID00001011_scopeNoMPU_datapath:SCOPENOMPU_DP|ID0000204D_FFT_core:FFT_Inst|_245_[31] ; ID00001011_aipScopeNoMPU:ID00001011|ID00001011_scopeNoMPU_core:SCOPENOMPU_CORE|ID00001011_scopeNoMPU_datapath:SCOPENOMPU_DP|ID0000204D_FFT_core:FFT_Inst|_065_[1] ; clk          ; clk         ; 0.000        ; 0.512      ; 3.059      ;
; 2.361 ; ID00001011_aipScopeNoMPU:ID00001011|ID00001011_scopeNoMPU_core:SCOPENOMPU_CORE|ID00001011_scopeNoMPU_datapath:SCOPENOMPU_DP|ID0000204D_FFT_core:FFT_Inst|_245_[31] ; ID00001011_aipScopeNoMPU:ID00001011|ID00001011_scopeNoMPU_core:SCOPENOMPU_CORE|ID00001011_scopeNoMPU_datapath:SCOPENOMPU_DP|ID0000204D_FFT_core:FFT_Inst|_065_[0] ; clk          ; clk         ; 0.000        ; 0.512      ; 3.059      ;
; 2.397 ; ID00001011_aipScopeNoMPU:ID00001011|ID00001011_scopeNoMPU_core:SCOPENOMPU_CORE|ID00001011_scopeNoMPU_datapath:SCOPENOMPU_DP|ID0000204D_FFT_core:FFT_Inst|_245_[16] ; ID00001011_aipScopeNoMPU:ID00001011|ID00001011_scopeNoMPU_core:SCOPENOMPU_CORE|ID00001011_scopeNoMPU_datapath:SCOPENOMPU_DP|ID0000204D_FFT_core:FFT_Inst|_166_[3] ; clk          ; clk         ; 0.000        ; 0.480      ; 3.063      ;
; 2.397 ; ID00001011_aipScopeNoMPU:ID00001011|ID00001011_scopeNoMPU_core:SCOPENOMPU_CORE|ID00001011_scopeNoMPU_datapath:SCOPENOMPU_DP|ID0000204D_FFT_core:FFT_Inst|_245_[16] ; ID00001011_aipScopeNoMPU:ID00001011|ID00001011_scopeNoMPU_core:SCOPENOMPU_CORE|ID00001011_scopeNoMPU_datapath:SCOPENOMPU_DP|ID0000204D_FFT_core:FFT_Inst|_072_    ; clk          ; clk         ; 0.000        ; 0.480      ; 3.063      ;
; 2.397 ; ID00001011_aipScopeNoMPU:ID00001011|ID00001011_scopeNoMPU_core:SCOPENOMPU_CORE|ID00001011_scopeNoMPU_datapath:SCOPENOMPU_DP|ID0000204D_FFT_core:FFT_Inst|_245_[16] ; ID00001011_aipScopeNoMPU:ID00001011|ID00001011_scopeNoMPU_core:SCOPENOMPU_CORE|ID00001011_scopeNoMPU_datapath:SCOPENOMPU_DP|ID0000204D_FFT_core:FFT_Inst|_069_[4] ; clk          ; clk         ; 0.000        ; 0.480      ; 3.063      ;
; 2.397 ; ID00001011_aipScopeNoMPU:ID00001011|ID00001011_scopeNoMPU_core:SCOPENOMPU_CORE|ID00001011_scopeNoMPU_datapath:SCOPENOMPU_DP|ID0000204D_FFT_core:FFT_Inst|_245_[16] ; ID00001011_aipScopeNoMPU:ID00001011|ID00001011_scopeNoMPU_core:SCOPENOMPU_CORE|ID00001011_scopeNoMPU_datapath:SCOPENOMPU_DP|ID0000204D_FFT_core:FFT_Inst|_065_[6] ; clk          ; clk         ; 0.000        ; 0.480      ; 3.063      ;
; 2.397 ; ID00001011_aipScopeNoMPU:ID00001011|ID00001011_scopeNoMPU_core:SCOPENOMPU_CORE|ID00001011_scopeNoMPU_datapath:SCOPENOMPU_DP|ID0000204D_FFT_core:FFT_Inst|_245_[16] ; ID00001011_aipScopeNoMPU:ID00001011|ID00001011_scopeNoMPU_core:SCOPENOMPU_CORE|ID00001011_scopeNoMPU_datapath:SCOPENOMPU_DP|ID0000204D_FFT_core:FFT_Inst|_065_[5] ; clk          ; clk         ; 0.000        ; 0.480      ; 3.063      ;
; 2.397 ; ID00001011_aipScopeNoMPU:ID00001011|ID00001011_scopeNoMPU_core:SCOPENOMPU_CORE|ID00001011_scopeNoMPU_datapath:SCOPENOMPU_DP|ID0000204D_FFT_core:FFT_Inst|_245_[16] ; ID00001011_aipScopeNoMPU:ID00001011|ID00001011_scopeNoMPU_core:SCOPENOMPU_CORE|ID00001011_scopeNoMPU_datapath:SCOPENOMPU_DP|ID0000204D_FFT_core:FFT_Inst|_065_[4] ; clk          ; clk         ; 0.000        ; 0.480      ; 3.063      ;
; 2.397 ; ID00001011_aipScopeNoMPU:ID00001011|ID00001011_scopeNoMPU_core:SCOPENOMPU_CORE|ID00001011_scopeNoMPU_datapath:SCOPENOMPU_DP|ID0000204D_FFT_core:FFT_Inst|_245_[16] ; ID00001011_aipScopeNoMPU:ID00001011|ID00001011_scopeNoMPU_core:SCOPENOMPU_CORE|ID00001011_scopeNoMPU_datapath:SCOPENOMPU_DP|ID0000204D_FFT_core:FFT_Inst|_069_[2] ; clk          ; clk         ; 0.000        ; 0.480      ; 3.063      ;
; 2.407 ; ID00001011_aipScopeNoMPU:ID00001011|ID00001011_scopeNoMPU_core:SCOPENOMPU_CORE|ID00001011_scopeNoMPU_datapath:SCOPENOMPU_DP|ID0000204D_FFT_core:FFT_Inst|_245_[35] ; ID00001011_aipScopeNoMPU:ID00001011|ID00001011_scopeNoMPU_core:SCOPENOMPU_CORE|ID00001011_scopeNoMPU_datapath:SCOPENOMPU_DP|ID0000204D_FFT_core:FFT_Inst|_166_[3] ; clk          ; clk         ; 0.000        ; 0.474      ; 3.067      ;
; 2.407 ; ID00001011_aipScopeNoMPU:ID00001011|ID00001011_scopeNoMPU_core:SCOPENOMPU_CORE|ID00001011_scopeNoMPU_datapath:SCOPENOMPU_DP|ID0000204D_FFT_core:FFT_Inst|_245_[35] ; ID00001011_aipScopeNoMPU:ID00001011|ID00001011_scopeNoMPU_core:SCOPENOMPU_CORE|ID00001011_scopeNoMPU_datapath:SCOPENOMPU_DP|ID0000204D_FFT_core:FFT_Inst|_072_    ; clk          ; clk         ; 0.000        ; 0.474      ; 3.067      ;
; 2.407 ; ID00001011_aipScopeNoMPU:ID00001011|ID00001011_scopeNoMPU_core:SCOPENOMPU_CORE|ID00001011_scopeNoMPU_datapath:SCOPENOMPU_DP|ID0000204D_FFT_core:FFT_Inst|_245_[35] ; ID00001011_aipScopeNoMPU:ID00001011|ID00001011_scopeNoMPU_core:SCOPENOMPU_CORE|ID00001011_scopeNoMPU_datapath:SCOPENOMPU_DP|ID0000204D_FFT_core:FFT_Inst|_069_[4] ; clk          ; clk         ; 0.000        ; 0.474      ; 3.067      ;
; 2.407 ; ID00001011_aipScopeNoMPU:ID00001011|ID00001011_scopeNoMPU_core:SCOPENOMPU_CORE|ID00001011_scopeNoMPU_datapath:SCOPENOMPU_DP|ID0000204D_FFT_core:FFT_Inst|_245_[35] ; ID00001011_aipScopeNoMPU:ID00001011|ID00001011_scopeNoMPU_core:SCOPENOMPU_CORE|ID00001011_scopeNoMPU_datapath:SCOPENOMPU_DP|ID0000204D_FFT_core:FFT_Inst|_065_[6] ; clk          ; clk         ; 0.000        ; 0.474      ; 3.067      ;
; 2.407 ; ID00001011_aipScopeNoMPU:ID00001011|ID00001011_scopeNoMPU_core:SCOPENOMPU_CORE|ID00001011_scopeNoMPU_datapath:SCOPENOMPU_DP|ID0000204D_FFT_core:FFT_Inst|_245_[35] ; ID00001011_aipScopeNoMPU:ID00001011|ID00001011_scopeNoMPU_core:SCOPENOMPU_CORE|ID00001011_scopeNoMPU_datapath:SCOPENOMPU_DP|ID0000204D_FFT_core:FFT_Inst|_065_[5] ; clk          ; clk         ; 0.000        ; 0.474      ; 3.067      ;
; 2.407 ; ID00001011_aipScopeNoMPU:ID00001011|ID00001011_scopeNoMPU_core:SCOPENOMPU_CORE|ID00001011_scopeNoMPU_datapath:SCOPENOMPU_DP|ID0000204D_FFT_core:FFT_Inst|_245_[35] ; ID00001011_aipScopeNoMPU:ID00001011|ID00001011_scopeNoMPU_core:SCOPENOMPU_CORE|ID00001011_scopeNoMPU_datapath:SCOPENOMPU_DP|ID0000204D_FFT_core:FFT_Inst|_065_[4] ; clk          ; clk         ; 0.000        ; 0.474      ; 3.067      ;
; 2.407 ; ID00001011_aipScopeNoMPU:ID00001011|ID00001011_scopeNoMPU_core:SCOPENOMPU_CORE|ID00001011_scopeNoMPU_datapath:SCOPENOMPU_DP|ID0000204D_FFT_core:FFT_Inst|_245_[35] ; ID00001011_aipScopeNoMPU:ID00001011|ID00001011_scopeNoMPU_core:SCOPENOMPU_CORE|ID00001011_scopeNoMPU_datapath:SCOPENOMPU_DP|ID0000204D_FFT_core:FFT_Inst|_069_[2] ; clk          ; clk         ; 0.000        ; 0.474      ; 3.067      ;
; 2.438 ; ID00001011_aipScopeNoMPU:ID00001011|ID00001011_scopeNoMPU_core:SCOPENOMPU_CORE|ID00001011_scopeNoMPU_datapath:SCOPENOMPU_DP|ID0000204D_FFT_core:FFT_Inst|_245_[21] ; ID00001011_aipScopeNoMPU:ID00001011|ID00001011_scopeNoMPU_core:SCOPENOMPU_CORE|ID00001011_scopeNoMPU_datapath:SCOPENOMPU_DP|ID0000204D_FFT_core:FFT_Inst|_166_[3] ; clk          ; clk         ; 0.000        ; 0.480      ; 3.104      ;
; 2.438 ; ID00001011_aipScopeNoMPU:ID00001011|ID00001011_scopeNoMPU_core:SCOPENOMPU_CORE|ID00001011_scopeNoMPU_datapath:SCOPENOMPU_DP|ID0000204D_FFT_core:FFT_Inst|_245_[21] ; ID00001011_aipScopeNoMPU:ID00001011|ID00001011_scopeNoMPU_core:SCOPENOMPU_CORE|ID00001011_scopeNoMPU_datapath:SCOPENOMPU_DP|ID0000204D_FFT_core:FFT_Inst|_072_    ; clk          ; clk         ; 0.000        ; 0.480      ; 3.104      ;
; 2.438 ; ID00001011_aipScopeNoMPU:ID00001011|ID00001011_scopeNoMPU_core:SCOPENOMPU_CORE|ID00001011_scopeNoMPU_datapath:SCOPENOMPU_DP|ID0000204D_FFT_core:FFT_Inst|_245_[21] ; ID00001011_aipScopeNoMPU:ID00001011|ID00001011_scopeNoMPU_core:SCOPENOMPU_CORE|ID00001011_scopeNoMPU_datapath:SCOPENOMPU_DP|ID0000204D_FFT_core:FFT_Inst|_069_[4] ; clk          ; clk         ; 0.000        ; 0.480      ; 3.104      ;
; 2.438 ; ID00001011_aipScopeNoMPU:ID00001011|ID00001011_scopeNoMPU_core:SCOPENOMPU_CORE|ID00001011_scopeNoMPU_datapath:SCOPENOMPU_DP|ID0000204D_FFT_core:FFT_Inst|_245_[21] ; ID00001011_aipScopeNoMPU:ID00001011|ID00001011_scopeNoMPU_core:SCOPENOMPU_CORE|ID00001011_scopeNoMPU_datapath:SCOPENOMPU_DP|ID0000204D_FFT_core:FFT_Inst|_065_[6] ; clk          ; clk         ; 0.000        ; 0.480      ; 3.104      ;
; 2.438 ; ID00001011_aipScopeNoMPU:ID00001011|ID00001011_scopeNoMPU_core:SCOPENOMPU_CORE|ID00001011_scopeNoMPU_datapath:SCOPENOMPU_DP|ID0000204D_FFT_core:FFT_Inst|_245_[21] ; ID00001011_aipScopeNoMPU:ID00001011|ID00001011_scopeNoMPU_core:SCOPENOMPU_CORE|ID00001011_scopeNoMPU_datapath:SCOPENOMPU_DP|ID0000204D_FFT_core:FFT_Inst|_065_[5] ; clk          ; clk         ; 0.000        ; 0.480      ; 3.104      ;
; 2.438 ; ID00001011_aipScopeNoMPU:ID00001011|ID00001011_scopeNoMPU_core:SCOPENOMPU_CORE|ID00001011_scopeNoMPU_datapath:SCOPENOMPU_DP|ID0000204D_FFT_core:FFT_Inst|_245_[21] ; ID00001011_aipScopeNoMPU:ID00001011|ID00001011_scopeNoMPU_core:SCOPENOMPU_CORE|ID00001011_scopeNoMPU_datapath:SCOPENOMPU_DP|ID0000204D_FFT_core:FFT_Inst|_065_[4] ; clk          ; clk         ; 0.000        ; 0.480      ; 3.104      ;
; 2.438 ; ID00001011_aipScopeNoMPU:ID00001011|ID00001011_scopeNoMPU_core:SCOPENOMPU_CORE|ID00001011_scopeNoMPU_datapath:SCOPENOMPU_DP|ID0000204D_FFT_core:FFT_Inst|_245_[21] ; ID00001011_aipScopeNoMPU:ID00001011|ID00001011_scopeNoMPU_core:SCOPENOMPU_CORE|ID00001011_scopeNoMPU_datapath:SCOPENOMPU_DP|ID0000204D_FFT_core:FFT_Inst|_069_[2] ; clk          ; clk         ; 0.000        ; 0.480      ; 3.104      ;
; 2.442 ; ID00001011_aipScopeNoMPU:ID00001011|ID00001011_scopeNoMPU_core:SCOPENOMPU_CORE|ID00001011_scopeNoMPU_datapath:SCOPENOMPU_DP|ID0000204D_FFT_core:FFT_Inst|_245_[29] ; ID00001011_aipScopeNoMPU:ID00001011|ID00001011_scopeNoMPU_core:SCOPENOMPU_CORE|ID00001011_scopeNoMPU_datapath:SCOPENOMPU_DP|ID0000204D_FFT_core:FFT_Inst|_166_[3] ; clk          ; clk         ; 0.000        ; 0.474      ; 3.102      ;
; 2.442 ; ID00001011_aipScopeNoMPU:ID00001011|ID00001011_scopeNoMPU_core:SCOPENOMPU_CORE|ID00001011_scopeNoMPU_datapath:SCOPENOMPU_DP|ID0000204D_FFT_core:FFT_Inst|_245_[29] ; ID00001011_aipScopeNoMPU:ID00001011|ID00001011_scopeNoMPU_core:SCOPENOMPU_CORE|ID00001011_scopeNoMPU_datapath:SCOPENOMPU_DP|ID0000204D_FFT_core:FFT_Inst|_072_    ; clk          ; clk         ; 0.000        ; 0.474      ; 3.102      ;
; 2.442 ; ID00001011_aipScopeNoMPU:ID00001011|ID00001011_scopeNoMPU_core:SCOPENOMPU_CORE|ID00001011_scopeNoMPU_datapath:SCOPENOMPU_DP|ID0000204D_FFT_core:FFT_Inst|_245_[29] ; ID00001011_aipScopeNoMPU:ID00001011|ID00001011_scopeNoMPU_core:SCOPENOMPU_CORE|ID00001011_scopeNoMPU_datapath:SCOPENOMPU_DP|ID0000204D_FFT_core:FFT_Inst|_069_[4] ; clk          ; clk         ; 0.000        ; 0.474      ; 3.102      ;
; 2.442 ; ID00001011_aipScopeNoMPU:ID00001011|ID00001011_scopeNoMPU_core:SCOPENOMPU_CORE|ID00001011_scopeNoMPU_datapath:SCOPENOMPU_DP|ID0000204D_FFT_core:FFT_Inst|_245_[29] ; ID00001011_aipScopeNoMPU:ID00001011|ID00001011_scopeNoMPU_core:SCOPENOMPU_CORE|ID00001011_scopeNoMPU_datapath:SCOPENOMPU_DP|ID0000204D_FFT_core:FFT_Inst|_065_[6] ; clk          ; clk         ; 0.000        ; 0.474      ; 3.102      ;
+-------+--------------------------------------------------------------------------------------------------------------------------------------------------------------------+-------------------------------------------------------------------------------------------------------------------------------------------------------------------+--------------+-------------+--------------+------------+------------+


-----------------------------------------------
; Slow 1200mV 85C Model Metastability Summary ;
-----------------------------------------------
Design MTBF is not calculated because the design doesn't meet its timing requirements.



+-------------------------------------------------+
; Slow 1200mV 0C Model Fmax Summary               ;
+-----------+-----------------+------------+------+
; Fmax      ; Restricted Fmax ; Clock Name ; Note ;
+-----------+-----------------+------------+------+
; 68.51 MHz ; 68.51 MHz       ; clk        ;      ;
+-----------+-----------------+------------+------+
This panel reports FMAX for every clock in the design, regardless of the user-specified clock periods.  FMAX is only computed for paths where the source and destination registers or ports are driven by the same clock.  Paths of different clocks, including generated clocks, are ignored.  For paths between a clock and its inversion, FMAX is computed as if the rising and falling edges are scaled along with FMAX, such that the duty cycle (in terms of a percentage) is maintained. Altera recommends that you always use clock constraints and other slack reports for sign-off analysis.


+------------------------------------+
; Slow 1200mV 0C Model Setup Summary ;
+-------+---------+------------------+
; Clock ; Slack   ; End Point TNS    ;
+-------+---------+------------------+
; clk   ; -13.596 ; -11393.998       ;
+-------+---------+------------------+


+-----------------------------------+
; Slow 1200mV 0C Model Hold Summary ;
+-------+-------+-------------------+
; Clock ; Slack ; End Point TNS     ;
+-------+-------+-------------------+
; clk   ; 0.295 ; 0.000             ;
+-------+-------+-------------------+


+---------------------------------------+
; Slow 1200mV 0C Model Recovery Summary ;
+-------+--------+----------------------+
; Clock ; Slack  ; End Point TNS        ;
+-------+--------+----------------------+
; clk   ; -3.153 ; -141.494             ;
+-------+--------+----------------------+


+--------------------------------------+
; Slow 1200mV 0C Model Removal Summary ;
+-------+-------+----------------------+
; Clock ; Slack ; End Point TNS        ;
+-------+-------+----------------------+
; clk   ; 1.966 ; 0.000                ;
+-------+-------+----------------------+


+--------------------------------------------------+
; Slow 1200mV 0C Model Minimum Pulse Width Summary ;
+-------+--------+---------------------------------+
; Clock ; Slack  ; End Point TNS                   ;
+-------+--------+---------------------------------+
; clk   ; -3.000 ; -3626.433                       ;
+-------+--------+---------------------------------+


+------------------------------------------------------------------------------------------------------------------------------------------------------------------------------------------------------------------------------------------------------------------------------------------------------------------------------------------------------------------------------------------------------------------------------------------------------------------------------------------------------------------------------------------------------------------------------------------------------------------------------------------------------------------------------------------------------------------------------+
; Slow 1200mV 0C Model Setup: 'clk'                                                                                                                                                                                                                                                                                                                                                                                                                                                                                                                                                                                                                                                                                            ;
+---------+------------------------------------------------------------------------------------------------------------------------------------------------------------------------------------------------------------------------------------------------------------------------------------------------------------------------------+---------------------------------------------------------------------------------------------------------------------------------------------------------------------------------------------------------------------------------------------------------------------------------------------------------------+--------------+-------------+--------------+------------+------------+
; Slack   ; From Node                                                                                                                                                                                                                                                                                                                    ; To Node                                                                                                                                                                                                                                                                                                       ; Launch Clock ; Latch Clock ; Relationship ; Clock Skew ; Data Delay ;
+---------+------------------------------------------------------------------------------------------------------------------------------------------------------------------------------------------------------------------------------------------------------------------------------------------------------------------------------+---------------------------------------------------------------------------------------------------------------------------------------------------------------------------------------------------------------------------------------------------------------------------------------------------------------+--------------+-------------+--------------+------------+------------+
; -13.596 ; ID00001011_aipScopeNoMPU:ID00001011|ID00001011_scopeNoMPU_core:SCOPENOMPU_CORE|ID00001011_scopeNoMPU_datapath:SCOPENOMPU_DP|ID00001012_scopeSignalMapper_core:MAPPERCORE|ID00001012_scopeSignalMapper_datapath:SCOPEMAPPER_DP|altsyncram:dataNormalized_rtl_0|altsyncram_uvg1:auto_generated|ram_block1a0~portb_address_reg0 ; ID00001011_aipScopeNoMPU:ID00001011|ID00001011_scopeNoMPU_core:SCOPENOMPU_CORE|ID00001011_scopeNoMPU_datapath:SCOPENOMPU_DP|ID00001012_scopeSignalMapper_core:MAPPERCORE|ID00001012_scopeSignalMapper_datapath:SCOPEMAPPER_DP|average:AVGR|dividerSig_core:DVD|dividerSig_datapath:DDP|data_out_reg[21]       ; clk          ; clk         ; 1.000        ; -0.404     ; 14.191     ;
; -13.596 ; ID00001011_aipScopeNoMPU:ID00001011|ID00001011_scopeNoMPU_core:SCOPENOMPU_CORE|ID00001011_scopeNoMPU_datapath:SCOPENOMPU_DP|ID00001012_scopeSignalMapper_core:MAPPERCORE|ID00001012_scopeSignalMapper_datapath:SCOPEMAPPER_DP|altsyncram:dataNormalized_rtl_0|altsyncram_uvg1:auto_generated|ram_block1a0~portb_address_reg0 ; ID00001011_aipScopeNoMPU:ID00001011|ID00001011_scopeNoMPU_core:SCOPENOMPU_CORE|ID00001011_scopeNoMPU_datapath:SCOPENOMPU_DP|ID00001012_scopeSignalMapper_core:MAPPERCORE|ID00001012_scopeSignalMapper_datapath:SCOPEMAPPER_DP|average:AVGR|dividerSig_core:DVD|dividerSig_datapath:DDP|data_out_reg[32]       ; clk          ; clk         ; 1.000        ; -0.404     ; 14.191     ;
; -13.596 ; ID00001011_aipScopeNoMPU:ID00001011|ID00001011_scopeNoMPU_core:SCOPENOMPU_CORE|ID00001011_scopeNoMPU_datapath:SCOPENOMPU_DP|ID00001012_scopeSignalMapper_core:MAPPERCORE|ID00001012_scopeSignalMapper_datapath:SCOPEMAPPER_DP|altsyncram:dataNormalized_rtl_0|altsyncram_uvg1:auto_generated|ram_block1a0~portb_address_reg0 ; ID00001011_aipScopeNoMPU:ID00001011|ID00001011_scopeNoMPU_core:SCOPENOMPU_CORE|ID00001011_scopeNoMPU_datapath:SCOPENOMPU_DP|ID00001012_scopeSignalMapper_core:MAPPERCORE|ID00001012_scopeSignalMapper_datapath:SCOPEMAPPER_DP|average:AVGR|dividerSig_core:DVD|dividerSig_datapath:DDP|data_out_reg[22]       ; clk          ; clk         ; 1.000        ; -0.404     ; 14.191     ;
; -13.596 ; ID00001011_aipScopeNoMPU:ID00001011|ID00001011_scopeNoMPU_core:SCOPENOMPU_CORE|ID00001011_scopeNoMPU_datapath:SCOPENOMPU_DP|ID00001012_scopeSignalMapper_core:MAPPERCORE|ID00001012_scopeSignalMapper_datapath:SCOPEMAPPER_DP|altsyncram:dataNormalized_rtl_0|altsyncram_uvg1:auto_generated|ram_block1a0~portb_address_reg0 ; ID00001011_aipScopeNoMPU:ID00001011|ID00001011_scopeNoMPU_core:SCOPENOMPU_CORE|ID00001011_scopeNoMPU_datapath:SCOPENOMPU_DP|ID00001012_scopeSignalMapper_core:MAPPERCORE|ID00001012_scopeSignalMapper_datapath:SCOPEMAPPER_DP|average:AVGR|dividerSig_core:DVD|dividerSig_datapath:DDP|data_out_reg[20]       ; clk          ; clk         ; 1.000        ; -0.404     ; 14.191     ;
; -13.461 ; ID00001011_aipScopeNoMPU:ID00001011|ID00001011_scopeNoMPU_core:SCOPENOMPU_CORE|ID00001011_scopeNoMPU_datapath:SCOPENOMPU_DP|true_dual_port_ram_single_clock:RAM1|altsyncram:ram_rtl_0|altsyncram_k6r1:auto_generated|ram_block1a0~portb_we_reg                                                                               ; ID00001011_aipScopeNoMPU:ID00001011|ID00001011_scopeNoMPU_core:SCOPENOMPU_CORE|ID00001011_scopeNoMPU_datapath:SCOPENOMPU_DP|true_dual_port_ram_single_clock:RAM1|altsyncram:ram_rtl_0|altsyncram_k6r1:auto_generated|ram_block1a1~porta_datain_reg0                                                           ; clk          ; clk         ; 1.000        ; -0.074     ; 14.417     ;
; -13.372 ; ID00001011_aipScopeNoMPU:ID00001011|ID00001011_scopeNoMPU_core:SCOPENOMPU_CORE|ID00001011_scopeNoMPU_datapath:SCOPENOMPU_DP|ID00001012_scopeSignalMapper_core:MAPPERCORE|ID00001012_scopeSignalMapper_datapath:SCOPEMAPPER_DP|altsyncram:dataNormalized_rtl_0|altsyncram_uvg1:auto_generated|ram_block1a0~portb_address_reg0 ; ID00001011_aipScopeNoMPU:ID00001011|ID00001011_scopeNoMPU_core:SCOPENOMPU_CORE|ID00001011_scopeNoMPU_datapath:SCOPENOMPU_DP|ID00001012_scopeSignalMapper_core:MAPPERCORE|ID00001012_scopeSignalMapper_datapath:SCOPEMAPPER_DP|average:AVGR|dividerSig_core:DVD|dividerSig_datapath:DDP|data_out[0]            ; clk          ; clk         ; 1.000        ; -0.398     ; 13.973     ;
; -13.369 ; ID00001011_aipScopeNoMPU:ID00001011|ID00001011_scopeNoMPU_core:SCOPENOMPU_CORE|ID00001011_scopeNoMPU_datapath:SCOPENOMPU_DP|ID0000204D_FFT_core:FFT_Inst|altsyncram:_510__rtl_0|altsyncram_j181:auto_generated|ram_block1a0~porta_address_reg0                                                                               ; ID00001011_aipScopeNoMPU:ID00001011|ID00001011_scopeNoMPU_core:SCOPENOMPU_CORE|ID00001011_scopeNoMPU_datapath:SCOPENOMPU_DP|true_dual_port_ram_single_clock:RAM1|altsyncram:ram_rtl_0|altsyncram_k6r1:auto_generated|ram_block1a1~porta_datain_reg0                                                           ; clk          ; clk         ; 1.000        ; -0.056     ; 14.343     ;
; -13.329 ; ID00001011_aipScopeNoMPU:ID00001011|ID00001011_scopeNoMPU_core:SCOPENOMPU_CORE|ID00001011_scopeNoMPU_datapath:SCOPENOMPU_DP|ID00001012_scopeSignalMapper_core:MAPPERCORE|ID00001012_scopeSignalMapper_datapath:SCOPEMAPPER_DP|altsyncram:dataNormalized_rtl_0|altsyncram_uvg1:auto_generated|ram_block1a0~portb_address_reg0 ; ID00001011_aipScopeNoMPU:ID00001011|ID00001011_scopeNoMPU_core:SCOPENOMPU_CORE|ID00001011_scopeNoMPU_datapath:SCOPENOMPU_DP|ID00001012_scopeSignalMapper_core:MAPPERCORE|ID00001012_scopeSignalMapper_datapath:SCOPEMAPPER_DP|average:AVGR|dividerSig_core:DVD|dividerSig_datapath:DDP|data_out_reg[25]       ; clk          ; clk         ; 1.000        ; -0.049     ; 14.279     ;
; -13.329 ; ID00001011_aipScopeNoMPU:ID00001011|ID00001011_scopeNoMPU_core:SCOPENOMPU_CORE|ID00001011_scopeNoMPU_datapath:SCOPENOMPU_DP|ID00001012_scopeSignalMapper_core:MAPPERCORE|ID00001012_scopeSignalMapper_datapath:SCOPEMAPPER_DP|altsyncram:dataNormalized_rtl_0|altsyncram_uvg1:auto_generated|ram_block1a0~portb_address_reg0 ; ID00001011_aipScopeNoMPU:ID00001011|ID00001011_scopeNoMPU_core:SCOPENOMPU_CORE|ID00001011_scopeNoMPU_datapath:SCOPENOMPU_DP|ID00001012_scopeSignalMapper_core:MAPPERCORE|ID00001012_scopeSignalMapper_datapath:SCOPEMAPPER_DP|average:AVGR|dividerSig_core:DVD|dividerSig_datapath:DDP|data_out_reg[30]       ; clk          ; clk         ; 1.000        ; -0.049     ; 14.279     ;
; -13.329 ; ID00001011_aipScopeNoMPU:ID00001011|ID00001011_scopeNoMPU_core:SCOPENOMPU_CORE|ID00001011_scopeNoMPU_datapath:SCOPENOMPU_DP|ID00001012_scopeSignalMapper_core:MAPPERCORE|ID00001012_scopeSignalMapper_datapath:SCOPEMAPPER_DP|altsyncram:dataNormalized_rtl_0|altsyncram_uvg1:auto_generated|ram_block1a0~portb_address_reg0 ; ID00001011_aipScopeNoMPU:ID00001011|ID00001011_scopeNoMPU_core:SCOPENOMPU_CORE|ID00001011_scopeNoMPU_datapath:SCOPENOMPU_DP|ID00001012_scopeSignalMapper_core:MAPPERCORE|ID00001012_scopeSignalMapper_datapath:SCOPEMAPPER_DP|average:AVGR|dividerSig_core:DVD|dividerSig_datapath:DDP|data_out_reg[28]       ; clk          ; clk         ; 1.000        ; -0.049     ; 14.279     ;
; -13.329 ; ID00001011_aipScopeNoMPU:ID00001011|ID00001011_scopeNoMPU_core:SCOPENOMPU_CORE|ID00001011_scopeNoMPU_datapath:SCOPENOMPU_DP|ID00001012_scopeSignalMapper_core:MAPPERCORE|ID00001012_scopeSignalMapper_datapath:SCOPEMAPPER_DP|altsyncram:dataNormalized_rtl_0|altsyncram_uvg1:auto_generated|ram_block1a0~portb_address_reg0 ; ID00001011_aipScopeNoMPU:ID00001011|ID00001011_scopeNoMPU_core:SCOPENOMPU_CORE|ID00001011_scopeNoMPU_datapath:SCOPENOMPU_DP|ID00001012_scopeSignalMapper_core:MAPPERCORE|ID00001012_scopeSignalMapper_datapath:SCOPEMAPPER_DP|average:AVGR|dividerSig_core:DVD|dividerSig_datapath:DDP|data_out_reg[26]       ; clk          ; clk         ; 1.000        ; -0.049     ; 14.279     ;
; -13.329 ; ID00001011_aipScopeNoMPU:ID00001011|ID00001011_scopeNoMPU_core:SCOPENOMPU_CORE|ID00001011_scopeNoMPU_datapath:SCOPENOMPU_DP|ID00001012_scopeSignalMapper_core:MAPPERCORE|ID00001012_scopeSignalMapper_datapath:SCOPEMAPPER_DP|altsyncram:dataNormalized_rtl_0|altsyncram_uvg1:auto_generated|ram_block1a0~portb_address_reg0 ; ID00001011_aipScopeNoMPU:ID00001011|ID00001011_scopeNoMPU_core:SCOPENOMPU_CORE|ID00001011_scopeNoMPU_datapath:SCOPENOMPU_DP|ID00001012_scopeSignalMapper_core:MAPPERCORE|ID00001012_scopeSignalMapper_datapath:SCOPEMAPPER_DP|average:AVGR|dividerSig_core:DVD|dividerSig_datapath:DDP|data_out_reg[24]       ; clk          ; clk         ; 1.000        ; -0.049     ; 14.279     ;
; -13.326 ; ID00001011_aipScopeNoMPU:ID00001011|ID00001011_scopeNoMPU_core:SCOPENOMPU_CORE|ID00001011_scopeNoMPU_datapath:SCOPENOMPU_DP|true_dual_port_ram_single_clock:RAM1|altsyncram:ram_rtl_0|altsyncram_k6r1:auto_generated|ram_block1a1~portb_we_reg                                                                               ; ID00001011_aipScopeNoMPU:ID00001011|ID00001011_scopeNoMPU_core:SCOPENOMPU_CORE|ID00001011_scopeNoMPU_datapath:SCOPENOMPU_DP|true_dual_port_ram_single_clock:RAM1|altsyncram:ram_rtl_0|altsyncram_k6r1:auto_generated|ram_block1a1~porta_datain_reg0                                                           ; clk          ; clk         ; 1.000        ; -0.036     ; 14.320     ;
; -13.292 ; ID00001011_aipScopeNoMPU:ID00001011|ID00001011_scopeNoMPU_core:SCOPENOMPU_CORE|ID00001011_scopeNoMPU_datapath:SCOPENOMPU_DP|ID00001012_scopeSignalMapper_core:MAPPERCORE|ID00001012_scopeSignalMapper_datapath:SCOPEMAPPER_DP|altsyncram:dataNormalized_rtl_0|altsyncram_uvg1:auto_generated|ram_block1a0~portb_address_reg0 ; ID00001011_aipScopeNoMPU:ID00001011|ID00001011_scopeNoMPU_core:SCOPENOMPU_CORE|ID00001011_scopeNoMPU_datapath:SCOPENOMPU_DP|ID00001012_scopeSignalMapper_core:MAPPERCORE|ID00001012_scopeSignalMapper_datapath:SCOPEMAPPER_DP|average:AVGR|dividerSig_core:DVD|dividerSig_datapath:DDP|data_out_reg[29]       ; clk          ; clk         ; 1.000        ; -0.025     ; 14.266     ;
; -13.292 ; ID00001011_aipScopeNoMPU:ID00001011|ID00001011_scopeNoMPU_core:SCOPENOMPU_CORE|ID00001011_scopeNoMPU_datapath:SCOPENOMPU_DP|ID00001012_scopeSignalMapper_core:MAPPERCORE|ID00001012_scopeSignalMapper_datapath:SCOPEMAPPER_DP|altsyncram:dataNormalized_rtl_0|altsyncram_uvg1:auto_generated|ram_block1a0~portb_address_reg0 ; ID00001011_aipScopeNoMPU:ID00001011|ID00001011_scopeNoMPU_core:SCOPENOMPU_CORE|ID00001011_scopeNoMPU_datapath:SCOPENOMPU_DP|ID00001012_scopeSignalMapper_core:MAPPERCORE|ID00001012_scopeSignalMapper_datapath:SCOPEMAPPER_DP|average:AVGR|dividerSig_core:DVD|dividerSig_datapath:DDP|data_out_reg[27]       ; clk          ; clk         ; 1.000        ; -0.025     ; 14.266     ;
; -13.229 ; ID00001011_aipScopeNoMPU:ID00001011|ID00001011_scopeNoMPU_core:SCOPENOMPU_CORE|ID00001011_scopeNoMPU_datapath:SCOPENOMPU_DP|true_dual_port_ram_single_clock:RAM1|altsyncram:ram_rtl_0|altsyncram_k6r1:auto_generated|ram_block1a1~portb_we_reg                                                                               ; ID00001011_aipScopeNoMPU:ID00001011|ID00001011_scopeNoMPU_core:SCOPENOMPU_CORE|ID00001011_scopeNoMPU_datapath:SCOPENOMPU_DP|true_dual_port_ram_single_clock:RAM1|altsyncram:ram_rtl_0|altsyncram_k6r1:auto_generated|ram_block1a0~porta_datain_reg0                                                           ; clk          ; clk         ; 1.000        ; -0.060     ; 14.199     ;
; -13.214 ; ID00001011_aipScopeNoMPU:ID00001011|ID00001011_scopeNoMPU_core:SCOPENOMPU_CORE|ID00001011_scopeNoMPU_datapath:SCOPENOMPU_DP|true_dual_port_ram_single_clock:RAM1|altsyncram:ram_rtl_0|altsyncram_k6r1:auto_generated|ram_block1a0~portb_we_reg                                                                               ; ID00001011_aipScopeNoMPU:ID00001011|ID00001011_scopeNoMPU_core:SCOPENOMPU_CORE|ID00001011_scopeNoMPU_datapath:SCOPENOMPU_DP|true_dual_port_ram_single_clock:RAM1|altsyncram:ram_rtl_0|altsyncram_k6r1:auto_generated|ram_block1a0~porta_datain_reg0                                                           ; clk          ; clk         ; 1.000        ; -0.036     ; 14.208     ;
; -13.055 ; ID00001011_aipScopeNoMPU:ID00001011|ID00001011_scopeNoMPU_core:SCOPENOMPU_CORE|ID00001011_scopeNoMPU_datapath:SCOPENOMPU_DP|ID0000204D_FFT_core:FFT_Inst|altsyncram:_510__rtl_0|altsyncram_j181:auto_generated|ram_block1a0~porta_address_reg0                                                                               ; ID00001011_aipScopeNoMPU:ID00001011|ID00001011_scopeNoMPU_core:SCOPENOMPU_CORE|ID00001011_scopeNoMPU_datapath:SCOPENOMPU_DP|true_dual_port_ram_single_clock:RAM1|altsyncram:ram_rtl_0|altsyncram_k6r1:auto_generated|ram_block1a0~porta_datain_reg0                                                           ; clk          ; clk         ; 1.000        ; -0.049     ; 14.036     ;
; -13.050 ; ID00001011_aipScopeNoMPU:ID00001011|ID00001011_scopeNoMPU_core:SCOPENOMPU_CORE|ID00001011_scopeNoMPU_datapath:SCOPENOMPU_DP|ID00001012_scopeSignalMapper_core:MAPPERCORE|ID00001012_scopeSignalMapper_datapath:SCOPEMAPPER_DP|altsyncram:dataNormalized_rtl_0|altsyncram_uvg1:auto_generated|ram_block1a0~portb_address_reg0 ; ID00001011_aipScopeNoMPU:ID00001011|ID00001011_scopeNoMPU_core:SCOPENOMPU_CORE|ID00001011_scopeNoMPU_datapath:SCOPENOMPU_DP|ID00001012_scopeSignalMapper_core:MAPPERCORE|ID00001012_scopeSignalMapper_datapath:SCOPEMAPPER_DP|average:AVGR|dividerSig_core:DVD|dividerSig_datapath:DDP|data_out_reg[38]       ; clk          ; clk         ; 1.000        ; -0.058     ; 13.991     ;
; -13.050 ; ID00001011_aipScopeNoMPU:ID00001011|ID00001011_scopeNoMPU_core:SCOPENOMPU_CORE|ID00001011_scopeNoMPU_datapath:SCOPENOMPU_DP|ID00001012_scopeSignalMapper_core:MAPPERCORE|ID00001012_scopeSignalMapper_datapath:SCOPEMAPPER_DP|altsyncram:dataNormalized_rtl_0|altsyncram_uvg1:auto_generated|ram_block1a0~portb_address_reg0 ; ID00001011_aipScopeNoMPU:ID00001011|ID00001011_scopeNoMPU_core:SCOPENOMPU_CORE|ID00001011_scopeNoMPU_datapath:SCOPENOMPU_DP|ID00001012_scopeSignalMapper_core:MAPPERCORE|ID00001012_scopeSignalMapper_datapath:SCOPEMAPPER_DP|average:AVGR|dividerSig_core:DVD|dividerSig_datapath:DDP|data_out_reg[33]       ; clk          ; clk         ; 1.000        ; -0.058     ; 13.991     ;
; -13.050 ; ID00001011_aipScopeNoMPU:ID00001011|ID00001011_scopeNoMPU_core:SCOPENOMPU_CORE|ID00001011_scopeNoMPU_datapath:SCOPENOMPU_DP|ID00001012_scopeSignalMapper_core:MAPPERCORE|ID00001012_scopeSignalMapper_datapath:SCOPEMAPPER_DP|altsyncram:dataNormalized_rtl_0|altsyncram_uvg1:auto_generated|ram_block1a0~portb_address_reg0 ; ID00001011_aipScopeNoMPU:ID00001011|ID00001011_scopeNoMPU_core:SCOPENOMPU_CORE|ID00001011_scopeNoMPU_datapath:SCOPENOMPU_DP|ID00001012_scopeSignalMapper_core:MAPPERCORE|ID00001012_scopeSignalMapper_datapath:SCOPEMAPPER_DP|average:AVGR|dividerSig_core:DVD|dividerSig_datapath:DDP|data_out_reg[31]       ; clk          ; clk         ; 1.000        ; -0.058     ; 13.991     ;
; -13.050 ; ID00001011_aipScopeNoMPU:ID00001011|ID00001011_scopeNoMPU_core:SCOPENOMPU_CORE|ID00001011_scopeNoMPU_datapath:SCOPENOMPU_DP|ID00001012_scopeSignalMapper_core:MAPPERCORE|ID00001012_scopeSignalMapper_datapath:SCOPEMAPPER_DP|altsyncram:dataNormalized_rtl_0|altsyncram_uvg1:auto_generated|ram_block1a0~portb_address_reg0 ; ID00001011_aipScopeNoMPU:ID00001011|ID00001011_scopeNoMPU_core:SCOPENOMPU_CORE|ID00001011_scopeNoMPU_datapath:SCOPENOMPU_DP|ID00001012_scopeSignalMapper_core:MAPPERCORE|ID00001012_scopeSignalMapper_datapath:SCOPEMAPPER_DP|average:AVGR|dividerSig_core:DVD|dividerSig_datapath:DDP|data_out_reg[34]       ; clk          ; clk         ; 1.000        ; -0.058     ; 13.991     ;
; -13.050 ; ID00001011_aipScopeNoMPU:ID00001011|ID00001011_scopeNoMPU_core:SCOPENOMPU_CORE|ID00001011_scopeNoMPU_datapath:SCOPENOMPU_DP|ID00001012_scopeSignalMapper_core:MAPPERCORE|ID00001012_scopeSignalMapper_datapath:SCOPEMAPPER_DP|altsyncram:dataNormalized_rtl_0|altsyncram_uvg1:auto_generated|ram_block1a0~portb_address_reg0 ; ID00001011_aipScopeNoMPU:ID00001011|ID00001011_scopeNoMPU_core:SCOPENOMPU_CORE|ID00001011_scopeNoMPU_datapath:SCOPENOMPU_DP|ID00001012_scopeSignalMapper_core:MAPPERCORE|ID00001012_scopeSignalMapper_datapath:SCOPEMAPPER_DP|average:AVGR|dividerSig_core:DVD|dividerSig_datapath:DDP|data_out_reg[35]       ; clk          ; clk         ; 1.000        ; -0.058     ; 13.991     ;
; -13.050 ; ID00001011_aipScopeNoMPU:ID00001011|ID00001011_scopeNoMPU_core:SCOPENOMPU_CORE|ID00001011_scopeNoMPU_datapath:SCOPENOMPU_DP|ID00001012_scopeSignalMapper_core:MAPPERCORE|ID00001012_scopeSignalMapper_datapath:SCOPEMAPPER_DP|altsyncram:dataNormalized_rtl_0|altsyncram_uvg1:auto_generated|ram_block1a0~portb_address_reg0 ; ID00001011_aipScopeNoMPU:ID00001011|ID00001011_scopeNoMPU_core:SCOPENOMPU_CORE|ID00001011_scopeNoMPU_datapath:SCOPENOMPU_DP|ID00001012_scopeSignalMapper_core:MAPPERCORE|ID00001012_scopeSignalMapper_datapath:SCOPEMAPPER_DP|average:AVGR|dividerSig_core:DVD|dividerSig_datapath:DDP|data_out_reg[36]       ; clk          ; clk         ; 1.000        ; -0.058     ; 13.991     ;
; -12.838 ; ID00001011_aipScopeNoMPU:ID00001011|ID00001011_scopeNoMPU_core:SCOPENOMPU_CORE|ID00001011_scopeNoMPU_datapath:SCOPENOMPU_DP|ID00001012_scopeSignalMapper_core:MAPPERCORE|ID00001012_scopeSignalMapper_datapath:SCOPEMAPPER_DP|altsyncram:dataNormalized_rtl_0|altsyncram_uvg1:auto_generated|ram_block1a0~portb_address_reg0 ; ID00001011_aipScopeNoMPU:ID00001011|ID00001011_scopeNoMPU_core:SCOPENOMPU_CORE|ID00001011_scopeNoMPU_datapath:SCOPENOMPU_DP|ID00001012_scopeSignalMapper_core:MAPPERCORE|ID00001012_scopeSignalMapper_datapath:SCOPEMAPPER_DP|average:AVGR|dividerSig_core:DVD|dividerSig_datapath:DDP|data_out_reg[23]       ; clk          ; clk         ; 1.000        ; -0.054     ; 13.783     ;
; -12.838 ; ID00001011_aipScopeNoMPU:ID00001011|ID00001011_scopeNoMPU_core:SCOPENOMPU_CORE|ID00001011_scopeNoMPU_datapath:SCOPENOMPU_DP|ID00001012_scopeSignalMapper_core:MAPPERCORE|ID00001012_scopeSignalMapper_datapath:SCOPEMAPPER_DP|altsyncram:dataNormalized_rtl_0|altsyncram_uvg1:auto_generated|ram_block1a0~portb_address_reg0 ; ID00001011_aipScopeNoMPU:ID00001011|ID00001011_scopeNoMPU_core:SCOPENOMPU_CORE|ID00001011_scopeNoMPU_datapath:SCOPENOMPU_DP|ID00001012_scopeSignalMapper_core:MAPPERCORE|ID00001012_scopeSignalMapper_datapath:SCOPEMAPPER_DP|average:AVGR|dividerSig_core:DVD|dividerSig_datapath:DDP|data_out_reg[37]       ; clk          ; clk         ; 1.000        ; -0.054     ; 13.783     ;
; -12.807 ; ID00001011_aipScopeNoMPU:ID00001011|ID00001011_scopeNoMPU_core:SCOPENOMPU_CORE|ID00001011_scopeNoMPU_datapath:SCOPENOMPU_DP|true_dual_port_ram_single_clock:RAM1|altsyncram:ram_rtl_0|altsyncram_k6r1:auto_generated|ram_block1a0~portb_we_reg                                                                               ; ID00001011_aipScopeNoMPU:ID00001011|ID00001011_scopeNoMPU_core:SCOPENOMPU_CORE|ID00001011_scopeNoMPU_datapath:SCOPENOMPU_DP|true_dual_port_ram_single_clock:RAM1|altsyncram:ram_rtl_0|altsyncram_k6r1:auto_generated|ram_block1a1~portb_datain_reg0                                                           ; clk          ; clk         ; 1.000        ; -0.072     ; 13.765     ;
; -12.715 ; ID00001011_aipScopeNoMPU:ID00001011|ID00001011_scopeNoMPU_core:SCOPENOMPU_CORE|ID00001011_scopeNoMPU_datapath:SCOPENOMPU_DP|ID0000204D_FFT_core:FFT_Inst|altsyncram:_510__rtl_0|altsyncram_j181:auto_generated|ram_block1a0~porta_address_reg0                                                                               ; ID00001011_aipScopeNoMPU:ID00001011|ID00001011_scopeNoMPU_core:SCOPENOMPU_CORE|ID00001011_scopeNoMPU_datapath:SCOPENOMPU_DP|true_dual_port_ram_single_clock:RAM1|altsyncram:ram_rtl_0|altsyncram_k6r1:auto_generated|ram_block1a1~portb_datain_reg0                                                           ; clk          ; clk         ; 1.000        ; -0.054     ; 13.691     ;
; -12.689 ; ID00001011_aipScopeNoMPU:ID00001011|ID00001011_scopeNoMPU_core:SCOPENOMPU_CORE|ID00001011_scopeNoMPU_datapath:SCOPENOMPU_DP|altsyncram:dataColl_rtl_0|altsyncram_vvg1:auto_generated|ram_block1a0~portb_address_reg0                                                                                                         ; ID00001011_aipScopeNoMPU:ID00001011|ID00001011_scopeNoMPU_core:SCOPENOMPU_CORE|ID00001011_scopeNoMPU_datapath:SCOPENOMPU_DP|ID0000100C_modCuad_core:MODCUAD_CORE|ID0000100C_modCuad_datapath:modCuad_DP|ID0000100C_modCuad_power2:PW2_REAL|booth_core:DUT|booth_datapath:BDP|data_out[25]                     ; clk          ; clk         ; 1.000        ; -0.365     ; 13.323     ;
; -12.672 ; ID00001011_aipScopeNoMPU:ID00001011|ID00001011_scopeNoMPU_core:SCOPENOMPU_CORE|ID00001011_scopeNoMPU_datapath:SCOPENOMPU_DP|true_dual_port_ram_single_clock:RAM1|altsyncram:ram_rtl_0|altsyncram_k6r1:auto_generated|ram_block1a1~portb_we_reg                                                                               ; ID00001011_aipScopeNoMPU:ID00001011|ID00001011_scopeNoMPU_core:SCOPENOMPU_CORE|ID00001011_scopeNoMPU_datapath:SCOPENOMPU_DP|true_dual_port_ram_single_clock:RAM1|altsyncram:ram_rtl_0|altsyncram_k6r1:auto_generated|ram_block1a1~portb_datain_reg0                                                           ; clk          ; clk         ; 1.000        ; -0.034     ; 13.668     ;
; -12.668 ; ID00001011_aipScopeNoMPU:ID00001011|ID00001011_scopeNoMPU_core:SCOPENOMPU_CORE|ID00001011_scopeNoMPU_datapath:SCOPENOMPU_DP|altsyncram:dataColl_rtl_0|altsyncram_vvg1:auto_generated|ram_block1a0~portb_address_reg0                                                                                                         ; ID00001011_aipScopeNoMPU:ID00001011|ID00001011_scopeNoMPU_core:SCOPENOMPU_CORE|ID00001011_scopeNoMPU_datapath:SCOPENOMPU_DP|ID0000100C_modCuad_core:MODCUAD_CORE|ID0000100C_modCuad_datapath:modCuad_DP|ID0000100C_modCuad_power2:PW2_REAL|booth_core:DUT|booth_datapath:BDP|data_out[31]                     ; clk          ; clk         ; 1.000        ; 0.016      ; 13.683     ;
; -12.639 ; ID00001011_aipScopeNoMPU:ID00001011|ID00001011_scopeNoMPU_core:SCOPENOMPU_CORE|ID00001011_scopeNoMPU_datapath:SCOPENOMPU_DP|altsyncram:dataFFTSaved_rtl_0|altsyncram_vvg1:auto_generated|ram_block1a0~portb_address_reg0                                                                                                     ; ID00001011_aipScopeNoMPU:ID00001011|ID00001011_scopeNoMPU_core:SCOPENOMPU_CORE|ID00001011_scopeNoMPU_datapath:SCOPENOMPU_DP|ID0000100C_modCuad_core:MODCUAD_CORE|ID0000100C_modCuad_datapath:modCuad_DP|ID0000100C_modCuad_power2:PW2_REAL|booth_core:DUT|booth_datapath:BDP|data_out[25]                     ; clk          ; clk         ; 1.000        ; -0.369     ; 13.269     ;
; -12.618 ; ID00001011_aipScopeNoMPU:ID00001011|ID00001011_scopeNoMPU_core:SCOPENOMPU_CORE|ID00001011_scopeNoMPU_datapath:SCOPENOMPU_DP|altsyncram:dataFFTSaved_rtl_0|altsyncram_vvg1:auto_generated|ram_block1a0~portb_address_reg0                                                                                                     ; ID00001011_aipScopeNoMPU:ID00001011|ID00001011_scopeNoMPU_core:SCOPENOMPU_CORE|ID00001011_scopeNoMPU_datapath:SCOPENOMPU_DP|ID0000100C_modCuad_core:MODCUAD_CORE|ID0000100C_modCuad_datapath:modCuad_DP|ID0000100C_modCuad_power2:PW2_REAL|booth_core:DUT|booth_datapath:BDP|data_out[31]                     ; clk          ; clk         ; 1.000        ; 0.012      ; 13.629     ;
; -12.544 ; ID00001011_aipScopeNoMPU:ID00001011|ID00001011_scopeNoMPU_core:SCOPENOMPU_CORE|ID00001011_scopeNoMPU_datapath:SCOPENOMPU_DP|ID00001012_scopeSignalMapper_core:MAPPERCORE|ID00001012_scopeSignalMapper_datapath:SCOPEMAPPER_DP|scopeScaler:SCALER|booth_core:B1|booth_datapath:BDP|data_out[31]                               ; ID00001011_aipScopeNoMPU:ID00001011|ID00001011_scopeNoMPU_core:SCOPENOMPU_CORE|ID00001011_scopeNoMPU_datapath:SCOPENOMPU_DP|ID00001012_scopeSignalMapper_core:MAPPERCORE|ID00001012_scopeSignalMapper_datapath:SCOPEMAPPER_DP|scopeScaler:SCALER|dividerSig_core:DVD|dividerSig_datapath:DDP|data_out_reg[45] ; clk          ; clk         ; 1.000        ; -0.079     ; 13.464     ;
; -12.544 ; ID00001011_aipScopeNoMPU:ID00001011|ID00001011_scopeNoMPU_core:SCOPENOMPU_CORE|ID00001011_scopeNoMPU_datapath:SCOPENOMPU_DP|ID00001012_scopeSignalMapper_core:MAPPERCORE|ID00001012_scopeSignalMapper_datapath:SCOPEMAPPER_DP|scopeScaler:SCALER|booth_core:B1|booth_datapath:BDP|data_out[31]                               ; ID00001011_aipScopeNoMPU:ID00001011|ID00001011_scopeNoMPU_core:SCOPENOMPU_CORE|ID00001011_scopeNoMPU_datapath:SCOPENOMPU_DP|ID00001012_scopeSignalMapper_core:MAPPERCORE|ID00001012_scopeSignalMapper_datapath:SCOPEMAPPER_DP|scopeScaler:SCALER|dividerSig_core:DVD|dividerSig_datapath:DDP|data_out_reg[37] ; clk          ; clk         ; 1.000        ; -0.079     ; 13.464     ;
; -12.544 ; ID00001011_aipScopeNoMPU:ID00001011|ID00001011_scopeNoMPU_core:SCOPENOMPU_CORE|ID00001011_scopeNoMPU_datapath:SCOPENOMPU_DP|ID00001012_scopeSignalMapper_core:MAPPERCORE|ID00001012_scopeSignalMapper_datapath:SCOPEMAPPER_DP|scopeScaler:SCALER|booth_core:B1|booth_datapath:BDP|data_out[31]                               ; ID00001011_aipScopeNoMPU:ID00001011|ID00001011_scopeNoMPU_core:SCOPENOMPU_CORE|ID00001011_scopeNoMPU_datapath:SCOPENOMPU_DP|ID00001012_scopeSignalMapper_core:MAPPERCORE|ID00001012_scopeSignalMapper_datapath:SCOPEMAPPER_DP|scopeScaler:SCALER|dividerSig_core:DVD|dividerSig_datapath:DDP|data_out_reg[38] ; clk          ; clk         ; 1.000        ; -0.079     ; 13.464     ;
; -12.543 ; ID00001011_aipScopeNoMPU:ID00001011|ID00001011_scopeNoMPU_core:SCOPENOMPU_CORE|ID00001011_scopeNoMPU_datapath:SCOPENOMPU_DP|ID00001012_scopeSignalMapper_core:MAPPERCORE|ID00001012_scopeSignalMapper_datapath:SCOPEMAPPER_DP|maxFound:MAXFD|data_out[0]                                                                     ; ID00001011_aipScopeNoMPU:ID00001011|ID00001011_scopeNoMPU_core:SCOPENOMPU_CORE|ID00001011_scopeNoMPU_datapath:SCOPENOMPU_DP|ID00001012_scopeSignalMapper_core:MAPPERCORE|ID00001012_scopeSignalMapper_datapath:SCOPEMAPPER_DP|scopeScaler:SCALER|dividerSig_core:DVD|dividerSig_datapath:DDP|data_out_reg[45] ; clk          ; clk         ; 1.000        ; -0.079     ; 13.463     ;
; -12.543 ; ID00001011_aipScopeNoMPU:ID00001011|ID00001011_scopeNoMPU_core:SCOPENOMPU_CORE|ID00001011_scopeNoMPU_datapath:SCOPENOMPU_DP|ID00001012_scopeSignalMapper_core:MAPPERCORE|ID00001012_scopeSignalMapper_datapath:SCOPEMAPPER_DP|maxFound:MAXFD|data_out[0]                                                                     ; ID00001011_aipScopeNoMPU:ID00001011|ID00001011_scopeNoMPU_core:SCOPENOMPU_CORE|ID00001011_scopeNoMPU_datapath:SCOPENOMPU_DP|ID00001012_scopeSignalMapper_core:MAPPERCORE|ID00001012_scopeSignalMapper_datapath:SCOPEMAPPER_DP|scopeScaler:SCALER|dividerSig_core:DVD|dividerSig_datapath:DDP|data_out_reg[37] ; clk          ; clk         ; 1.000        ; -0.079     ; 13.463     ;
; -12.543 ; ID00001011_aipScopeNoMPU:ID00001011|ID00001011_scopeNoMPU_core:SCOPENOMPU_CORE|ID00001011_scopeNoMPU_datapath:SCOPENOMPU_DP|ID00001012_scopeSignalMapper_core:MAPPERCORE|ID00001012_scopeSignalMapper_datapath:SCOPEMAPPER_DP|maxFound:MAXFD|data_out[0]                                                                     ; ID00001011_aipScopeNoMPU:ID00001011|ID00001011_scopeNoMPU_core:SCOPENOMPU_CORE|ID00001011_scopeNoMPU_datapath:SCOPENOMPU_DP|ID00001012_scopeSignalMapper_core:MAPPERCORE|ID00001012_scopeSignalMapper_datapath:SCOPEMAPPER_DP|scopeScaler:SCALER|dividerSig_core:DVD|dividerSig_datapath:DDP|data_out_reg[38] ; clk          ; clk         ; 1.000        ; -0.079     ; 13.463     ;
; -12.512 ; ID00001011_aipScopeNoMPU:ID00001011|ID00001011_scopeNoMPU_core:SCOPENOMPU_CORE|ID00001011_scopeNoMPU_datapath:SCOPENOMPU_DP|ID00001012_scopeSignalMapper_core:MAPPERCORE|ID00001012_scopeSignalMapper_datapath:SCOPEMAPPER_DP|scopeScaler:SCALER|booth_core:B1|booth_datapath:BDP|data_out[31]                               ; ID00001011_aipScopeNoMPU:ID00001011|ID00001011_scopeNoMPU_core:SCOPENOMPU_CORE|ID00001011_scopeNoMPU_datapath:SCOPENOMPU_DP|ID00001012_scopeSignalMapper_core:MAPPERCORE|ID00001012_scopeSignalMapper_datapath:SCOPEMAPPER_DP|scopeScaler:SCALER|dividerSig_core:DVD|dividerSig_datapath:DDP|data_out_reg[52] ; clk          ; clk         ; 1.000        ; -0.077     ; 13.434     ;
; -12.512 ; ID00001011_aipScopeNoMPU:ID00001011|ID00001011_scopeNoMPU_core:SCOPENOMPU_CORE|ID00001011_scopeNoMPU_datapath:SCOPENOMPU_DP|ID00001012_scopeSignalMapper_core:MAPPERCORE|ID00001012_scopeSignalMapper_datapath:SCOPEMAPPER_DP|scopeScaler:SCALER|booth_core:B1|booth_datapath:BDP|data_out[31]                               ; ID00001011_aipScopeNoMPU:ID00001011|ID00001011_scopeNoMPU_core:SCOPENOMPU_CORE|ID00001011_scopeNoMPU_datapath:SCOPENOMPU_DP|ID00001012_scopeSignalMapper_core:MAPPERCORE|ID00001012_scopeSignalMapper_datapath:SCOPEMAPPER_DP|scopeScaler:SCALER|dividerSig_core:DVD|dividerSig_datapath:DDP|data_out_reg[53] ; clk          ; clk         ; 1.000        ; -0.077     ; 13.434     ;
; -12.512 ; ID00001011_aipScopeNoMPU:ID00001011|ID00001011_scopeNoMPU_core:SCOPENOMPU_CORE|ID00001011_scopeNoMPU_datapath:SCOPENOMPU_DP|ID00001012_scopeSignalMapper_core:MAPPERCORE|ID00001012_scopeSignalMapper_datapath:SCOPEMAPPER_DP|scopeScaler:SCALER|booth_core:B1|booth_datapath:BDP|data_out[31]                               ; ID00001011_aipScopeNoMPU:ID00001011|ID00001011_scopeNoMPU_core:SCOPENOMPU_CORE|ID00001011_scopeNoMPU_datapath:SCOPENOMPU_DP|ID00001012_scopeSignalMapper_core:MAPPERCORE|ID00001012_scopeSignalMapper_datapath:SCOPEMAPPER_DP|scopeScaler:SCALER|dividerSig_core:DVD|dividerSig_datapath:DDP|data_out_reg[55] ; clk          ; clk         ; 1.000        ; -0.077     ; 13.434     ;
; -12.512 ; ID00001011_aipScopeNoMPU:ID00001011|ID00001011_scopeNoMPU_core:SCOPENOMPU_CORE|ID00001011_scopeNoMPU_datapath:SCOPENOMPU_DP|ID00001012_scopeSignalMapper_core:MAPPERCORE|ID00001012_scopeSignalMapper_datapath:SCOPEMAPPER_DP|scopeScaler:SCALER|booth_core:B1|booth_datapath:BDP|data_out[31]                               ; ID00001011_aipScopeNoMPU:ID00001011|ID00001011_scopeNoMPU_core:SCOPENOMPU_CORE|ID00001011_scopeNoMPU_datapath:SCOPENOMPU_DP|ID00001012_scopeSignalMapper_core:MAPPERCORE|ID00001012_scopeSignalMapper_datapath:SCOPEMAPPER_DP|scopeScaler:SCALER|dividerSig_core:DVD|dividerSig_datapath:DDP|data_out_reg[57] ; clk          ; clk         ; 1.000        ; -0.077     ; 13.434     ;
; -12.512 ; ID00001011_aipScopeNoMPU:ID00001011|ID00001011_scopeNoMPU_core:SCOPENOMPU_CORE|ID00001011_scopeNoMPU_datapath:SCOPENOMPU_DP|ID00001012_scopeSignalMapper_core:MAPPERCORE|ID00001012_scopeSignalMapper_datapath:SCOPEMAPPER_DP|scopeScaler:SCALER|booth_core:B1|booth_datapath:BDP|data_out[31]                               ; ID00001011_aipScopeNoMPU:ID00001011|ID00001011_scopeNoMPU_core:SCOPENOMPU_CORE|ID00001011_scopeNoMPU_datapath:SCOPENOMPU_DP|ID00001012_scopeSignalMapper_core:MAPPERCORE|ID00001012_scopeSignalMapper_datapath:SCOPEMAPPER_DP|scopeScaler:SCALER|dividerSig_core:DVD|dividerSig_datapath:DDP|data_out_reg[58] ; clk          ; clk         ; 1.000        ; -0.077     ; 13.434     ;
; -12.512 ; ID00001011_aipScopeNoMPU:ID00001011|ID00001011_scopeNoMPU_core:SCOPENOMPU_CORE|ID00001011_scopeNoMPU_datapath:SCOPENOMPU_DP|ID00001012_scopeSignalMapper_core:MAPPERCORE|ID00001012_scopeSignalMapper_datapath:SCOPEMAPPER_DP|scopeScaler:SCALER|booth_core:B1|booth_datapath:BDP|data_out[31]                               ; ID00001011_aipScopeNoMPU:ID00001011|ID00001011_scopeNoMPU_core:SCOPENOMPU_CORE|ID00001011_scopeNoMPU_datapath:SCOPENOMPU_DP|ID00001012_scopeSignalMapper_core:MAPPERCORE|ID00001012_scopeSignalMapper_datapath:SCOPEMAPPER_DP|scopeScaler:SCALER|dividerSig_core:DVD|dividerSig_datapath:DDP|data_out_reg[59] ; clk          ; clk         ; 1.000        ; -0.077     ; 13.434     ;
; -12.512 ; ID00001011_aipScopeNoMPU:ID00001011|ID00001011_scopeNoMPU_core:SCOPENOMPU_CORE|ID00001011_scopeNoMPU_datapath:SCOPENOMPU_DP|ID00001012_scopeSignalMapper_core:MAPPERCORE|ID00001012_scopeSignalMapper_datapath:SCOPEMAPPER_DP|scopeScaler:SCALER|booth_core:B1|booth_datapath:BDP|data_out[31]                               ; ID00001011_aipScopeNoMPU:ID00001011|ID00001011_scopeNoMPU_core:SCOPENOMPU_CORE|ID00001011_scopeNoMPU_datapath:SCOPENOMPU_DP|ID00001012_scopeSignalMapper_core:MAPPERCORE|ID00001012_scopeSignalMapper_datapath:SCOPEMAPPER_DP|scopeScaler:SCALER|dividerSig_core:DVD|dividerSig_datapath:DDP|data_out_reg[60] ; clk          ; clk         ; 1.000        ; -0.077     ; 13.434     ;
; -12.512 ; ID00001011_aipScopeNoMPU:ID00001011|ID00001011_scopeNoMPU_core:SCOPENOMPU_CORE|ID00001011_scopeNoMPU_datapath:SCOPENOMPU_DP|ID00001012_scopeSignalMapper_core:MAPPERCORE|ID00001012_scopeSignalMapper_datapath:SCOPEMAPPER_DP|scopeScaler:SCALER|booth_core:B1|booth_datapath:BDP|data_out[31]                               ; ID00001011_aipScopeNoMPU:ID00001011|ID00001011_scopeNoMPU_core:SCOPENOMPU_CORE|ID00001011_scopeNoMPU_datapath:SCOPENOMPU_DP|ID00001012_scopeSignalMapper_core:MAPPERCORE|ID00001012_scopeSignalMapper_datapath:SCOPEMAPPER_DP|scopeScaler:SCALER|dividerSig_core:DVD|dividerSig_datapath:DDP|data_out_reg[61] ; clk          ; clk         ; 1.000        ; -0.077     ; 13.434     ;
; -12.511 ; ID00001011_aipScopeNoMPU:ID00001011|ID00001011_scopeNoMPU_core:SCOPENOMPU_CORE|ID00001011_scopeNoMPU_datapath:SCOPENOMPU_DP|ID00001012_scopeSignalMapper_core:MAPPERCORE|ID00001012_scopeSignalMapper_datapath:SCOPEMAPPER_DP|maxFound:MAXFD|data_out[0]                                                                     ; ID00001011_aipScopeNoMPU:ID00001011|ID00001011_scopeNoMPU_core:SCOPENOMPU_CORE|ID00001011_scopeNoMPU_datapath:SCOPENOMPU_DP|ID00001012_scopeSignalMapper_core:MAPPERCORE|ID00001012_scopeSignalMapper_datapath:SCOPEMAPPER_DP|scopeScaler:SCALER|dividerSig_core:DVD|dividerSig_datapath:DDP|data_out_reg[52] ; clk          ; clk         ; 1.000        ; -0.077     ; 13.433     ;
; -12.511 ; ID00001011_aipScopeNoMPU:ID00001011|ID00001011_scopeNoMPU_core:SCOPENOMPU_CORE|ID00001011_scopeNoMPU_datapath:SCOPENOMPU_DP|ID00001012_scopeSignalMapper_core:MAPPERCORE|ID00001012_scopeSignalMapper_datapath:SCOPEMAPPER_DP|maxFound:MAXFD|data_out[0]                                                                     ; ID00001011_aipScopeNoMPU:ID00001011|ID00001011_scopeNoMPU_core:SCOPENOMPU_CORE|ID00001011_scopeNoMPU_datapath:SCOPENOMPU_DP|ID00001012_scopeSignalMapper_core:MAPPERCORE|ID00001012_scopeSignalMapper_datapath:SCOPEMAPPER_DP|scopeScaler:SCALER|dividerSig_core:DVD|dividerSig_datapath:DDP|data_out_reg[53] ; clk          ; clk         ; 1.000        ; -0.077     ; 13.433     ;
; -12.511 ; ID00001011_aipScopeNoMPU:ID00001011|ID00001011_scopeNoMPU_core:SCOPENOMPU_CORE|ID00001011_scopeNoMPU_datapath:SCOPENOMPU_DP|ID00001012_scopeSignalMapper_core:MAPPERCORE|ID00001012_scopeSignalMapper_datapath:SCOPEMAPPER_DP|maxFound:MAXFD|data_out[0]                                                                     ; ID00001011_aipScopeNoMPU:ID00001011|ID00001011_scopeNoMPU_core:SCOPENOMPU_CORE|ID00001011_scopeNoMPU_datapath:SCOPENOMPU_DP|ID00001012_scopeSignalMapper_core:MAPPERCORE|ID00001012_scopeSignalMapper_datapath:SCOPEMAPPER_DP|scopeScaler:SCALER|dividerSig_core:DVD|dividerSig_datapath:DDP|data_out_reg[55] ; clk          ; clk         ; 1.000        ; -0.077     ; 13.433     ;
; -12.511 ; ID00001011_aipScopeNoMPU:ID00001011|ID00001011_scopeNoMPU_core:SCOPENOMPU_CORE|ID00001011_scopeNoMPU_datapath:SCOPENOMPU_DP|ID00001012_scopeSignalMapper_core:MAPPERCORE|ID00001012_scopeSignalMapper_datapath:SCOPEMAPPER_DP|maxFound:MAXFD|data_out[0]                                                                     ; ID00001011_aipScopeNoMPU:ID00001011|ID00001011_scopeNoMPU_core:SCOPENOMPU_CORE|ID00001011_scopeNoMPU_datapath:SCOPENOMPU_DP|ID00001012_scopeSignalMapper_core:MAPPERCORE|ID00001012_scopeSignalMapper_datapath:SCOPEMAPPER_DP|scopeScaler:SCALER|dividerSig_core:DVD|dividerSig_datapath:DDP|data_out_reg[57] ; clk          ; clk         ; 1.000        ; -0.077     ; 13.433     ;
; -12.511 ; ID00001011_aipScopeNoMPU:ID00001011|ID00001011_scopeNoMPU_core:SCOPENOMPU_CORE|ID00001011_scopeNoMPU_datapath:SCOPENOMPU_DP|ID00001012_scopeSignalMapper_core:MAPPERCORE|ID00001012_scopeSignalMapper_datapath:SCOPEMAPPER_DP|maxFound:MAXFD|data_out[0]                                                                     ; ID00001011_aipScopeNoMPU:ID00001011|ID00001011_scopeNoMPU_core:SCOPENOMPU_CORE|ID00001011_scopeNoMPU_datapath:SCOPENOMPU_DP|ID00001012_scopeSignalMapper_core:MAPPERCORE|ID00001012_scopeSignalMapper_datapath:SCOPEMAPPER_DP|scopeScaler:SCALER|dividerSig_core:DVD|dividerSig_datapath:DDP|data_out_reg[58] ; clk          ; clk         ; 1.000        ; -0.077     ; 13.433     ;
; -12.511 ; ID00001011_aipScopeNoMPU:ID00001011|ID00001011_scopeNoMPU_core:SCOPENOMPU_CORE|ID00001011_scopeNoMPU_datapath:SCOPENOMPU_DP|ID00001012_scopeSignalMapper_core:MAPPERCORE|ID00001012_scopeSignalMapper_datapath:SCOPEMAPPER_DP|maxFound:MAXFD|data_out[0]                                                                     ; ID00001011_aipScopeNoMPU:ID00001011|ID00001011_scopeNoMPU_core:SCOPENOMPU_CORE|ID00001011_scopeNoMPU_datapath:SCOPENOMPU_DP|ID00001012_scopeSignalMapper_core:MAPPERCORE|ID00001012_scopeSignalMapper_datapath:SCOPEMAPPER_DP|scopeScaler:SCALER|dividerSig_core:DVD|dividerSig_datapath:DDP|data_out_reg[59] ; clk          ; clk         ; 1.000        ; -0.077     ; 13.433     ;
; -12.511 ; ID00001011_aipScopeNoMPU:ID00001011|ID00001011_scopeNoMPU_core:SCOPENOMPU_CORE|ID00001011_scopeNoMPU_datapath:SCOPENOMPU_DP|ID00001012_scopeSignalMapper_core:MAPPERCORE|ID00001012_scopeSignalMapper_datapath:SCOPEMAPPER_DP|maxFound:MAXFD|data_out[0]                                                                     ; ID00001011_aipScopeNoMPU:ID00001011|ID00001011_scopeNoMPU_core:SCOPENOMPU_CORE|ID00001011_scopeNoMPU_datapath:SCOPENOMPU_DP|ID00001012_scopeSignalMapper_core:MAPPERCORE|ID00001012_scopeSignalMapper_datapath:SCOPEMAPPER_DP|scopeScaler:SCALER|dividerSig_core:DVD|dividerSig_datapath:DDP|data_out_reg[60] ; clk          ; clk         ; 1.000        ; -0.077     ; 13.433     ;
; -12.511 ; ID00001011_aipScopeNoMPU:ID00001011|ID00001011_scopeNoMPU_core:SCOPENOMPU_CORE|ID00001011_scopeNoMPU_datapath:SCOPENOMPU_DP|ID00001012_scopeSignalMapper_core:MAPPERCORE|ID00001012_scopeSignalMapper_datapath:SCOPEMAPPER_DP|maxFound:MAXFD|data_out[0]                                                                     ; ID00001011_aipScopeNoMPU:ID00001011|ID00001011_scopeNoMPU_core:SCOPENOMPU_CORE|ID00001011_scopeNoMPU_datapath:SCOPENOMPU_DP|ID00001012_scopeSignalMapper_core:MAPPERCORE|ID00001012_scopeSignalMapper_datapath:SCOPEMAPPER_DP|scopeScaler:SCALER|dividerSig_core:DVD|dividerSig_datapath:DDP|data_out_reg[61] ; clk          ; clk         ; 1.000        ; -0.077     ; 13.433     ;
; -12.503 ; ID00001011_aipScopeNoMPU:ID00001011|ID00001011_scopeNoMPU_core:SCOPENOMPU_CORE|ID00001011_scopeNoMPU_datapath:SCOPENOMPU_DP|altsyncram:dataColl_rtl_0|altsyncram_vvg1:auto_generated|ram_block1a0~portb_address_reg0                                                                                                         ; ID00001011_aipScopeNoMPU:ID00001011|ID00001011_scopeNoMPU_core:SCOPENOMPU_CORE|ID00001011_scopeNoMPU_datapath:SCOPENOMPU_DP|ID0000100C_modCuad_core:MODCUAD_CORE|ID0000100C_modCuad_datapath:modCuad_DP|ID0000100C_modCuad_power2:PW2_REAL|booth_core:DUT|booth_datapath:BDP|data_out[29]                     ; clk          ; clk         ; 1.000        ; 0.016      ; 13.518     ;
; -12.456 ; ID00001011_aipScopeNoMPU:ID00001011|ID00001011_scopeNoMPU_core:SCOPENOMPU_CORE|ID00001011_scopeNoMPU_datapath:SCOPENOMPU_DP|ID00001012_scopeSignalMapper_core:MAPPERCORE|ID00001012_scopeSignalMapper_datapath:SCOPEMAPPER_DP|scopeScaler:SCALER|booth_core:B1|booth_datapath:BDP|data_out[31]                               ; ID00001011_aipScopeNoMPU:ID00001011|ID00001011_scopeNoMPU_core:SCOPENOMPU_CORE|ID00001011_scopeNoMPU_datapath:SCOPENOMPU_DP|ID00001012_scopeSignalMapper_core:MAPPERCORE|ID00001012_scopeSignalMapper_datapath:SCOPEMAPPER_DP|scopeScaler:SCALER|dividerSig_core:DVD|dividerSig_datapath:DDP|data_out_reg[48] ; clk          ; clk         ; 1.000        ; -0.127     ; 13.328     ;
; -12.456 ; ID00001011_aipScopeNoMPU:ID00001011|ID00001011_scopeNoMPU_core:SCOPENOMPU_CORE|ID00001011_scopeNoMPU_datapath:SCOPENOMPU_DP|ID00001012_scopeSignalMapper_core:MAPPERCORE|ID00001012_scopeSignalMapper_datapath:SCOPEMAPPER_DP|scopeScaler:SCALER|booth_core:B1|booth_datapath:BDP|data_out[31]                               ; ID00001011_aipScopeNoMPU:ID00001011|ID00001011_scopeNoMPU_core:SCOPENOMPU_CORE|ID00001011_scopeNoMPU_datapath:SCOPENOMPU_DP|ID00001012_scopeSignalMapper_core:MAPPERCORE|ID00001012_scopeSignalMapper_datapath:SCOPEMAPPER_DP|scopeScaler:SCALER|dividerSig_core:DVD|dividerSig_datapath:DDP|data_out_reg[46] ; clk          ; clk         ; 1.000        ; -0.127     ; 13.328     ;
; -12.456 ; ID00001011_aipScopeNoMPU:ID00001011|ID00001011_scopeNoMPU_core:SCOPENOMPU_CORE|ID00001011_scopeNoMPU_datapath:SCOPENOMPU_DP|ID00001012_scopeSignalMapper_core:MAPPERCORE|ID00001012_scopeSignalMapper_datapath:SCOPEMAPPER_DP|scopeScaler:SCALER|booth_core:B1|booth_datapath:BDP|data_out[31]                               ; ID00001011_aipScopeNoMPU:ID00001011|ID00001011_scopeNoMPU_core:SCOPENOMPU_CORE|ID00001011_scopeNoMPU_datapath:SCOPENOMPU_DP|ID00001012_scopeSignalMapper_core:MAPPERCORE|ID00001012_scopeSignalMapper_datapath:SCOPEMAPPER_DP|scopeScaler:SCALER|dividerSig_core:DVD|dividerSig_datapath:DDP|data_out_reg[44] ; clk          ; clk         ; 1.000        ; -0.127     ; 13.328     ;
; -12.455 ; ID00001011_aipScopeNoMPU:ID00001011|ID00001011_scopeNoMPU_core:SCOPENOMPU_CORE|ID00001011_scopeNoMPU_datapath:SCOPENOMPU_DP|ID00001012_scopeSignalMapper_core:MAPPERCORE|ID00001012_scopeSignalMapper_datapath:SCOPEMAPPER_DP|maxFound:MAXFD|data_out[0]                                                                     ; ID00001011_aipScopeNoMPU:ID00001011|ID00001011_scopeNoMPU_core:SCOPENOMPU_CORE|ID00001011_scopeNoMPU_datapath:SCOPENOMPU_DP|ID00001012_scopeSignalMapper_core:MAPPERCORE|ID00001012_scopeSignalMapper_datapath:SCOPEMAPPER_DP|scopeScaler:SCALER|dividerSig_core:DVD|dividerSig_datapath:DDP|data_out_reg[48] ; clk          ; clk         ; 1.000        ; -0.127     ; 13.327     ;
; -12.455 ; ID00001011_aipScopeNoMPU:ID00001011|ID00001011_scopeNoMPU_core:SCOPENOMPU_CORE|ID00001011_scopeNoMPU_datapath:SCOPENOMPU_DP|ID00001012_scopeSignalMapper_core:MAPPERCORE|ID00001012_scopeSignalMapper_datapath:SCOPEMAPPER_DP|maxFound:MAXFD|data_out[0]                                                                     ; ID00001011_aipScopeNoMPU:ID00001011|ID00001011_scopeNoMPU_core:SCOPENOMPU_CORE|ID00001011_scopeNoMPU_datapath:SCOPENOMPU_DP|ID00001012_scopeSignalMapper_core:MAPPERCORE|ID00001012_scopeSignalMapper_datapath:SCOPEMAPPER_DP|scopeScaler:SCALER|dividerSig_core:DVD|dividerSig_datapath:DDP|data_out_reg[46] ; clk          ; clk         ; 1.000        ; -0.127     ; 13.327     ;
; -12.455 ; ID00001011_aipScopeNoMPU:ID00001011|ID00001011_scopeNoMPU_core:SCOPENOMPU_CORE|ID00001011_scopeNoMPU_datapath:SCOPENOMPU_DP|ID00001012_scopeSignalMapper_core:MAPPERCORE|ID00001012_scopeSignalMapper_datapath:SCOPEMAPPER_DP|maxFound:MAXFD|data_out[0]                                                                     ; ID00001011_aipScopeNoMPU:ID00001011|ID00001011_scopeNoMPU_core:SCOPENOMPU_CORE|ID00001011_scopeNoMPU_datapath:SCOPENOMPU_DP|ID00001012_scopeSignalMapper_core:MAPPERCORE|ID00001012_scopeSignalMapper_datapath:SCOPEMAPPER_DP|scopeScaler:SCALER|dividerSig_core:DVD|dividerSig_datapath:DDP|data_out_reg[44] ; clk          ; clk         ; 1.000        ; -0.127     ; 13.327     ;
; -12.453 ; ID00001011_aipScopeNoMPU:ID00001011|ID00001011_scopeNoMPU_core:SCOPENOMPU_CORE|ID00001011_scopeNoMPU_datapath:SCOPENOMPU_DP|altsyncram:dataFFTSaved_rtl_0|altsyncram_vvg1:auto_generated|ram_block1a0~portb_address_reg0                                                                                                     ; ID00001011_aipScopeNoMPU:ID00001011|ID00001011_scopeNoMPU_core:SCOPENOMPU_CORE|ID00001011_scopeNoMPU_datapath:SCOPENOMPU_DP|ID0000100C_modCuad_core:MODCUAD_CORE|ID0000100C_modCuad_datapath:modCuad_DP|ID0000100C_modCuad_power2:PW2_REAL|booth_core:DUT|booth_datapath:BDP|data_out[29]                     ; clk          ; clk         ; 1.000        ; 0.012      ; 13.464     ;
; -12.389 ; ID00001011_aipScopeNoMPU:ID00001011|ID00001011_scopeNoMPU_core:SCOPENOMPU_CORE|ID00001011_scopeNoMPU_datapath:SCOPENOMPU_DP|altsyncram:dataColl_rtl_0|altsyncram_vvg1:auto_generated|ram_block1a0~portb_address_reg0                                                                                                         ; ID00001011_aipScopeNoMPU:ID00001011|ID00001011_scopeNoMPU_core:SCOPENOMPU_CORE|ID00001011_scopeNoMPU_datapath:SCOPENOMPU_DP|ID0000100C_modCuad_core:MODCUAD_CORE|ID0000100C_modCuad_datapath:modCuad_DP|ID0000100C_modCuad_power2:PW2_REAL|booth_core:DUT|booth_datapath:BDP|data_out[27]                     ; clk          ; clk         ; 1.000        ; 0.016      ; 13.404     ;
; -12.368 ; ID00001011_aipScopeNoMPU:ID00001011|ID00001011_scopeNoMPU_core:SCOPENOMPU_CORE|ID00001011_scopeNoMPU_datapath:SCOPENOMPU_DP|altsyncram:dataColl_rtl_0|altsyncram_vvg1:auto_generated|ram_block1a0~portb_address_reg0                                                                                                         ; ID00001011_aipScopeNoMPU:ID00001011|ID00001011_scopeNoMPU_core:SCOPENOMPU_CORE|ID00001011_scopeNoMPU_datapath:SCOPENOMPU_DP|ID0000100C_modCuad_core:MODCUAD_CORE|ID0000100C_modCuad_datapath:modCuad_DP|ID0000100C_modCuad_power2:PW2_REAL|booth_core:DUT|booth_datapath:BDP|data_out[28]                     ; clk          ; clk         ; 1.000        ; 0.016      ; 13.383     ;
; -12.366 ; ID00001011_aipScopeNoMPU:ID00001011|ID00001011_scopeNoMPU_core:SCOPENOMPU_CORE|ID00001011_scopeNoMPU_datapath:SCOPENOMPU_DP|true_dual_port_ram_single_clock:RAM1|altsyncram:ram_rtl_0|altsyncram_k6r1:auto_generated|ram_block1a1~portb_we_reg                                                                               ; ID00001011_aipScopeNoMPU:ID00001011|ID00001011_scopeNoMPU_core:SCOPENOMPU_CORE|ID00001011_scopeNoMPU_datapath:SCOPENOMPU_DP|true_dual_port_ram_single_clock:RAM1|altsyncram:ram_rtl_0|altsyncram_k6r1:auto_generated|ram_block1a0~portb_datain_reg0                                                           ; clk          ; clk         ; 1.000        ; -0.058     ; 13.338     ;
; -12.351 ; ID00001011_aipScopeNoMPU:ID00001011|ID00001011_scopeNoMPU_core:SCOPENOMPU_CORE|ID00001011_scopeNoMPU_datapath:SCOPENOMPU_DP|true_dual_port_ram_single_clock:RAM1|altsyncram:ram_rtl_0|altsyncram_k6r1:auto_generated|ram_block1a0~portb_we_reg                                                                               ; ID00001011_aipScopeNoMPU:ID00001011|ID00001011_scopeNoMPU_core:SCOPENOMPU_CORE|ID00001011_scopeNoMPU_datapath:SCOPENOMPU_DP|true_dual_port_ram_single_clock:RAM1|altsyncram:ram_rtl_0|altsyncram_k6r1:auto_generated|ram_block1a0~portb_datain_reg0                                                           ; clk          ; clk         ; 1.000        ; -0.034     ; 13.347     ;
; -12.350 ; ID00001011_aipScopeNoMPU:ID00001011|ID00001011_scopeNoMPU_core:SCOPENOMPU_CORE|ID00001011_scopeNoMPU_datapath:SCOPENOMPU_DP|altsyncram:dataColl_rtl_0|altsyncram_vvg1:auto_generated|ram_block1a0~portb_address_reg0                                                                                                         ; ID00001011_aipScopeNoMPU:ID00001011|ID00001011_scopeNoMPU_core:SCOPENOMPU_CORE|ID00001011_scopeNoMPU_datapath:SCOPENOMPU_DP|ID0000100C_modCuad_core:MODCUAD_CORE|ID0000100C_modCuad_datapath:modCuad_DP|ID0000100C_modCuad_power2:PW2_REAL|booth_core:DUT|booth_datapath:BDP|data_out[26]                     ; clk          ; clk         ; 1.000        ; 0.016      ; 13.365     ;
; -12.339 ; ID00001011_aipScopeNoMPU:ID00001011|ID00001011_scopeNoMPU_core:SCOPENOMPU_CORE|ID00001011_scopeNoMPU_datapath:SCOPENOMPU_DP|altsyncram:dataFFTSaved_rtl_0|altsyncram_vvg1:auto_generated|ram_block1a0~portb_address_reg0                                                                                                     ; ID00001011_aipScopeNoMPU:ID00001011|ID00001011_scopeNoMPU_core:SCOPENOMPU_CORE|ID00001011_scopeNoMPU_datapath:SCOPENOMPU_DP|ID0000100C_modCuad_core:MODCUAD_CORE|ID0000100C_modCuad_datapath:modCuad_DP|ID0000100C_modCuad_power2:PW2_REAL|booth_core:DUT|booth_datapath:BDP|data_out[27]                     ; clk          ; clk         ; 1.000        ; 0.012      ; 13.350     ;
; -12.318 ; ID00001011_aipScopeNoMPU:ID00001011|ID00001011_scopeNoMPU_core:SCOPENOMPU_CORE|ID00001011_scopeNoMPU_datapath:SCOPENOMPU_DP|altsyncram:dataFFTSaved_rtl_0|altsyncram_vvg1:auto_generated|ram_block1a0~portb_address_reg0                                                                                                     ; ID00001011_aipScopeNoMPU:ID00001011|ID00001011_scopeNoMPU_core:SCOPENOMPU_CORE|ID00001011_scopeNoMPU_datapath:SCOPENOMPU_DP|ID0000100C_modCuad_core:MODCUAD_CORE|ID0000100C_modCuad_datapath:modCuad_DP|ID0000100C_modCuad_power2:PW2_REAL|booth_core:DUT|booth_datapath:BDP|data_out[28]                     ; clk          ; clk         ; 1.000        ; 0.012      ; 13.329     ;
; -12.300 ; ID00001011_aipScopeNoMPU:ID00001011|ID00001011_scopeNoMPU_core:SCOPENOMPU_CORE|ID00001011_scopeNoMPU_datapath:SCOPENOMPU_DP|altsyncram:dataFFTSaved_rtl_0|altsyncram_vvg1:auto_generated|ram_block1a0~portb_address_reg0                                                                                                     ; ID00001011_aipScopeNoMPU:ID00001011|ID00001011_scopeNoMPU_core:SCOPENOMPU_CORE|ID00001011_scopeNoMPU_datapath:SCOPENOMPU_DP|ID0000100C_modCuad_core:MODCUAD_CORE|ID0000100C_modCuad_datapath:modCuad_DP|ID0000100C_modCuad_power2:PW2_REAL|booth_core:DUT|booth_datapath:BDP|data_out[26]                     ; clk          ; clk         ; 1.000        ; 0.012      ; 13.311     ;
; -12.290 ; ID00001011_aipScopeNoMPU:ID00001011|ID00001011_scopeNoMPU_core:SCOPENOMPU_CORE|ID00001011_scopeNoMPU_datapath:SCOPENOMPU_DP|ID00001012_scopeSignalMapper_core:MAPPERCORE|ID00001012_scopeSignalMapper_datapath:SCOPEMAPPER_DP|scopeScaler:SCALER|booth_core:B1|booth_datapath:BDP|data_out[31]                               ; ID00001011_aipScopeNoMPU:ID00001011|ID00001011_scopeNoMPU_core:SCOPENOMPU_CORE|ID00001011_scopeNoMPU_datapath:SCOPENOMPU_DP|ID00001012_scopeSignalMapper_core:MAPPERCORE|ID00001012_scopeSignalMapper_datapath:SCOPEMAPPER_DP|scopeScaler:SCALER|dividerSig_core:DVD|dividerSig_datapath:DDP|data_out_reg[47] ; clk          ; clk         ; 1.000        ; -0.133     ; 13.156     ;
; -12.290 ; ID00001011_aipScopeNoMPU:ID00001011|ID00001011_scopeNoMPU_core:SCOPENOMPU_CORE|ID00001011_scopeNoMPU_datapath:SCOPENOMPU_DP|ID00001012_scopeSignalMapper_core:MAPPERCORE|ID00001012_scopeSignalMapper_datapath:SCOPEMAPPER_DP|scopeScaler:SCALER|booth_core:B1|booth_datapath:BDP|data_out[31]                               ; ID00001011_aipScopeNoMPU:ID00001011|ID00001011_scopeNoMPU_core:SCOPENOMPU_CORE|ID00001011_scopeNoMPU_datapath:SCOPENOMPU_DP|ID00001012_scopeSignalMapper_core:MAPPERCORE|ID00001012_scopeSignalMapper_datapath:SCOPEMAPPER_DP|scopeScaler:SCALER|dividerSig_core:DVD|dividerSig_datapath:DDP|data_out_reg[41] ; clk          ; clk         ; 1.000        ; -0.133     ; 13.156     ;
; -12.290 ; ID00001011_aipScopeNoMPU:ID00001011|ID00001011_scopeNoMPU_core:SCOPENOMPU_CORE|ID00001011_scopeNoMPU_datapath:SCOPENOMPU_DP|ID00001012_scopeSignalMapper_core:MAPPERCORE|ID00001012_scopeSignalMapper_datapath:SCOPEMAPPER_DP|scopeScaler:SCALER|booth_core:B1|booth_datapath:BDP|data_out[31]                               ; ID00001011_aipScopeNoMPU:ID00001011|ID00001011_scopeNoMPU_core:SCOPENOMPU_CORE|ID00001011_scopeNoMPU_datapath:SCOPENOMPU_DP|ID00001012_scopeSignalMapper_core:MAPPERCORE|ID00001012_scopeSignalMapper_datapath:SCOPEMAPPER_DP|scopeScaler:SCALER|dividerSig_core:DVD|dividerSig_datapath:DDP|data_out_reg[39] ; clk          ; clk         ; 1.000        ; -0.133     ; 13.156     ;
; -12.290 ; ID00001011_aipScopeNoMPU:ID00001011|ID00001011_scopeNoMPU_core:SCOPENOMPU_CORE|ID00001011_scopeNoMPU_datapath:SCOPENOMPU_DP|ID00001012_scopeSignalMapper_core:MAPPERCORE|ID00001012_scopeSignalMapper_datapath:SCOPEMAPPER_DP|scopeScaler:SCALER|booth_core:B1|booth_datapath:BDP|data_out[31]                               ; ID00001011_aipScopeNoMPU:ID00001011|ID00001011_scopeNoMPU_core:SCOPENOMPU_CORE|ID00001011_scopeNoMPU_datapath:SCOPENOMPU_DP|ID00001012_scopeSignalMapper_core:MAPPERCORE|ID00001012_scopeSignalMapper_datapath:SCOPEMAPPER_DP|scopeScaler:SCALER|dividerSig_core:DVD|dividerSig_datapath:DDP|data_out_reg[35] ; clk          ; clk         ; 1.000        ; -0.133     ; 13.156     ;
; -12.290 ; ID00001011_aipScopeNoMPU:ID00001011|ID00001011_scopeNoMPU_core:SCOPENOMPU_CORE|ID00001011_scopeNoMPU_datapath:SCOPENOMPU_DP|ID00001012_scopeSignalMapper_core:MAPPERCORE|ID00001012_scopeSignalMapper_datapath:SCOPEMAPPER_DP|scopeScaler:SCALER|booth_core:B1|booth_datapath:BDP|data_out[31]                               ; ID00001011_aipScopeNoMPU:ID00001011|ID00001011_scopeNoMPU_core:SCOPENOMPU_CORE|ID00001011_scopeNoMPU_datapath:SCOPENOMPU_DP|ID00001012_scopeSignalMapper_core:MAPPERCORE|ID00001012_scopeSignalMapper_datapath:SCOPEMAPPER_DP|scopeScaler:SCALER|dividerSig_core:DVD|dividerSig_datapath:DDP|data_out_reg[33] ; clk          ; clk         ; 1.000        ; -0.133     ; 13.156     ;
; -12.290 ; ID00001011_aipScopeNoMPU:ID00001011|ID00001011_scopeNoMPU_core:SCOPENOMPU_CORE|ID00001011_scopeNoMPU_datapath:SCOPENOMPU_DP|ID00001012_scopeSignalMapper_core:MAPPERCORE|ID00001012_scopeSignalMapper_datapath:SCOPEMAPPER_DP|scopeScaler:SCALER|booth_core:B1|booth_datapath:BDP|data_out[31]                               ; ID00001011_aipScopeNoMPU:ID00001011|ID00001011_scopeNoMPU_core:SCOPENOMPU_CORE|ID00001011_scopeNoMPU_datapath:SCOPENOMPU_DP|ID00001012_scopeSignalMapper_core:MAPPERCORE|ID00001012_scopeSignalMapper_datapath:SCOPEMAPPER_DP|scopeScaler:SCALER|dividerSig_core:DVD|dividerSig_datapath:DDP|data_out_reg[34] ; clk          ; clk         ; 1.000        ; -0.133     ; 13.156     ;
; -12.290 ; ID00001011_aipScopeNoMPU:ID00001011|ID00001011_scopeNoMPU_core:SCOPENOMPU_CORE|ID00001011_scopeNoMPU_datapath:SCOPENOMPU_DP|ID00001012_scopeSignalMapper_core:MAPPERCORE|ID00001012_scopeSignalMapper_datapath:SCOPEMAPPER_DP|scopeScaler:SCALER|booth_core:B1|booth_datapath:BDP|data_out[31]                               ; ID00001011_aipScopeNoMPU:ID00001011|ID00001011_scopeNoMPU_core:SCOPENOMPU_CORE|ID00001011_scopeNoMPU_datapath:SCOPENOMPU_DP|ID00001012_scopeSignalMapper_core:MAPPERCORE|ID00001012_scopeSignalMapper_datapath:SCOPEMAPPER_DP|scopeScaler:SCALER|dividerSig_core:DVD|dividerSig_datapath:DDP|data_out_reg[32] ; clk          ; clk         ; 1.000        ; -0.133     ; 13.156     ;
; -12.289 ; ID00001011_aipScopeNoMPU:ID00001011|ID00001011_scopeNoMPU_core:SCOPENOMPU_CORE|ID00001011_scopeNoMPU_datapath:SCOPENOMPU_DP|ID00001012_scopeSignalMapper_core:MAPPERCORE|ID00001012_scopeSignalMapper_datapath:SCOPEMAPPER_DP|maxFound:MAXFD|data_out[0]                                                                     ; ID00001011_aipScopeNoMPU:ID00001011|ID00001011_scopeNoMPU_core:SCOPENOMPU_CORE|ID00001011_scopeNoMPU_datapath:SCOPENOMPU_DP|ID00001012_scopeSignalMapper_core:MAPPERCORE|ID00001012_scopeSignalMapper_datapath:SCOPEMAPPER_DP|scopeScaler:SCALER|dividerSig_core:DVD|dividerSig_datapath:DDP|data_out_reg[47] ; clk          ; clk         ; 1.000        ; -0.133     ; 13.155     ;
; -12.289 ; ID00001011_aipScopeNoMPU:ID00001011|ID00001011_scopeNoMPU_core:SCOPENOMPU_CORE|ID00001011_scopeNoMPU_datapath:SCOPENOMPU_DP|ID00001012_scopeSignalMapper_core:MAPPERCORE|ID00001012_scopeSignalMapper_datapath:SCOPEMAPPER_DP|maxFound:MAXFD|data_out[0]                                                                     ; ID00001011_aipScopeNoMPU:ID00001011|ID00001011_scopeNoMPU_core:SCOPENOMPU_CORE|ID00001011_scopeNoMPU_datapath:SCOPENOMPU_DP|ID00001012_scopeSignalMapper_core:MAPPERCORE|ID00001012_scopeSignalMapper_datapath:SCOPEMAPPER_DP|scopeScaler:SCALER|dividerSig_core:DVD|dividerSig_datapath:DDP|data_out_reg[41] ; clk          ; clk         ; 1.000        ; -0.133     ; 13.155     ;
; -12.289 ; ID00001011_aipScopeNoMPU:ID00001011|ID00001011_scopeNoMPU_core:SCOPENOMPU_CORE|ID00001011_scopeNoMPU_datapath:SCOPENOMPU_DP|ID00001012_scopeSignalMapper_core:MAPPERCORE|ID00001012_scopeSignalMapper_datapath:SCOPEMAPPER_DP|maxFound:MAXFD|data_out[0]                                                                     ; ID00001011_aipScopeNoMPU:ID00001011|ID00001011_scopeNoMPU_core:SCOPENOMPU_CORE|ID00001011_scopeNoMPU_datapath:SCOPENOMPU_DP|ID00001012_scopeSignalMapper_core:MAPPERCORE|ID00001012_scopeSignalMapper_datapath:SCOPEMAPPER_DP|scopeScaler:SCALER|dividerSig_core:DVD|dividerSig_datapath:DDP|data_out_reg[39] ; clk          ; clk         ; 1.000        ; -0.133     ; 13.155     ;
; -12.289 ; ID00001011_aipScopeNoMPU:ID00001011|ID00001011_scopeNoMPU_core:SCOPENOMPU_CORE|ID00001011_scopeNoMPU_datapath:SCOPENOMPU_DP|ID00001012_scopeSignalMapper_core:MAPPERCORE|ID00001012_scopeSignalMapper_datapath:SCOPEMAPPER_DP|maxFound:MAXFD|data_out[0]                                                                     ; ID00001011_aipScopeNoMPU:ID00001011|ID00001011_scopeNoMPU_core:SCOPENOMPU_CORE|ID00001011_scopeNoMPU_datapath:SCOPENOMPU_DP|ID00001012_scopeSignalMapper_core:MAPPERCORE|ID00001012_scopeSignalMapper_datapath:SCOPEMAPPER_DP|scopeScaler:SCALER|dividerSig_core:DVD|dividerSig_datapath:DDP|data_out_reg[35] ; clk          ; clk         ; 1.000        ; -0.133     ; 13.155     ;
; -12.289 ; ID00001011_aipScopeNoMPU:ID00001011|ID00001011_scopeNoMPU_core:SCOPENOMPU_CORE|ID00001011_scopeNoMPU_datapath:SCOPENOMPU_DP|ID00001012_scopeSignalMapper_core:MAPPERCORE|ID00001012_scopeSignalMapper_datapath:SCOPEMAPPER_DP|maxFound:MAXFD|data_out[0]                                                                     ; ID00001011_aipScopeNoMPU:ID00001011|ID00001011_scopeNoMPU_core:SCOPENOMPU_CORE|ID00001011_scopeNoMPU_datapath:SCOPENOMPU_DP|ID00001012_scopeSignalMapper_core:MAPPERCORE|ID00001012_scopeSignalMapper_datapath:SCOPEMAPPER_DP|scopeScaler:SCALER|dividerSig_core:DVD|dividerSig_datapath:DDP|data_out_reg[33] ; clk          ; clk         ; 1.000        ; -0.133     ; 13.155     ;
; -12.289 ; ID00001011_aipScopeNoMPU:ID00001011|ID00001011_scopeNoMPU_core:SCOPENOMPU_CORE|ID00001011_scopeNoMPU_datapath:SCOPENOMPU_DP|ID00001012_scopeSignalMapper_core:MAPPERCORE|ID00001012_scopeSignalMapper_datapath:SCOPEMAPPER_DP|maxFound:MAXFD|data_out[0]                                                                     ; ID00001011_aipScopeNoMPU:ID00001011|ID00001011_scopeNoMPU_core:SCOPENOMPU_CORE|ID00001011_scopeNoMPU_datapath:SCOPENOMPU_DP|ID00001012_scopeSignalMapper_core:MAPPERCORE|ID00001012_scopeSignalMapper_datapath:SCOPEMAPPER_DP|scopeScaler:SCALER|dividerSig_core:DVD|dividerSig_datapath:DDP|data_out_reg[34] ; clk          ; clk         ; 1.000        ; -0.133     ; 13.155     ;
; -12.289 ; ID00001011_aipScopeNoMPU:ID00001011|ID00001011_scopeNoMPU_core:SCOPENOMPU_CORE|ID00001011_scopeNoMPU_datapath:SCOPENOMPU_DP|ID00001012_scopeSignalMapper_core:MAPPERCORE|ID00001012_scopeSignalMapper_datapath:SCOPEMAPPER_DP|maxFound:MAXFD|data_out[0]                                                                     ; ID00001011_aipScopeNoMPU:ID00001011|ID00001011_scopeNoMPU_core:SCOPENOMPU_CORE|ID00001011_scopeNoMPU_datapath:SCOPENOMPU_DP|ID00001012_scopeSignalMapper_core:MAPPERCORE|ID00001012_scopeSignalMapper_datapath:SCOPEMAPPER_DP|scopeScaler:SCALER|dividerSig_core:DVD|dividerSig_datapath:DDP|data_out_reg[32] ; clk          ; clk         ; 1.000        ; -0.133     ; 13.155     ;
; -12.274 ; ID00001011_aipScopeNoMPU:ID00001011|ID00001011_scopeNoMPU_core:SCOPENOMPU_CORE|ID00001011_scopeNoMPU_datapath:SCOPENOMPU_DP|altsyncram:dataColl_rtl_0|altsyncram_vvg1:auto_generated|ram_block1a0~portb_address_reg0                                                                                                         ; ID00001011_aipScopeNoMPU:ID00001011|ID00001011_scopeNoMPU_core:SCOPENOMPU_CORE|ID00001011_scopeNoMPU_datapath:SCOPENOMPU_DP|ID0000100C_modCuad_core:MODCUAD_CORE|ID0000100C_modCuad_datapath:modCuad_DP|ID0000100C_modCuad_power2:PW2_REAL|booth_core:DUT|booth_datapath:BDP|data_out[24]                     ; clk          ; clk         ; 1.000        ; 0.016      ; 13.289     ;
; -12.272 ; ID00001011_aipScopeNoMPU:ID00001011|ID00001011_scopeNoMPU_core:SCOPENOMPU_CORE|ID00001011_scopeNoMPU_datapath:SCOPENOMPU_DP|ID00001012_scopeSignalMapper_core:MAPPERCORE|ID00001012_scopeSignalMapper_datapath:SCOPEMAPPER_DP|scopeScaler:SCALER|booth_core:B1|booth_datapath:BDP|data_out[31]                               ; ID00001011_aipScopeNoMPU:ID00001011|ID00001011_scopeNoMPU_core:SCOPENOMPU_CORE|ID00001011_scopeNoMPU_datapath:SCOPENOMPU_DP|ID00001012_scopeSignalMapper_core:MAPPERCORE|ID00001012_scopeSignalMapper_datapath:SCOPEMAPPER_DP|scopeScaler:SCALER|dividerSig_core:DVD|dividerSig_datapath:DDP|data_out_reg[49] ; clk          ; clk         ; 1.000        ; -0.131     ; 13.140     ;
; -12.271 ; ID00001011_aipScopeNoMPU:ID00001011|ID00001011_scopeNoMPU_core:SCOPENOMPU_CORE|ID00001011_scopeNoMPU_datapath:SCOPENOMPU_DP|ID00001012_scopeSignalMapper_core:MAPPERCORE|ID00001012_scopeSignalMapper_datapath:SCOPEMAPPER_DP|maxFound:MAXFD|data_out[0]                                                                     ; ID00001011_aipScopeNoMPU:ID00001011|ID00001011_scopeNoMPU_core:SCOPENOMPU_CORE|ID00001011_scopeNoMPU_datapath:SCOPENOMPU_DP|ID00001012_scopeSignalMapper_core:MAPPERCORE|ID00001012_scopeSignalMapper_datapath:SCOPEMAPPER_DP|scopeScaler:SCALER|dividerSig_core:DVD|dividerSig_datapath:DDP|data_out_reg[49] ; clk          ; clk         ; 1.000        ; -0.131     ; 13.139     ;
; -12.224 ; ID00001011_aipScopeNoMPU:ID00001011|ID00001011_scopeNoMPU_core:SCOPENOMPU_CORE|ID00001011_scopeNoMPU_datapath:SCOPENOMPU_DP|altsyncram:dataFFTSaved_rtl_0|altsyncram_vvg1:auto_generated|ram_block1a0~portb_address_reg0                                                                                                     ; ID00001011_aipScopeNoMPU:ID00001011|ID00001011_scopeNoMPU_core:SCOPENOMPU_CORE|ID00001011_scopeNoMPU_datapath:SCOPENOMPU_DP|ID0000100C_modCuad_core:MODCUAD_CORE|ID0000100C_modCuad_datapath:modCuad_DP|ID0000100C_modCuad_power2:PW2_REAL|booth_core:DUT|booth_datapath:BDP|data_out[24]                     ; clk          ; clk         ; 1.000        ; 0.012      ; 13.235     ;
; -12.199 ; ID00001011_aipScopeNoMPU:ID00001011|ID00001011_scopeNoMPU_core:SCOPENOMPU_CORE|ID00001011_scopeNoMPU_datapath:SCOPENOMPU_DP|ID00001012_scopeSignalMapper_core:MAPPERCORE|ID00001012_scopeSignalMapper_datapath:SCOPEMAPPER_DP|scopeScaler:SCALER|booth_core:B1|booth_datapath:BDP|data_out[31]                               ; ID00001011_aipScopeNoMPU:ID00001011|ID00001011_scopeNoMPU_core:SCOPENOMPU_CORE|ID00001011_scopeNoMPU_datapath:SCOPENOMPU_DP|ID00001012_scopeSignalMapper_core:MAPPERCORE|ID00001012_scopeSignalMapper_datapath:SCOPEMAPPER_DP|scopeScaler:SCALER|dividerSig_core:DVD|dividerSig_datapath:DDP|data_out_reg[43] ; clk          ; clk         ; 1.000        ; 0.266      ; 13.464     ;
; -12.199 ; ID00001011_aipScopeNoMPU:ID00001011|ID00001011_scopeNoMPU_core:SCOPENOMPU_CORE|ID00001011_scopeNoMPU_datapath:SCOPENOMPU_DP|ID00001012_scopeSignalMapper_core:MAPPERCORE|ID00001012_scopeSignalMapper_datapath:SCOPEMAPPER_DP|scopeScaler:SCALER|booth_core:B1|booth_datapath:BDP|data_out[31]                               ; ID00001011_aipScopeNoMPU:ID00001011|ID00001011_scopeNoMPU_core:SCOPENOMPU_CORE|ID00001011_scopeNoMPU_datapath:SCOPENOMPU_DP|ID00001012_scopeSignalMapper_core:MAPPERCORE|ID00001012_scopeSignalMapper_datapath:SCOPEMAPPER_DP|scopeScaler:SCALER|dividerSig_core:DVD|dividerSig_datapath:DDP|data_out_reg[36] ; clk          ; clk         ; 1.000        ; 0.266      ; 13.464     ;
; -12.198 ; ID00001011_aipScopeNoMPU:ID00001011|ID00001011_scopeNoMPU_core:SCOPENOMPU_CORE|ID00001011_scopeNoMPU_datapath:SCOPENOMPU_DP|ID00001012_scopeSignalMapper_core:MAPPERCORE|ID00001012_scopeSignalMapper_datapath:SCOPEMAPPER_DP|maxFound:MAXFD|data_out[0]                                                                     ; ID00001011_aipScopeNoMPU:ID00001011|ID00001011_scopeNoMPU_core:SCOPENOMPU_CORE|ID00001011_scopeNoMPU_datapath:SCOPENOMPU_DP|ID00001012_scopeSignalMapper_core:MAPPERCORE|ID00001012_scopeSignalMapper_datapath:SCOPEMAPPER_DP|scopeScaler:SCALER|dividerSig_core:DVD|dividerSig_datapath:DDP|data_out_reg[43] ; clk          ; clk         ; 1.000        ; 0.266      ; 13.463     ;
; -12.198 ; ID00001011_aipScopeNoMPU:ID00001011|ID00001011_scopeNoMPU_core:SCOPENOMPU_CORE|ID00001011_scopeNoMPU_datapath:SCOPENOMPU_DP|ID00001012_scopeSignalMapper_core:MAPPERCORE|ID00001012_scopeSignalMapper_datapath:SCOPEMAPPER_DP|maxFound:MAXFD|data_out[0]                                                                     ; ID00001011_aipScopeNoMPU:ID00001011|ID00001011_scopeNoMPU_core:SCOPENOMPU_CORE|ID00001011_scopeNoMPU_datapath:SCOPENOMPU_DP|ID00001012_scopeSignalMapper_core:MAPPERCORE|ID00001012_scopeSignalMapper_datapath:SCOPEMAPPER_DP|scopeScaler:SCALER|dividerSig_core:DVD|dividerSig_datapath:DDP|data_out_reg[36] ; clk          ; clk         ; 1.000        ; 0.266      ; 13.463     ;
; -12.192 ; ID00001011_aipScopeNoMPU:ID00001011|ID00001011_scopeNoMPU_core:SCOPENOMPU_CORE|ID00001011_scopeNoMPU_datapath:SCOPENOMPU_DP|ID0000204D_FFT_core:FFT_Inst|altsyncram:_510__rtl_0|altsyncram_j181:auto_generated|ram_block1a0~porta_address_reg0                                                                               ; ID00001011_aipScopeNoMPU:ID00001011|ID00001011_scopeNoMPU_core:SCOPENOMPU_CORE|ID00001011_scopeNoMPU_datapath:SCOPENOMPU_DP|true_dual_port_ram_single_clock:RAM1|altsyncram:ram_rtl_0|altsyncram_k6r1:auto_generated|ram_block1a0~portb_datain_reg0                                                           ; clk          ; clk         ; 1.000        ; -0.047     ; 13.175     ;
; -12.141 ; ID00001011_aipScopeNoMPU:ID00001011|ID00001011_scopeNoMPU_core:SCOPENOMPU_CORE|ID00001011_scopeNoMPU_datapath:SCOPENOMPU_DP|altsyncram:dataColl_rtl_0|altsyncram_vvg1:auto_generated|ram_block1a0~portb_address_reg0                                                                                                         ; ID00001011_aipScopeNoMPU:ID00001011|ID00001011_scopeNoMPU_core:SCOPENOMPU_CORE|ID00001011_scopeNoMPU_datapath:SCOPENOMPU_DP|ID0000100C_modCuad_core:MODCUAD_CORE|ID0000100C_modCuad_datapath:modCuad_DP|ID0000100C_modCuad_power2:PW2_REAL|booth_core:DUT|booth_datapath:BDP|data_out[22]                     ; clk          ; clk         ; 1.000        ; 0.016      ; 13.156     ;
; -12.137 ; ID00001011_aipScopeNoMPU:ID00001011|ID00001011_scopeNoMPU_core:SCOPENOMPU_CORE|ID00001011_scopeNoMPU_datapath:SCOPENOMPU_DP|ID00001012_scopeSignalMapper_core:MAPPERCORE|ID00001012_scopeSignalMapper_datapath:SCOPEMAPPER_DP|scopeScaler:SCALER|booth_core:B1|booth_datapath:BDP|data_out[31]                               ; ID00001011_aipScopeNoMPU:ID00001011|ID00001011_scopeNoMPU_core:SCOPENOMPU_CORE|ID00001011_scopeNoMPU_datapath:SCOPENOMPU_DP|ID00001012_scopeSignalMapper_core:MAPPERCORE|ID00001012_scopeSignalMapper_datapath:SCOPEMAPPER_DP|scopeScaler:SCALER|dividerSig_core:DVD|dividerSig_datapath:DDP|data_out_reg[51] ; clk          ; clk         ; 1.000        ; 0.298      ; 13.434     ;
; -12.137 ; ID00001011_aipScopeNoMPU:ID00001011|ID00001011_scopeNoMPU_core:SCOPENOMPU_CORE|ID00001011_scopeNoMPU_datapath:SCOPENOMPU_DP|ID00001012_scopeSignalMapper_core:MAPPERCORE|ID00001012_scopeSignalMapper_datapath:SCOPEMAPPER_DP|scopeScaler:SCALER|booth_core:B1|booth_datapath:BDP|data_out[31]                               ; ID00001011_aipScopeNoMPU:ID00001011|ID00001011_scopeNoMPU_core:SCOPENOMPU_CORE|ID00001011_scopeNoMPU_datapath:SCOPENOMPU_DP|ID00001012_scopeSignalMapper_core:MAPPERCORE|ID00001012_scopeSignalMapper_datapath:SCOPEMAPPER_DP|scopeScaler:SCALER|dividerSig_core:DVD|dividerSig_datapath:DDP|data_out_reg[54] ; clk          ; clk         ; 1.000        ; 0.298      ; 13.434     ;
; -12.137 ; ID00001011_aipScopeNoMPU:ID00001011|ID00001011_scopeNoMPU_core:SCOPENOMPU_CORE|ID00001011_scopeNoMPU_datapath:SCOPENOMPU_DP|ID00001012_scopeSignalMapper_core:MAPPERCORE|ID00001012_scopeSignalMapper_datapath:SCOPEMAPPER_DP|scopeScaler:SCALER|booth_core:B1|booth_datapath:BDP|data_out[31]                               ; ID00001011_aipScopeNoMPU:ID00001011|ID00001011_scopeNoMPU_core:SCOPENOMPU_CORE|ID00001011_scopeNoMPU_datapath:SCOPENOMPU_DP|ID00001012_scopeSignalMapper_core:MAPPERCORE|ID00001012_scopeSignalMapper_datapath:SCOPEMAPPER_DP|scopeScaler:SCALER|dividerSig_core:DVD|dividerSig_datapath:DDP|data_out_reg[56] ; clk          ; clk         ; 1.000        ; 0.298      ; 13.434     ;
; -12.136 ; ID00001011_aipScopeNoMPU:ID00001011|ID00001011_scopeNoMPU_core:SCOPENOMPU_CORE|ID00001011_scopeNoMPU_datapath:SCOPENOMPU_DP|ID00001012_scopeSignalMapper_core:MAPPERCORE|ID00001012_scopeSignalMapper_datapath:SCOPEMAPPER_DP|maxFound:MAXFD|data_out[0]                                                                     ; ID00001011_aipScopeNoMPU:ID00001011|ID00001011_scopeNoMPU_core:SCOPENOMPU_CORE|ID00001011_scopeNoMPU_datapath:SCOPENOMPU_DP|ID00001012_scopeSignalMapper_core:MAPPERCORE|ID00001012_scopeSignalMapper_datapath:SCOPEMAPPER_DP|scopeScaler:SCALER|dividerSig_core:DVD|dividerSig_datapath:DDP|data_out_reg[51] ; clk          ; clk         ; 1.000        ; 0.298      ; 13.433     ;
; -12.136 ; ID00001011_aipScopeNoMPU:ID00001011|ID00001011_scopeNoMPU_core:SCOPENOMPU_CORE|ID00001011_scopeNoMPU_datapath:SCOPENOMPU_DP|ID00001012_scopeSignalMapper_core:MAPPERCORE|ID00001012_scopeSignalMapper_datapath:SCOPEMAPPER_DP|maxFound:MAXFD|data_out[0]                                                                     ; ID00001011_aipScopeNoMPU:ID00001011|ID00001011_scopeNoMPU_core:SCOPENOMPU_CORE|ID00001011_scopeNoMPU_datapath:SCOPENOMPU_DP|ID00001012_scopeSignalMapper_core:MAPPERCORE|ID00001012_scopeSignalMapper_datapath:SCOPEMAPPER_DP|scopeScaler:SCALER|dividerSig_core:DVD|dividerSig_datapath:DDP|data_out_reg[54] ; clk          ; clk         ; 1.000        ; 0.298      ; 13.433     ;
+---------+------------------------------------------------------------------------------------------------------------------------------------------------------------------------------------------------------------------------------------------------------------------------------------------------------------------------------+---------------------------------------------------------------------------------------------------------------------------------------------------------------------------------------------------------------------------------------------------------------------------------------------------------------+--------------+-------------+--------------+------------+------------+


+-----------------------------------------------------------------------------------------------------------------------------------------------------------------------------------------------------------------------------------------------------------------------------------------------------------------------------------------------------------------------------------------------------------------------------------------------------------------------------------------------------------------------------------------------------------------------------------------------------------------------------------------------------------------------------------------------------------------------------------------+
; Slow 1200mV 0C Model Hold: 'clk'                                                                                                                                                                                                                                                                                                                                                                                                                                                                                                                                                                                                                                                                                                        ;
+-------+--------------------------------------------------------------------------------------------------------------------------------------------------------------------------------------------------------------------------------------------------------------------------------------------------------------------------------+--------------------------------------------------------------------------------------------------------------------------------------------------------------------------------------------------------------------------------------------------------------------------------------------------------------------------+--------------+-------------+--------------+------------+------------+
; Slack ; From Node                                                                                                                                                                                                                                                                                                                      ; To Node                                                                                                                                                                                                                                                                                                                  ; Launch Clock ; Latch Clock ; Relationship ; Clock Skew ; Data Delay ;
+-------+--------------------------------------------------------------------------------------------------------------------------------------------------------------------------------------------------------------------------------------------------------------------------------------------------------------------------------+--------------------------------------------------------------------------------------------------------------------------------------------------------------------------------------------------------------------------------------------------------------------------------------------------------------------------+--------------+-------------+--------------+------------+------------+
; 0.295 ; ID00001011_aipScopeNoMPU:ID00001011|ID00001011_scopeNoMPU_core:SCOPENOMPU_CORE|ID00001011_scopeNoMPU_datapath:SCOPENOMPU_DP|intpolFrac_core:INTPOLFRAC_CORE|intpolFrac_datapath:INTFRAC_DP|intpol2scope_core:INTPOL_CORE|intpol2scope_fsm:FSM1|w_addr_mem_out_out_reg[0]                                                       ; ID00001011_aipScopeNoMPU:ID00001011|ID00001011_scopeNoMPU_core:SCOPENOMPU_CORE|ID00001011_scopeNoMPU_datapath:SCOPENOMPU_DP|intpolFrac_core:INTPOLFRAC_CORE|intpolFrac_datapath:INTFRAC_DP|altsyncram:local_mem_rtl_0|altsyncram_e6h1:auto_generated|ram_block1a15~porta_address_reg0                                    ; clk          ; clk         ; 0.000        ; 0.385      ; 0.881      ;
; 0.306 ; ID00001011_aipScopeNoMPU:ID00001011|ID00001011_scopeNoMPU_core:SCOPENOMPU_CORE|ID00001011_scopeNoMPU_datapath:SCOPENOMPU_DP|ID00001009_decim2scope_core:ID00001009_DECIM_CORE|ID00001009_decim2scope_controlpath:ID00001009_DCM_CP|cnt_wr_mem_out_addr[6]                                                                      ; ID00001011_aipScopeNoMPU:ID00001011|ID00001011_scopeNoMPU_core:SCOPENOMPU_CORE|ID00001011_scopeNoMPU_datapath:SCOPENOMPU_DP|altsyncram:dataDecim_rtl_0|altsyncram_vvg1:auto_generated|ram_block1a0~porta_address_reg0                                                                                                    ; clk          ; clk         ; 0.000        ; 0.384      ; 0.891      ;
; 0.315 ; ID00001011_aipScopeNoMPU:ID00001011|ID00001011_scopeNoMPU_core:SCOPENOMPU_CORE|ID00001011_scopeNoMPU_datapath:SCOPENOMPU_DP|ID00001009_decim2scope_core:ID00001009_DECIM_CORE|ID00001009_decim2scope_controlpath:ID00001009_DCM_CP|cnt_wr_mem_out_addr[1]                                                                      ; ID00001011_aipScopeNoMPU:ID00001011|ID00001011_scopeNoMPU_core:SCOPENOMPU_CORE|ID00001011_scopeNoMPU_datapath:SCOPENOMPU_DP|altsyncram:dataDecim_rtl_0|altsyncram_vvg1:auto_generated|ram_block1a0~porta_address_reg0                                                                                                    ; clk          ; clk         ; 0.000        ; 0.384      ; 0.900      ;
; 0.315 ; ID00001011_aipScopeNoMPU:ID00001011|ID00001011_scopeNoMPU_core:SCOPENOMPU_CORE|ID00001011_scopeNoMPU_datapath:SCOPENOMPU_DP|ID00001009_decim2scope_core:ID00001009_DECIM_CORE|ID00001009_decim2scope_controlpath:ID00001009_DCM_CP|cnt_wr_mem_out_addr[2]                                                                      ; ID00001011_aipScopeNoMPU:ID00001011|ID00001011_scopeNoMPU_core:SCOPENOMPU_CORE|ID00001011_scopeNoMPU_datapath:SCOPENOMPU_DP|altsyncram:dataDecim_rtl_0|altsyncram_vvg1:auto_generated|ram_block1a0~porta_address_reg0                                                                                                    ; clk          ; clk         ; 0.000        ; 0.384      ; 0.900      ;
; 0.322 ; ID00001011_aipScopeNoMPU:ID00001011|ID00001011_scopeNoMPU_core:SCOPENOMPU_CORE|ID00001011_scopeNoMPU_datapath:SCOPENOMPU_DP|ID00001009_decim2scope_core:ID00001009_DECIM_CORE|ID00001009_decim2scope_controlpath:ID00001009_DCM_CP|cnt_wr_mem_out_addr[5]                                                                      ; ID00001011_aipScopeNoMPU:ID00001011|ID00001011_scopeNoMPU_core:SCOPENOMPU_CORE|ID00001011_scopeNoMPU_datapath:SCOPENOMPU_DP|altsyncram:dataDecim_rtl_0|altsyncram_vvg1:auto_generated|ram_block1a0~porta_address_reg0                                                                                                    ; clk          ; clk         ; 0.000        ; 0.384      ; 0.907      ;
; 0.335 ; ID00001011_aipScopeNoMPU:ID00001011|ID00001011_scopeNoMPU_core:SCOPENOMPU_CORE|ID00001011_scopeNoMPU_datapath:SCOPENOMPU_DP|ID00001009_decim2scope_core:ID00001009_DECIM_CORE|ID00001009_decim2scope_controlpath:ID00001009_DCM_CP|cnt_wr_mem_out_addr[4]                                                                      ; ID00001011_aipScopeNoMPU:ID00001011|ID00001011_scopeNoMPU_core:SCOPENOMPU_CORE|ID00001011_scopeNoMPU_datapath:SCOPENOMPU_DP|altsyncram:dataDecim_rtl_0|altsyncram_vvg1:auto_generated|ram_block1a0~porta_address_reg0                                                                                                    ; clk          ; clk         ; 0.000        ; 0.384      ; 0.920      ;
; 0.337 ; ID00001011_aipScopeNoMPU:ID00001011|ID00001011_scopeNoMPU_core:SCOPENOMPU_CORE|ID00001011_scopeNoMPU_datapath:SCOPENOMPU_DP|regBitMem:RBM|data_out[11]                                                                                                                                                                         ; ID00001011_aipScopeNoMPU:ID00001011|ID00001011_scopeNoMPU_core:SCOPENOMPU_CORE|ID00001011_scopeNoMPU_datapath:SCOPENOMPU_DP|altsyncram:dataMapped_localMem_rtl_0|altsyncram_65h1:auto_generated|ram_block1a11~porta_datain_reg0                                                                                          ; clk          ; clk         ; 0.000        ; 0.401      ; 0.939      ;
; 0.339 ; ID00001011_aipScopeNoMPU:ID00001011|ID00001011_scopeNoMPU_core:SCOPENOMPU_CORE|ID00001011_scopeNoMPU_datapath:SCOPENOMPU_DP|ID0000204D_FFT_core:FFT_Inst|_069_[0]                                                                                                                                                              ; ID00001011_aipScopeNoMPU:ID00001011|ID00001011_scopeNoMPU_core:SCOPENOMPU_CORE|ID00001011_scopeNoMPU_datapath:SCOPENOMPU_DP|ID0000204D_FFT_core:FFT_Inst|_069_[0]                                                                                                                                                        ; clk          ; clk         ; 0.000        ; 0.087      ; 0.597      ;
; 0.339 ; ID00001011_aipScopeNoMPU:ID00001011|ID00001011_scopeNoMPU_core:SCOPENOMPU_CORE|ID00001011_scopeNoMPU_datapath:SCOPENOMPU_DP|ID0000204D_FFT_core:FFT_Inst|_069_[6]                                                                                                                                                              ; ID00001011_aipScopeNoMPU:ID00001011|ID00001011_scopeNoMPU_core:SCOPENOMPU_CORE|ID00001011_scopeNoMPU_datapath:SCOPENOMPU_DP|ID0000204D_FFT_core:FFT_Inst|_069_[6]                                                                                                                                                        ; clk          ; clk         ; 0.000        ; 0.087      ; 0.597      ;
; 0.339 ; ID00001011_aipScopeNoMPU:ID00001011|ID00001011_scopeNoMPU_core:SCOPENOMPU_CORE|ID00001011_scopeNoMPU_datapath:SCOPENOMPU_DP|ID0000204D_FFT_core:FFT_Inst|_164_[1]                                                                                                                                                              ; ID00001011_aipScopeNoMPU:ID00001011|ID00001011_scopeNoMPU_core:SCOPENOMPU_CORE|ID00001011_scopeNoMPU_datapath:SCOPENOMPU_DP|ID0000204D_FFT_core:FFT_Inst|_164_[1]                                                                                                                                                        ; clk          ; clk         ; 0.000        ; 0.087      ; 0.597      ;
; 0.339 ; ID00001011_aipScopeNoMPU:ID00001011|ID00001011_scopeNoMPU_core:SCOPENOMPU_CORE|ID00001011_scopeNoMPU_datapath:SCOPENOMPU_DP|intpolFrac_core:INTPOLFRAC_CORE|intpolFrac_datapath:INTFRAC_DP|intpol2scope_core:INTPOL_CORE|intpol2scope_fsm:FSM1|r_addr_mem_in_0_out_reg[1]                                                      ; ID00001011_aipScopeNoMPU:ID00001011|ID00001011_scopeNoMPU_core:SCOPENOMPU_CORE|ID00001011_scopeNoMPU_datapath:SCOPENOMPU_DP|altsyncram:dataCuadSaved_rtl_0|altsyncram_40h1:auto_generated|ram_block1a0~portb_address_reg0                                                                                                ; clk          ; clk         ; 0.000        ; 0.397      ; 0.937      ;
; 0.340 ; ID00001011_aipScopeNoMPU:ID00001011|ID00001011_scopeNoMPU_core:SCOPENOMPU_CORE|ID00001011_scopeNoMPU_datapath:SCOPENOMPU_DP|ID0000204D_FFT_core:FFT_Inst|_082_[0]                                                                                                                                                              ; ID00001011_aipScopeNoMPU:ID00001011|ID00001011_scopeNoMPU_core:SCOPENOMPU_CORE|ID00001011_scopeNoMPU_datapath:SCOPENOMPU_DP|ID0000204D_FFT_core:FFT_Inst|_082_[0]                                                                                                                                                        ; clk          ; clk         ; 0.000        ; 0.086      ; 0.597      ;
; 0.340 ; ID00001011_aipScopeNoMPU:ID00001011|ID00001011_scopeNoMPU_core:SCOPENOMPU_CORE|ID00001011_scopeNoMPU_datapath:SCOPENOMPU_DP|ID0000204D_FFT_core:FFT_Inst|_071_                                                                                                                                                                 ; ID00001011_aipScopeNoMPU:ID00001011|ID00001011_scopeNoMPU_core:SCOPENOMPU_CORE|ID00001011_scopeNoMPU_datapath:SCOPENOMPU_DP|ID0000204D_FFT_core:FFT_Inst|_071_                                                                                                                                                           ; clk          ; clk         ; 0.000        ; 0.086      ; 0.597      ;
; 0.341 ; ID00001011_aipScopeNoMPU:ID00001011|ID00001011_scopeNoMPU_core:SCOPENOMPU_CORE|ID00001011_scopeNoMPU_datapath:SCOPENOMPU_DP|ID0000204D_FFT_core:FFT_Inst|_069_[4]                                                                                                                                                              ; ID00001011_aipScopeNoMPU:ID00001011|ID00001011_scopeNoMPU_core:SCOPENOMPU_CORE|ID00001011_scopeNoMPU_datapath:SCOPENOMPU_DP|ID0000204D_FFT_core:FFT_Inst|_069_[4]                                                                                                                                                        ; clk          ; clk         ; 0.000        ; 0.085      ; 0.597      ;
; 0.343 ; ID00001011_aipScopeNoMPU:ID00001011|ID00001011_scopeNoMPU_core:SCOPENOMPU_CORE|ID00001011_scopeNoMPU_datapath:SCOPENOMPU_DP|intpolFrac_core:INTPOLFRAC_CORE|intpolFrac_datapath:INTFRAC_DP|intpol2scope_core:INTPOL_CORE|intpol2scope_fsm:FSM1|r_addr_mem_in_0_out_reg[4]                                                      ; ID00001011_aipScopeNoMPU:ID00001011|ID00001011_scopeNoMPU_core:SCOPENOMPU_CORE|ID00001011_scopeNoMPU_datapath:SCOPENOMPU_DP|altsyncram:dataCuadSaved_rtl_0|altsyncram_40h1:auto_generated|ram_block1a0~portb_address_reg0                                                                                                ; clk          ; clk         ; 0.000        ; 0.397      ; 0.941      ;
; 0.345 ; ID00001011_aipScopeNoMPU:ID00001011|ID00001011_scopeNoMPU_core:SCOPENOMPU_CORE|ID00001011_scopeNoMPU_datapath:SCOPENOMPU_DP|intpolFrac_core:INTPOLFRAC_CORE|intpolFrac_datapath:INTFRAC_DP|intpol2scope_core:INTPOL_CORE|intpol2scope_fsm:FSM1|r_addr_mem_in_0_out_reg[3]                                                      ; ID00001011_aipScopeNoMPU:ID00001011|ID00001011_scopeNoMPU_core:SCOPENOMPU_CORE|ID00001011_scopeNoMPU_datapath:SCOPENOMPU_DP|altsyncram:dataCuadSaved_rtl_0|altsyncram_40h1:auto_generated|ram_block1a0~portb_address_reg0                                                                                                ; clk          ; clk         ; 0.000        ; 0.397      ; 0.943      ;
; 0.346 ; ID00001011_aipScopeNoMPU:ID00001011|ID00001011_scopeNoMPU_core:SCOPENOMPU_CORE|ID00001011_scopeNoMPU_datapath:SCOPENOMPU_DP|ID0000100D_collector2scope_core:ID0000100D_COLLECTOR_CORE|ID0000100D_collector2scope_datapath:ID0000100D_DP|intpol2scope_core:COLLECT_INTPOL_CORE0|intpol2scope_fsm:FSM1|w_addr_mem_out_out_reg[6] ; ID00001011_aipScopeNoMPU:ID00001011|ID00001011_scopeNoMPU_core:SCOPENOMPU_CORE|ID00001011_scopeNoMPU_datapath:SCOPENOMPU_DP|altsyncram:dataColl_rtl_0|altsyncram_vvg1:auto_generated|ram_block1a0~porta_address_reg0                                                                                                     ; clk          ; clk         ; 0.000        ; 0.390      ; 0.937      ;
; 0.347 ; ID00001011_aipScopeNoMPU:ID00001011|ID00001011_scopeNoMPU_core:SCOPENOMPU_CORE|ID00001011_scopeNoMPU_datapath:SCOPENOMPU_DP|regBitMem:RBM|data_out[30]                                                                                                                                                                         ; ID00001011_aipScopeNoMPU:ID00001011|ID00001011_scopeNoMPU_core:SCOPENOMPU_CORE|ID00001011_scopeNoMPU_datapath:SCOPENOMPU_DP|altsyncram:dataMapped_localMem_rtl_0|altsyncram_65h1:auto_generated|ram_block1a28~porta_datain_reg0                                                                                          ; clk          ; clk         ; 0.000        ; 0.400      ; 0.948      ;
; 0.347 ; ID00001011_aipScopeNoMPU:ID00001011|ID00001011_scopeNoMPU_core:SCOPENOMPU_CORE|ID00001011_scopeNoMPU_datapath:SCOPENOMPU_DP|ID0000100D_collector2scope_core:ID0000100D_COLLECTOR_CORE|ID0000100D_collector2scope_datapath:ID0000100D_DP|intpol2scope_core:COLLECT_INTPOL_CORE0|intpol2scope_fsm:FSM1|w_addr_mem_out_out_reg[1] ; ID00001011_aipScopeNoMPU:ID00001011|ID00001011_scopeNoMPU_core:SCOPENOMPU_CORE|ID00001011_scopeNoMPU_datapath:SCOPENOMPU_DP|altsyncram:dataColl_rtl_0|altsyncram_vvg1:auto_generated|ram_block1a0~porta_address_reg0                                                                                                     ; clk          ; clk         ; 0.000        ; 0.390      ; 0.938      ;
; 0.349 ; ID00001011_aipScopeNoMPU:ID00001011|ID00001011_scopeNoMPU_core:SCOPENOMPU_CORE|ID00001011_scopeNoMPU_datapath:SCOPENOMPU_DP|ID0000100D_collector2scope_core:ID0000100D_COLLECTOR_CORE|ID0000100D_collector2scope_datapath:ID0000100D_DP|intpol2scope_core:COLLECT_INTPOL_CORE0|intpol2scope_fsm:FSM1|w_addr_mem_out_out_reg[4] ; ID00001011_aipScopeNoMPU:ID00001011|ID00001011_scopeNoMPU_core:SCOPENOMPU_CORE|ID00001011_scopeNoMPU_datapath:SCOPENOMPU_DP|altsyncram:dataColl_rtl_0|altsyncram_vvg1:auto_generated|ram_block1a0~porta_address_reg0                                                                                                     ; clk          ; clk         ; 0.000        ; 0.390      ; 0.940      ;
; 0.350 ; ID00001011_aipScopeNoMPU:ID00001011|ID00001011_scopeNoMPU_core:SCOPENOMPU_CORE|ID00001011_scopeNoMPU_datapath:SCOPENOMPU_DP|ID0000204D_FFT_core:FFT_Inst|_182_                                                                                                                                                                 ; ID00001011_aipScopeNoMPU:ID00001011|ID00001011_scopeNoMPU_core:SCOPENOMPU_CORE|ID00001011_scopeNoMPU_datapath:SCOPENOMPU_DP|ID0000204D_FFT_core:FFT_Inst|_182_                                                                                                                                                           ; clk          ; clk         ; 0.000        ; 0.087      ; 0.608      ;
; 0.352 ; ID00001011_aipScopeNoMPU:ID00001011|ID00001011_scopeNoMPU_core:SCOPENOMPU_CORE|ID00001011_scopeNoMPU_datapath:SCOPENOMPU_DP|wr_addr_mapped_localMem_reg[2]                                                                                                                                                                     ; ID00001011_aipScopeNoMPU:ID00001011|ID00001011_scopeNoMPU_core:SCOPENOMPU_CORE|ID00001011_scopeNoMPU_datapath:SCOPENOMPU_DP|altsyncram:dataMapped_localMem_rtl_0|altsyncram_65h1:auto_generated|ram_block1a11~porta_address_reg0                                                                                         ; clk          ; clk         ; 0.000        ; 0.396      ; 0.949      ;
; 0.352 ; ID00001011_aipScopeNoMPU:ID00001011|ID00001011_scopeNoMPU_core:SCOPENOMPU_CORE|ID00001011_scopeNoMPU_datapath:SCOPENOMPU_DP|wr_addr_mapped_localMem_reg[11]                                                                                                                                                                    ; ID00001011_aipScopeNoMPU:ID00001011|ID00001011_scopeNoMPU_core:SCOPENOMPU_CORE|ID00001011_scopeNoMPU_datapath:SCOPENOMPU_DP|altsyncram:dataMapped_localMem_rtl_0|altsyncram_65h1:auto_generated|ram_block1a11~porta_address_reg0                                                                                         ; clk          ; clk         ; 0.000        ; 0.396      ; 0.949      ;
; 0.352 ; ID00001011_aipScopeNoMPU:ID00001011|ID00001011_scopeNoMPU_core:SCOPENOMPU_CORE|ID00001011_scopeNoMPU_datapath:SCOPENOMPU_DP|ID0000204D_FFT_core:FFT_Inst|_164_[0]                                                                                                                                                              ; ID00001011_aipScopeNoMPU:ID00001011|ID00001011_scopeNoMPU_core:SCOPENOMPU_CORE|ID00001011_scopeNoMPU_datapath:SCOPENOMPU_DP|ID0000204D_FFT_core:FFT_Inst|_164_[0]                                                                                                                                                        ; clk          ; clk         ; 0.000        ; 0.085      ; 0.608      ;
; 0.352 ; ID00001011_aipScopeNoMPU:ID00001011|ID00001011_scopeNoMPU_core:SCOPENOMPU_CORE|ID00001011_scopeNoMPU_datapath:SCOPENOMPU_DP|ID00001012_scopeSignalMapper_core:MAPPERCORE|ID00001012_scopeSignalMapper_datapath:SCOPEMAPPER_DP|average:AVGR|dividerSig_core:DVD|dividerSig_controlpath:DCP|state_reg.COUNT                      ; ID00001011_aipScopeNoMPU:ID00001011|ID00001011_scopeNoMPU_core:SCOPENOMPU_CORE|ID00001011_scopeNoMPU_datapath:SCOPENOMPU_DP|ID00001012_scopeSignalMapper_core:MAPPERCORE|ID00001012_scopeSignalMapper_datapath:SCOPEMAPPER_DP|average:AVGR|dividerSig_core:DVD|dividerSig_controlpath:DCP|state_reg.COUNT                ; clk          ; clk         ; 0.000        ; 0.074      ; 0.597      ;
; 0.352 ; ID00001011_aipScopeNoMPU:ID00001011|ID00001011_scopeNoMPU_core:SCOPENOMPU_CORE|ID00001011_scopeNoMPU_datapath:SCOPENOMPU_DP|ID00001012_scopeSignalMapper_core:MAPPERCORE|ID00001012_scopeSignalMapper_datapath:SCOPEMAPPER_DP|average:AVGR|dividerSig_core:DVD|dividerSig_controlpath:DCP|cnt[1]                               ; ID00001011_aipScopeNoMPU:ID00001011|ID00001011_scopeNoMPU_core:SCOPENOMPU_CORE|ID00001011_scopeNoMPU_datapath:SCOPENOMPU_DP|ID00001012_scopeSignalMapper_core:MAPPERCORE|ID00001012_scopeSignalMapper_datapath:SCOPEMAPPER_DP|average:AVGR|dividerSig_core:DVD|dividerSig_controlpath:DCP|cnt[1]                         ; clk          ; clk         ; 0.000        ; 0.074      ; 0.597      ;
; 0.352 ; ID00001011_aipScopeNoMPU:ID00001011|ID00001011_scopeNoMPU_core:SCOPENOMPU_CORE|ID00001011_scopeNoMPU_datapath:SCOPENOMPU_DP|ID00001012_scopeSignalMapper_core:MAPPERCORE|ID00001012_scopeSignalMapper_datapath:SCOPEMAPPER_DP|average:AVGR|dividerSig_core:DVD|dividerSig_controlpath:DCP|cnt[2]                               ; ID00001011_aipScopeNoMPU:ID00001011|ID00001011_scopeNoMPU_core:SCOPENOMPU_CORE|ID00001011_scopeNoMPU_datapath:SCOPENOMPU_DP|ID00001012_scopeSignalMapper_core:MAPPERCORE|ID00001012_scopeSignalMapper_datapath:SCOPEMAPPER_DP|average:AVGR|dividerSig_core:DVD|dividerSig_controlpath:DCP|cnt[2]                         ; clk          ; clk         ; 0.000        ; 0.074      ; 0.597      ;
; 0.352 ; ID00001011_aipScopeNoMPU:ID00001011|ID00001011_scopeNoMPU_core:SCOPENOMPU_CORE|ID00001011_scopeNoMPU_datapath:SCOPENOMPU_DP|ID00001012_scopeSignalMapper_core:MAPPERCORE|ID00001012_scopeSignalMapper_datapath:SCOPEMAPPER_DP|average:AVGR|dividerSig_core:DVD|dividerSig_controlpath:DCP|cnt[3]                               ; ID00001011_aipScopeNoMPU:ID00001011|ID00001011_scopeNoMPU_core:SCOPENOMPU_CORE|ID00001011_scopeNoMPU_datapath:SCOPENOMPU_DP|ID00001012_scopeSignalMapper_core:MAPPERCORE|ID00001012_scopeSignalMapper_datapath:SCOPEMAPPER_DP|average:AVGR|dividerSig_core:DVD|dividerSig_controlpath:DCP|cnt[3]                         ; clk          ; clk         ; 0.000        ; 0.074      ; 0.597      ;
; 0.353 ; ID00001011_aipScopeNoMPU:ID00001011|ID00001011_scopeNoMPU_core:SCOPENOMPU_CORE|ID00001011_scopeNoMPU_datapath:SCOPENOMPU_DP|ID00001008_ILI9327Core:SCOPECORE|ID00001008_TxVideo:TxVideo|addrMemCnt[11]                                                                                                                         ; ID00001011_aipScopeNoMPU:ID00001011|ID00001011_scopeNoMPU_core:SCOPENOMPU_CORE|ID00001011_scopeNoMPU_datapath:SCOPENOMPU_DP|ID00001008_ILI9327Core:SCOPECORE|ID00001008_TxVideo:TxVideo|addrMemCnt[11]                                                                                                                   ; clk          ; clk         ; 0.000        ; 0.073      ; 0.597      ;
; 0.353 ; ID00001011_aipScopeNoMPU:ID00001011|ID00001011_scopeNoMPU_core:SCOPENOMPU_CORE|ID00001011_scopeNoMPU_datapath:SCOPENOMPU_DP|ID00001008_ILI9327Core:SCOPECORE|ID00001008_TxVideo:TxVideo|addrMemCnt[6]                                                                                                                          ; ID00001011_aipScopeNoMPU:ID00001011|ID00001011_scopeNoMPU_core:SCOPENOMPU_CORE|ID00001011_scopeNoMPU_datapath:SCOPENOMPU_DP|ID00001008_ILI9327Core:SCOPECORE|ID00001008_TxVideo:TxVideo|addrMemCnt[6]                                                                                                                    ; clk          ; clk         ; 0.000        ; 0.073      ; 0.597      ;
; 0.353 ; ID00001011_aipScopeNoMPU:ID00001011|ID00001011_scopeNoMPU_core:SCOPENOMPU_CORE|ID00001011_scopeNoMPU_datapath:SCOPENOMPU_DP|ID00001008_ILI9327Core:SCOPECORE|ID00001008_TxVideo:TxVideo|currStFrame.WAIT_FOR_VIDEO                                                                                                             ; ID00001011_aipScopeNoMPU:ID00001011|ID00001011_scopeNoMPU_core:SCOPENOMPU_CORE|ID00001011_scopeNoMPU_datapath:SCOPENOMPU_DP|ID00001008_ILI9327Core:SCOPECORE|ID00001008_TxVideo:TxVideo|currStFrame.WAIT_FOR_VIDEO                                                                                                       ; clk          ; clk         ; 0.000        ; 0.073      ; 0.597      ;
; 0.353 ; ID00001011_aipScopeNoMPU:ID00001011|ID00001011_scopeNoMPU_core:SCOPENOMPU_CORE|ID00001011_scopeNoMPU_datapath:SCOPENOMPU_DP|ID00001008_ILI9327Core:SCOPECORE|ID00001008_TxVideo:TxVideo|addrMemCnt[0]                                                                                                                          ; ID00001011_aipScopeNoMPU:ID00001011|ID00001011_scopeNoMPU_core:SCOPENOMPU_CORE|ID00001011_scopeNoMPU_datapath:SCOPENOMPU_DP|ID00001008_ILI9327Core:SCOPECORE|ID00001008_TxVideo:TxVideo|addrMemCnt[0]                                                                                                                    ; clk          ; clk         ; 0.000        ; 0.073      ; 0.597      ;
; 0.353 ; ID00001011_aipScopeNoMPU:ID00001011|ID00001011_scopeNoMPU_core:SCOPENOMPU_CORE|ID00001011_scopeNoMPU_datapath:SCOPENOMPU_DP|ID00001008_ILI9327Core:SCOPECORE|ID00001008_TxVideo:TxVideo|addrMemCnt[1]                                                                                                                          ; ID00001011_aipScopeNoMPU:ID00001011|ID00001011_scopeNoMPU_core:SCOPENOMPU_CORE|ID00001011_scopeNoMPU_datapath:SCOPENOMPU_DP|ID00001008_ILI9327Core:SCOPECORE|ID00001008_TxVideo:TxVideo|addrMemCnt[1]                                                                                                                    ; clk          ; clk         ; 0.000        ; 0.073      ; 0.597      ;
; 0.353 ; ID00001011_aipScopeNoMPU:ID00001011|ID00001011_scopeNoMPU_core:SCOPENOMPU_CORE|ID00001011_scopeNoMPU_datapath:SCOPENOMPU_DP|ID00001008_ILI9327Core:SCOPECORE|ID00001008_TxVideo:TxVideo|addrMemCnt[2]                                                                                                                          ; ID00001011_aipScopeNoMPU:ID00001011|ID00001011_scopeNoMPU_core:SCOPENOMPU_CORE|ID00001011_scopeNoMPU_datapath:SCOPENOMPU_DP|ID00001008_ILI9327Core:SCOPECORE|ID00001008_TxVideo:TxVideo|addrMemCnt[2]                                                                                                                    ; clk          ; clk         ; 0.000        ; 0.073      ; 0.597      ;
; 0.353 ; ID00001011_aipScopeNoMPU:ID00001011|ID00001011_scopeNoMPU_core:SCOPENOMPU_CORE|ID00001011_scopeNoMPU_datapath:SCOPENOMPU_DP|ID00001008_ILI9327Core:SCOPECORE|ID00001008_TxVideo:TxVideo|addrMemCnt[3]                                                                                                                          ; ID00001011_aipScopeNoMPU:ID00001011|ID00001011_scopeNoMPU_core:SCOPENOMPU_CORE|ID00001011_scopeNoMPU_datapath:SCOPENOMPU_DP|ID00001008_ILI9327Core:SCOPECORE|ID00001008_TxVideo:TxVideo|addrMemCnt[3]                                                                                                                    ; clk          ; clk         ; 0.000        ; 0.073      ; 0.597      ;
; 0.353 ; ID00001011_aipScopeNoMPU:ID00001011|ID00001011_scopeNoMPU_core:SCOPENOMPU_CORE|ID00001011_scopeNoMPU_datapath:SCOPENOMPU_DP|ID00001008_ILI9327Core:SCOPECORE|ID00001008_TxVideo:TxVideo|addrMemCnt[4]                                                                                                                          ; ID00001011_aipScopeNoMPU:ID00001011|ID00001011_scopeNoMPU_core:SCOPENOMPU_CORE|ID00001011_scopeNoMPU_datapath:SCOPENOMPU_DP|ID00001008_ILI9327Core:SCOPECORE|ID00001008_TxVideo:TxVideo|addrMemCnt[4]                                                                                                                    ; clk          ; clk         ; 0.000        ; 0.073      ; 0.597      ;
; 0.353 ; ID00001011_aipScopeNoMPU:ID00001011|ID00001011_scopeNoMPU_core:SCOPENOMPU_CORE|ID00001011_scopeNoMPU_datapath:SCOPENOMPU_DP|ID00001008_ILI9327Core:SCOPECORE|ID00001008_TxVideo:TxVideo|addrMemCnt[5]                                                                                                                          ; ID00001011_aipScopeNoMPU:ID00001011|ID00001011_scopeNoMPU_core:SCOPENOMPU_CORE|ID00001011_scopeNoMPU_datapath:SCOPENOMPU_DP|ID00001008_ILI9327Core:SCOPECORE|ID00001008_TxVideo:TxVideo|addrMemCnt[5]                                                                                                                    ; clk          ; clk         ; 0.000        ; 0.073      ; 0.597      ;
; 0.353 ; ID00001011_aipScopeNoMPU:ID00001011|ID00001011_scopeNoMPU_core:SCOPENOMPU_CORE|ID00001011_scopeNoMPU_datapath:SCOPENOMPU_DP|ID00001008_ILI9327Core:SCOPECORE|ID00001008_TxVideo:TxVideo|addrMemCnt[7]                                                                                                                          ; ID00001011_aipScopeNoMPU:ID00001011|ID00001011_scopeNoMPU_core:SCOPENOMPU_CORE|ID00001011_scopeNoMPU_datapath:SCOPENOMPU_DP|ID00001008_ILI9327Core:SCOPECORE|ID00001008_TxVideo:TxVideo|addrMemCnt[7]                                                                                                                    ; clk          ; clk         ; 0.000        ; 0.073      ; 0.597      ;
; 0.353 ; ID00001011_aipScopeNoMPU:ID00001011|ID00001011_scopeNoMPU_core:SCOPENOMPU_CORE|ID00001011_scopeNoMPU_datapath:SCOPENOMPU_DP|ID00001008_ILI9327Core:SCOPECORE|ID00001008_TxVideo:TxVideo|addrMemCnt[8]                                                                                                                          ; ID00001011_aipScopeNoMPU:ID00001011|ID00001011_scopeNoMPU_core:SCOPENOMPU_CORE|ID00001011_scopeNoMPU_datapath:SCOPENOMPU_DP|ID00001008_ILI9327Core:SCOPECORE|ID00001008_TxVideo:TxVideo|addrMemCnt[8]                                                                                                                    ; clk          ; clk         ; 0.000        ; 0.073      ; 0.597      ;
; 0.353 ; ID00001011_aipScopeNoMPU:ID00001011|ID00001011_scopeNoMPU_core:SCOPENOMPU_CORE|ID00001011_scopeNoMPU_datapath:SCOPENOMPU_DP|ID00001008_ILI9327Core:SCOPECORE|ID00001008_TxVideo:TxVideo|addrMemCnt[9]                                                                                                                          ; ID00001011_aipScopeNoMPU:ID00001011|ID00001011_scopeNoMPU_core:SCOPENOMPU_CORE|ID00001011_scopeNoMPU_datapath:SCOPENOMPU_DP|ID00001008_ILI9327Core:SCOPECORE|ID00001008_TxVideo:TxVideo|addrMemCnt[9]                                                                                                                    ; clk          ; clk         ; 0.000        ; 0.073      ; 0.597      ;
; 0.353 ; ID00001011_aipScopeNoMPU:ID00001011|ID00001011_scopeNoMPU_core:SCOPENOMPU_CORE|ID00001011_scopeNoMPU_datapath:SCOPENOMPU_DP|ID00001008_ILI9327Core:SCOPECORE|ID00001008_TxVideo:TxVideo|addrMemCnt[10]                                                                                                                         ; ID00001011_aipScopeNoMPU:ID00001011|ID00001011_scopeNoMPU_core:SCOPENOMPU_CORE|ID00001011_scopeNoMPU_datapath:SCOPENOMPU_DP|ID00001008_ILI9327Core:SCOPECORE|ID00001008_TxVideo:TxVideo|addrMemCnt[10]                                                                                                                   ; clk          ; clk         ; 0.000        ; 0.073      ; 0.597      ;
; 0.353 ; ID00001011_aipScopeNoMPU:ID00001011|ID00001011_scopeNoMPU_core:SCOPENOMPU_CORE|ID00001011_scopeNoMPU_datapath:SCOPENOMPU_DP|ID00001008_ILI9327Core:SCOPECORE|ID00001008_TxCmd:TxCmd|currStCmd.WAIT_COMMAND                                                                                                                     ; ID00001011_aipScopeNoMPU:ID00001011|ID00001011_scopeNoMPU_core:SCOPENOMPU_CORE|ID00001011_scopeNoMPU_datapath:SCOPENOMPU_DP|ID00001008_ILI9327Core:SCOPECORE|ID00001008_TxCmd:TxCmd|currStCmd.WAIT_COMMAND                                                                                                               ; clk          ; clk         ; 0.000        ; 0.073      ; 0.597      ;
; 0.353 ; ID00001011_aipScopeNoMPU:ID00001011|ID00001011_scopeNoMPU_core:SCOPENOMPU_CORE|ID00001011_scopeNoMPU_datapath:SCOPENOMPU_DP|ID00001008_ILI9327Core:SCOPECORE|ID00001008_TxCmd:TxCmd|currStCmd.TX_PARAM_BYTE4                                                                                                                   ; ID00001011_aipScopeNoMPU:ID00001011|ID00001011_scopeNoMPU_core:SCOPENOMPU_CORE|ID00001011_scopeNoMPU_datapath:SCOPENOMPU_DP|ID00001008_ILI9327Core:SCOPECORE|ID00001008_TxCmd:TxCmd|currStCmd.TX_PARAM_BYTE4                                                                                                             ; clk          ; clk         ; 0.000        ; 0.073      ; 0.597      ;
; 0.353 ; ID00001011_aipScopeNoMPU:ID00001011|ID00001011_scopeNoMPU_core:SCOPENOMPU_CORE|ID00001011_scopeNoMPU_datapath:SCOPENOMPU_DP|ID00001008_ILI9327Core:SCOPECORE|ID00001008_TxCmd:TxCmd|currStCmd.TX_PARAM_BYTE3                                                                                                                   ; ID00001011_aipScopeNoMPU:ID00001011|ID00001011_scopeNoMPU_core:SCOPENOMPU_CORE|ID00001011_scopeNoMPU_datapath:SCOPENOMPU_DP|ID00001008_ILI9327Core:SCOPECORE|ID00001008_TxCmd:TxCmd|currStCmd.TX_PARAM_BYTE3                                                                                                             ; clk          ; clk         ; 0.000        ; 0.073      ; 0.597      ;
; 0.353 ; ID00001011_aipScopeNoMPU:ID00001011|ID00001011_scopeNoMPU_core:SCOPENOMPU_CORE|ID00001011_scopeNoMPU_datapath:SCOPENOMPU_DP|ID00001008_ILI9327Core:SCOPECORE|ID00001008_TxCmd:TxCmd|currStCmd.TX_PARAM_BYTE2                                                                                                                   ; ID00001011_aipScopeNoMPU:ID00001011|ID00001011_scopeNoMPU_core:SCOPENOMPU_CORE|ID00001011_scopeNoMPU_datapath:SCOPENOMPU_DP|ID00001008_ILI9327Core:SCOPECORE|ID00001008_TxCmd:TxCmd|currStCmd.TX_PARAM_BYTE2                                                                                                             ; clk          ; clk         ; 0.000        ; 0.073      ; 0.597      ;
; 0.353 ; ID00001011_aipScopeNoMPU:ID00001011|ID00001011_scopeNoMPU_core:SCOPENOMPU_CORE|ID00001011_scopeNoMPU_datapath:SCOPENOMPU_DP|ID00001008_ILI9327Core:SCOPECORE|ID00001008_TxCntrl:TxCntrl|cntTx[3]                                                                                                                               ; ID00001011_aipScopeNoMPU:ID00001011|ID00001011_scopeNoMPU_core:SCOPENOMPU_CORE|ID00001011_scopeNoMPU_datapath:SCOPENOMPU_DP|ID00001008_ILI9327Core:SCOPECORE|ID00001008_TxCntrl:TxCntrl|cntTx[3]                                                                                                                         ; clk          ; clk         ; 0.000        ; 0.073      ; 0.597      ;
; 0.353 ; ID00001011_aipScopeNoMPU:ID00001011|ID00001011_scopeNoMPU_core:SCOPENOMPU_CORE|ID00001011_scopeNoMPU_datapath:SCOPENOMPU_DP|ID00001008_ILI9327Core:SCOPECORE|ID00001008_TxCntrl:TxCntrl|cntTx[1]                                                                                                                               ; ID00001011_aipScopeNoMPU:ID00001011|ID00001011_scopeNoMPU_core:SCOPENOMPU_CORE|ID00001011_scopeNoMPU_datapath:SCOPENOMPU_DP|ID00001008_ILI9327Core:SCOPECORE|ID00001008_TxCntrl:TxCntrl|cntTx[1]                                                                                                                         ; clk          ; clk         ; 0.000        ; 0.073      ; 0.597      ;
; 0.353 ; ID00001011_aipScopeNoMPU:ID00001011|ID00001011_scopeNoMPU_core:SCOPENOMPU_CORE|ID00001011_scopeNoMPU_datapath:SCOPENOMPU_DP|ID00001008_ILI9327Core:SCOPECORE|ID00001008_TxCntrl:TxCntrl|cntTx[2]                                                                                                                               ; ID00001011_aipScopeNoMPU:ID00001011|ID00001011_scopeNoMPU_core:SCOPENOMPU_CORE|ID00001011_scopeNoMPU_datapath:SCOPENOMPU_DP|ID00001008_ILI9327Core:SCOPECORE|ID00001008_TxCntrl:TxCntrl|cntTx[2]                                                                                                                         ; clk          ; clk         ; 0.000        ; 0.073      ; 0.597      ;
; 0.353 ; ID00001011_aipScopeNoMPU:ID00001011|ID00001011_scopeNoMPU_core:SCOPENOMPU_CORE|ID00001011_scopeNoMPU_datapath:SCOPENOMPU_DP|ID00001008_ILI9327Core:SCOPECORE|ID00001008_TxCntrl:TxCntrl|cntTx[0]                                                                                                                               ; ID00001011_aipScopeNoMPU:ID00001011|ID00001011_scopeNoMPU_core:SCOPENOMPU_CORE|ID00001011_scopeNoMPU_datapath:SCOPENOMPU_DP|ID00001008_ILI9327Core:SCOPECORE|ID00001008_TxCntrl:TxCntrl|cntTx[0]                                                                                                                         ; clk          ; clk         ; 0.000        ; 0.073      ; 0.597      ;
; 0.353 ; ID00001011_aipScopeNoMPU:ID00001011|ID00001011_scopeNoMPU_core:SCOPENOMPU_CORE|ID00001011_scopeNoMPU_datapath:SCOPENOMPU_DP|ID00001008_ILI9327Core:SCOPECORE|ID00001008_TxCntrl:TxCntrl|sclReg                                                                                                                                 ; ID00001011_aipScopeNoMPU:ID00001011|ID00001011_scopeNoMPU_core:SCOPENOMPU_CORE|ID00001011_scopeNoMPU_datapath:SCOPENOMPU_DP|ID00001008_ILI9327Core:SCOPECORE|ID00001008_TxCntrl:TxCntrl|sclReg                                                                                                                           ; clk          ; clk         ; 0.000        ; 0.073      ; 0.597      ;
; 0.353 ; ID00001011_aipScopeNoMPU:ID00001011|ID00001011_scopeNoMPU_core:SCOPENOMPU_CORE|ID00001011_scopeNoMPU_datapath:SCOPENOMPU_DP|ID0000100C_modCuad_core:MODCUAD_CORE|ID0000100C_modCuad_datapath:modCuad_DP|ID0000100C_modCuad_power2:PW2_IMAG|booth_core:DUT|booth_controlpath:BCP|cnt[0]                                         ; ID00001011_aipScopeNoMPU:ID00001011|ID00001011_scopeNoMPU_core:SCOPENOMPU_CORE|ID00001011_scopeNoMPU_datapath:SCOPENOMPU_DP|ID0000100C_modCuad_core:MODCUAD_CORE|ID0000100C_modCuad_datapath:modCuad_DP|ID0000100C_modCuad_power2:PW2_IMAG|booth_core:DUT|booth_controlpath:BCP|cnt[0]                                   ; clk          ; clk         ; 0.000        ; 0.073      ; 0.597      ;
; 0.353 ; ID00001011_aipScopeNoMPU:ID00001011|ID00001011_scopeNoMPU_core:SCOPENOMPU_CORE|ID00001011_scopeNoMPU_datapath:SCOPENOMPU_DP|ID0000100C_modCuad_core:MODCUAD_CORE|ID0000100C_modCuad_datapath:modCuad_DP|ID0000100C_modCuad_power2:PW2_IMAG|booth_core:DUT|booth_controlpath:BCP|cnt[1]                                         ; ID00001011_aipScopeNoMPU:ID00001011|ID00001011_scopeNoMPU_core:SCOPENOMPU_CORE|ID00001011_scopeNoMPU_datapath:SCOPENOMPU_DP|ID0000100C_modCuad_core:MODCUAD_CORE|ID0000100C_modCuad_datapath:modCuad_DP|ID0000100C_modCuad_power2:PW2_IMAG|booth_core:DUT|booth_controlpath:BCP|cnt[1]                                   ; clk          ; clk         ; 0.000        ; 0.073      ; 0.597      ;
; 0.353 ; ID00001011_aipScopeNoMPU:ID00001011|ID00001011_scopeNoMPU_core:SCOPENOMPU_CORE|ID00001011_scopeNoMPU_controlpath:SCOPENOMPU_CP|state_reg.WAITWR_DONE                                                                                                                                                                           ; ID00001011_aipScopeNoMPU:ID00001011|ID00001011_scopeNoMPU_core:SCOPENOMPU_CORE|ID00001011_scopeNoMPU_controlpath:SCOPENOMPU_CP|state_reg.WAITWR_DONE                                                                                                                                                                     ; clk          ; clk         ; 0.000        ; 0.073      ; 0.597      ;
; 0.353 ; ID00001011_aipScopeNoMPU:ID00001011|ID00001011_scopeNoMPU_core:SCOPENOMPU_CORE|ID00001011_scopeNoMPU_datapath:SCOPENOMPU_DP|ID00001009_decim2scope_core:ID00001009_DECIM_CORE|ID00001009_decim2scope_controlpath:ID00001009_DCM_CP|state_reg.IDLE                                                                              ; ID00001011_aipScopeNoMPU:ID00001011|ID00001011_scopeNoMPU_core:SCOPENOMPU_CORE|ID00001011_scopeNoMPU_datapath:SCOPENOMPU_DP|ID00001009_decim2scope_core:ID00001009_DECIM_CORE|ID00001009_decim2scope_controlpath:ID00001009_DCM_CP|state_reg.IDLE                                                                        ; clk          ; clk         ; 0.000        ; 0.073      ; 0.597      ;
; 0.353 ; ID00001011_aipScopeNoMPU:ID00001011|ID00001011_scopeNoMPU_core:SCOPENOMPU_CORE|ID00001011_scopeNoMPU_controlpath:SCOPENOMPU_CP|state_reg.WAITINV_DONE                                                                                                                                                                          ; ID00001011_aipScopeNoMPU:ID00001011|ID00001011_scopeNoMPU_core:SCOPENOMPU_CORE|ID00001011_scopeNoMPU_controlpath:SCOPENOMPU_CP|state_reg.WAITINV_DONE                                                                                                                                                                    ; clk          ; clk         ; 0.000        ; 0.073      ; 0.597      ;
; 0.353 ; ID00001011_aipScopeNoMPU:ID00001011|ID00001011_scopeNoMPU_core:SCOPENOMPU_CORE|ID00001011_scopeNoMPU_datapath:SCOPENOMPU_DP|ID0000100D_collector2scope_core:ID0000100D_COLLECTOR_CORE|ID0000100D_collector2scope_datapath:ID0000100D_DP|intpol2scope_core:COLLECT_INTPOL_CORE1|intpol2scope_fsm:FSM1|state_reg.IDLE            ; ID00001011_aipScopeNoMPU:ID00001011|ID00001011_scopeNoMPU_core:SCOPENOMPU_CORE|ID00001011_scopeNoMPU_datapath:SCOPENOMPU_DP|ID0000100D_collector2scope_core:ID0000100D_COLLECTOR_CORE|ID0000100D_collector2scope_datapath:ID0000100D_DP|intpol2scope_core:COLLECT_INTPOL_CORE1|intpol2scope_fsm:FSM1|state_reg.IDLE      ; clk          ; clk         ; 0.000        ; 0.073      ; 0.597      ;
; 0.353 ; ID00001011_aipScopeNoMPU:ID00001011|ID00001011_scopeNoMPU_core:SCOPENOMPU_CORE|ID00001011_scopeNoMPU_datapath:SCOPENOMPU_DP|ID0000100D_collector2scope_core:ID0000100D_COLLECTOR_CORE|ID0000100D_collector2scope_datapath:ID0000100D_DP|intpol2scope_core:COLLECT_INTPOL_CORE1|intpol2scope_fsm:FSM1|copy_cnt[10]              ; ID00001011_aipScopeNoMPU:ID00001011|ID00001011_scopeNoMPU_core:SCOPENOMPU_CORE|ID00001011_scopeNoMPU_datapath:SCOPENOMPU_DP|ID0000100D_collector2scope_core:ID0000100D_COLLECTOR_CORE|ID0000100D_collector2scope_datapath:ID0000100D_DP|intpol2scope_core:COLLECT_INTPOL_CORE1|intpol2scope_fsm:FSM1|copy_cnt[10]        ; clk          ; clk         ; 0.000        ; 0.073      ; 0.597      ;
; 0.353 ; ID00001011_aipScopeNoMPU:ID00001011|ID00001011_scopeNoMPU_core:SCOPENOMPU_CORE|ID00001011_scopeNoMPU_datapath:SCOPENOMPU_DP|ID0000100D_collector2scope_core:ID0000100D_COLLECTOR_CORE|ID0000100D_collector2scope_datapath:ID0000100D_DP|intpol2scope_core:COLLECT_INTPOL_CORE1|intpol2scope_fsm:FSM1|copy_round[1]             ; ID00001011_aipScopeNoMPU:ID00001011|ID00001011_scopeNoMPU_core:SCOPENOMPU_CORE|ID00001011_scopeNoMPU_datapath:SCOPENOMPU_DP|ID0000100D_collector2scope_core:ID0000100D_COLLECTOR_CORE|ID0000100D_collector2scope_datapath:ID0000100D_DP|intpol2scope_core:COLLECT_INTPOL_CORE1|intpol2scope_fsm:FSM1|copy_round[1]       ; clk          ; clk         ; 0.000        ; 0.073      ; 0.597      ;
; 0.353 ; ID00001011_aipScopeNoMPU:ID00001011|ID00001011_scopeNoMPU_core:SCOPENOMPU_CORE|ID00001011_scopeNoMPU_datapath:SCOPENOMPU_DP|ID0000100D_collector2scope_core:ID0000100D_COLLECTOR_CORE|ID0000100D_collector2scope_datapath:ID0000100D_DP|intpol2scope_core:COLLECT_INTPOL_CORE1|intpol2scope_fsm:FSM1|copy_round[0]             ; ID00001011_aipScopeNoMPU:ID00001011|ID00001011_scopeNoMPU_core:SCOPENOMPU_CORE|ID00001011_scopeNoMPU_datapath:SCOPENOMPU_DP|ID0000100D_collector2scope_core:ID0000100D_COLLECTOR_CORE|ID0000100D_collector2scope_datapath:ID0000100D_DP|intpol2scope_core:COLLECT_INTPOL_CORE1|intpol2scope_fsm:FSM1|copy_round[0]       ; clk          ; clk         ; 0.000        ; 0.073      ; 0.597      ;
; 0.353 ; ID00001011_aipScopeNoMPU:ID00001011|ID00001011_scopeNoMPU_core:SCOPENOMPU_CORE|ID00001011_scopeNoMPU_datapath:SCOPENOMPU_DP|ID0000100D_collector2scope_core:ID0000100D_COLLECTOR_CORE|ID0000100D_collector2scope_datapath:ID0000100D_DP|intpol2scope_core:COLLECT_INTPOL_CORE1|config_reg_0[0]                                 ; ID00001011_aipScopeNoMPU:ID00001011|ID00001011_scopeNoMPU_core:SCOPENOMPU_CORE|ID00001011_scopeNoMPU_datapath:SCOPENOMPU_DP|ID0000100D_collector2scope_core:ID0000100D_COLLECTOR_CORE|ID0000100D_collector2scope_datapath:ID0000100D_DP|intpol2scope_core:COLLECT_INTPOL_CORE1|config_reg_0[0]                           ; clk          ; clk         ; 0.000        ; 0.073      ; 0.597      ;
; 0.353 ; ID00001011_aipScopeNoMPU:ID00001011|ID00001011_scopeNoMPU_core:SCOPENOMPU_CORE|ID00001011_scopeNoMPU_controlpath:SCOPENOMPU_CP|state_reg.MODCUAD_BUSY                                                                                                                                                                          ; ID00001011_aipScopeNoMPU:ID00001011|ID00001011_scopeNoMPU_core:SCOPENOMPU_CORE|ID00001011_scopeNoMPU_controlpath:SCOPENOMPU_CP|state_reg.MODCUAD_BUSY                                                                                                                                                                    ; clk          ; clk         ; 0.000        ; 0.073      ; 0.597      ;
; 0.353 ; ID00001011_aipScopeNoMPU:ID00001011|ID00001011_scopeNoMPU_core:SCOPENOMPU_CORE|ID00001011_scopeNoMPU_controlpath:SCOPENOMPU_CP|state_reg.MAPPER_BUSY                                                                                                                                                                           ; ID00001011_aipScopeNoMPU:ID00001011|ID00001011_scopeNoMPU_core:SCOPENOMPU_CORE|ID00001011_scopeNoMPU_controlpath:SCOPENOMPU_CP|state_reg.MAPPER_BUSY                                                                                                                                                                     ; clk          ; clk         ; 0.000        ; 0.073      ; 0.597      ;
; 0.353 ; ID00001011_aipScopeNoMPU:ID00001011|ID00001011_scopeNoMPU_core:SCOPENOMPU_CORE|ID00001011_scopeNoMPU_controlpath:SCOPENOMPU_CP|state_reg.MULTIR_BUSY                                                                                                                                                                           ; ID00001011_aipScopeNoMPU:ID00001011|ID00001011_scopeNoMPU_core:SCOPENOMPU_CORE|ID00001011_scopeNoMPU_controlpath:SCOPENOMPU_CP|state_reg.MULTIR_BUSY                                                                                                                                                                     ; clk          ; clk         ; 0.000        ; 0.073      ; 0.597      ;
; 0.353 ; ID00001011_aipScopeNoMPU:ID00001011|ID00001011_scopeNoMPU_core:SCOPENOMPU_CORE|ID00001011_scopeNoMPU_controlpath:SCOPENOMPU_CP|state_reg.FFT_BUSY                                                                                                                                                                              ; ID00001011_aipScopeNoMPU:ID00001011|ID00001011_scopeNoMPU_core:SCOPENOMPU_CORE|ID00001011_scopeNoMPU_controlpath:SCOPENOMPU_CP|state_reg.FFT_BUSY                                                                                                                                                                        ; clk          ; clk         ; 0.000        ; 0.073      ; 0.597      ;
; 0.353 ; ID00001011_aipScopeNoMPU:ID00001011|ID00001011_scopeNoMPU_core:SCOPENOMPU_CORE|ID00001011_scopeNoMPU_datapath:SCOPENOMPU_DP|ID0000100D_collector2scope_core:ID0000100D_COLLECTOR_CORE|ID0000100D_collector2scope_datapath:ID0000100D_DP|intpol2scope_core:COLLECT_INTPOL_CORE0|intpol2scope_fsm:FSM1|state_reg.COPY_LAST       ; ID00001011_aipScopeNoMPU:ID00001011|ID00001011_scopeNoMPU_core:SCOPENOMPU_CORE|ID00001011_scopeNoMPU_datapath:SCOPENOMPU_DP|ID0000100D_collector2scope_core:ID0000100D_COLLECTOR_CORE|ID0000100D_collector2scope_datapath:ID0000100D_DP|intpol2scope_core:COLLECT_INTPOL_CORE0|intpol2scope_fsm:FSM1|state_reg.COPY_LAST ; clk          ; clk         ; 0.000        ; 0.073      ; 0.597      ;
; 0.353 ; ID00001011_aipScopeNoMPU:ID00001011|ID00001011_scopeNoMPU_core:SCOPENOMPU_CORE|ID00001011_scopeNoMPU_datapath:SCOPENOMPU_DP|ID0000100D_collector2scope_core:ID0000100D_COLLECTOR_CORE|ID0000100D_collector2scope_datapath:ID0000100D_DP|intpol2scope_core:COLLECT_INTPOL_CORE0|intpol2scope_fsm:FSM1|state_reg.IDLE            ; ID00001011_aipScopeNoMPU:ID00001011|ID00001011_scopeNoMPU_core:SCOPENOMPU_CORE|ID00001011_scopeNoMPU_datapath:SCOPENOMPU_DP|ID0000100D_collector2scope_core:ID0000100D_COLLECTOR_CORE|ID0000100D_collector2scope_datapath:ID0000100D_DP|intpol2scope_core:COLLECT_INTPOL_CORE0|intpol2scope_fsm:FSM1|state_reg.IDLE      ; clk          ; clk         ; 0.000        ; 0.073      ; 0.597      ;
; 0.353 ; ID00001011_aipScopeNoMPU:ID00001011|ID00001011_scopeNoMPU_core:SCOPENOMPU_CORE|ID00001011_scopeNoMPU_datapath:SCOPENOMPU_DP|ID0000100D_collector2scope_core:ID0000100D_COLLECTOR_CORE|ID0000100D_collector2scope_datapath:ID0000100D_DP|intpol2scope_core:COLLECT_INTPOL_CORE0|intpol2scope_fsm:FSM1|state_reg.PROCESS         ; ID00001011_aipScopeNoMPU:ID00001011|ID00001011_scopeNoMPU_core:SCOPENOMPU_CORE|ID00001011_scopeNoMPU_datapath:SCOPENOMPU_DP|ID0000100D_collector2scope_core:ID0000100D_COLLECTOR_CORE|ID0000100D_collector2scope_datapath:ID0000100D_DP|intpol2scope_core:COLLECT_INTPOL_CORE0|intpol2scope_fsm:FSM1|state_reg.PROCESS   ; clk          ; clk         ; 0.000        ; 0.073      ; 0.597      ;
; 0.353 ; ID00001011_aipScopeNoMPU:ID00001011|ID00001011_scopeNoMPU_core:SCOPENOMPU_CORE|ID00001011_scopeNoMPU_datapath:SCOPENOMPU_DP|ID0000100D_collector2scope_core:ID0000100D_COLLECTOR_CORE|ID0000100D_collector2scope_datapath:ID0000100D_DP|intpol2scope_core:COLLECT_INTPOL_CORE0|intpol2scope_fsm:FSM1|copy_round[1]             ; ID00001011_aipScopeNoMPU:ID00001011|ID00001011_scopeNoMPU_core:SCOPENOMPU_CORE|ID00001011_scopeNoMPU_datapath:SCOPENOMPU_DP|ID0000100D_collector2scope_core:ID0000100D_COLLECTOR_CORE|ID0000100D_collector2scope_datapath:ID0000100D_DP|intpol2scope_core:COLLECT_INTPOL_CORE0|intpol2scope_fsm:FSM1|copy_round[1]       ; clk          ; clk         ; 0.000        ; 0.073      ; 0.597      ;
; 0.353 ; ID00001011_aipScopeNoMPU:ID00001011|ID00001011_scopeNoMPU_core:SCOPENOMPU_CORE|ID00001011_scopeNoMPU_datapath:SCOPENOMPU_DP|ID0000100D_collector2scope_core:ID0000100D_COLLECTOR_CORE|ID0000100D_collector2scope_datapath:ID0000100D_DP|intpol2scope_core:COLLECT_INTPOL_CORE0|intpol2scope_fsm:FSM1|copy_round[0]             ; ID00001011_aipScopeNoMPU:ID00001011|ID00001011_scopeNoMPU_core:SCOPENOMPU_CORE|ID00001011_scopeNoMPU_datapath:SCOPENOMPU_DP|ID0000100D_collector2scope_core:ID0000100D_COLLECTOR_CORE|ID0000100D_collector2scope_datapath:ID0000100D_DP|intpol2scope_core:COLLECT_INTPOL_CORE0|intpol2scope_fsm:FSM1|copy_round[0]       ; clk          ; clk         ; 0.000        ; 0.073      ; 0.597      ;
; 0.353 ; ID00001011_aipScopeNoMPU:ID00001011|ID00001011_scopeNoMPU_core:SCOPENOMPU_CORE|ID00001011_scopeNoMPU_controlpath:SCOPENOMPU_CP|state_reg.COLLECT_BUSY                                                                                                                                                                          ; ID00001011_aipScopeNoMPU:ID00001011|ID00001011_scopeNoMPU_core:SCOPENOMPU_CORE|ID00001011_scopeNoMPU_controlpath:SCOPENOMPU_CP|state_reg.COLLECT_BUSY                                                                                                                                                                    ; clk          ; clk         ; 0.000        ; 0.073      ; 0.597      ;
; 0.353 ; ID00001011_aipScopeNoMPU:ID00001011|ID00001011_scopeNoMPU_core:SCOPENOMPU_CORE|ID00001011_scopeNoMPU_controlpath:SCOPENOMPU_CP|state_reg.WAITRST_DONE                                                                                                                                                                          ; ID00001011_aipScopeNoMPU:ID00001011|ID00001011_scopeNoMPU_core:SCOPENOMPU_CORE|ID00001011_scopeNoMPU_controlpath:SCOPENOMPU_CP|state_reg.WAITRST_DONE                                                                                                                                                                    ; clk          ; clk         ; 0.000        ; 0.073      ; 0.597      ;
; 0.353 ; ID00001011_aipScopeNoMPU:ID00001011|ID00001011_scopeNoMPU_core:SCOPENOMPU_CORE|ID00001011_scopeNoMPU_datapath:SCOPENOMPU_DP|intpolFrac_core:INTPOLFRAC_CORE|intpolFrac_controlpath:INTFRAC_CP|state_reg.IDLE                                                                                                                   ; ID00001011_aipScopeNoMPU:ID00001011|ID00001011_scopeNoMPU_core:SCOPENOMPU_CORE|ID00001011_scopeNoMPU_datapath:SCOPENOMPU_DP|intpolFrac_core:INTPOLFRAC_CORE|intpolFrac_controlpath:INTFRAC_CP|state_reg.IDLE                                                                                                             ; clk          ; clk         ; 0.000        ; 0.073      ; 0.597      ;
; 0.353 ; ID00001011_aipScopeNoMPU:ID00001011|ID00001011_scopeNoMPU_core:SCOPENOMPU_CORE|ID00001011_scopeNoMPU_datapath:SCOPENOMPU_DP|ID00001012_scopeSignalMapper_core:MAPPERCORE|ID00001012_scopeSignalMapper_datapath:SCOPEMAPPER_DP|scopeScaler:SCALER|booth_core:B1|booth_controlpath:BCP|cnt[0]                                    ; ID00001011_aipScopeNoMPU:ID00001011|ID00001011_scopeNoMPU_core:SCOPENOMPU_CORE|ID00001011_scopeNoMPU_datapath:SCOPENOMPU_DP|ID00001012_scopeSignalMapper_core:MAPPERCORE|ID00001012_scopeSignalMapper_datapath:SCOPEMAPPER_DP|scopeScaler:SCALER|booth_core:B1|booth_controlpath:BCP|cnt[0]                              ; clk          ; clk         ; 0.000        ; 0.073      ; 0.597      ;
; 0.353 ; ID00001011_aipScopeNoMPU:ID00001011|ID00001011_scopeNoMPU_core:SCOPENOMPU_CORE|ID00001011_scopeNoMPU_datapath:SCOPENOMPU_DP|ID00001012_scopeSignalMapper_core:MAPPERCORE|ID00001012_scopeSignalMapper_datapath:SCOPEMAPPER_DP|scopeScaler:SCALER|booth_core:B1|booth_controlpath:BCP|cnt[1]                                    ; ID00001011_aipScopeNoMPU:ID00001011|ID00001011_scopeNoMPU_core:SCOPENOMPU_CORE|ID00001011_scopeNoMPU_datapath:SCOPENOMPU_DP|ID00001012_scopeSignalMapper_core:MAPPERCORE|ID00001012_scopeSignalMapper_datapath:SCOPEMAPPER_DP|scopeScaler:SCALER|booth_core:B1|booth_controlpath:BCP|cnt[1]                              ; clk          ; clk         ; 0.000        ; 0.073      ; 0.597      ;
; 0.353 ; ID00001011_aipScopeNoMPU:ID00001011|ID00001011_scopeNoMPU_core:SCOPENOMPU_CORE|ID00001011_scopeNoMPU_datapath:SCOPENOMPU_DP|ID00001012_scopeSignalMapper_core:MAPPERCORE|ID00001012_scopeSignalMapper_controlpath:SCOPEMAPPER_CP|cnt_cols[8]                                                                                   ; ID00001011_aipScopeNoMPU:ID00001011|ID00001011_scopeNoMPU_core:SCOPENOMPU_CORE|ID00001011_scopeNoMPU_datapath:SCOPENOMPU_DP|ID00001012_scopeSignalMapper_core:MAPPERCORE|ID00001012_scopeSignalMapper_controlpath:SCOPEMAPPER_CP|cnt_cols[8]                                                                             ; clk          ; clk         ; 0.000        ; 0.073      ; 0.597      ;
; 0.353 ; ID00001011_aipScopeNoMPU:ID00001011|ID00001011_scopeNoMPU_core:SCOPENOMPU_CORE|ID00001011_scopeNoMPU_datapath:SCOPENOMPU_DP|intpolFrac_core:INTPOLFRAC_CORE|intpolFrac_controlpath:INTFRAC_CP|state_reg.INTPOL_BUSY                                                                                                            ; ID00001011_aipScopeNoMPU:ID00001011|ID00001011_scopeNoMPU_core:SCOPENOMPU_CORE|ID00001011_scopeNoMPU_datapath:SCOPENOMPU_DP|intpolFrac_core:INTPOLFRAC_CORE|intpolFrac_controlpath:INTFRAC_CP|state_reg.INTPOL_BUSY                                                                                                      ; clk          ; clk         ; 0.000        ; 0.073      ; 0.597      ;
; 0.353 ; ID00001011_aipScopeNoMPU:ID00001011|ID00001011_scopeNoMPU_core:SCOPENOMPU_CORE|ID00001011_scopeNoMPU_datapath:SCOPENOMPU_DP|intpolFrac_core:INTPOLFRAC_CORE|intpolFrac_datapath:INTFRAC_DP|intpol2scope_core:INTPOL_CORE|intpol2scope_fsm:FSM1|copy_cnt[10]                                                                    ; ID00001011_aipScopeNoMPU:ID00001011|ID00001011_scopeNoMPU_core:SCOPENOMPU_CORE|ID00001011_scopeNoMPU_datapath:SCOPENOMPU_DP|intpolFrac_core:INTPOLFRAC_CORE|intpolFrac_datapath:INTFRAC_DP|intpol2scope_core:INTPOL_CORE|intpol2scope_fsm:FSM1|copy_cnt[10]                                                              ; clk          ; clk         ; 0.000        ; 0.073      ; 0.597      ;
; 0.353 ; ID00001011_aipScopeNoMPU:ID00001011|ID00001011_scopeNoMPU_core:SCOPENOMPU_CORE|ID00001011_scopeNoMPU_datapath:SCOPENOMPU_DP|intpolFrac_core:INTPOLFRAC_CORE|intpolFrac_datapath:INTFRAC_DP|intpol2scope_core:INTPOL_CORE|intpol2scope_fsm:FSM1|state_reg.COPY_LAST                                                             ; ID00001011_aipScopeNoMPU:ID00001011|ID00001011_scopeNoMPU_core:SCOPENOMPU_CORE|ID00001011_scopeNoMPU_datapath:SCOPENOMPU_DP|intpolFrac_core:INTPOLFRAC_CORE|intpolFrac_datapath:INTFRAC_DP|intpol2scope_core:INTPOL_CORE|intpol2scope_fsm:FSM1|state_reg.COPY_LAST                                                       ; clk          ; clk         ; 0.000        ; 0.073      ; 0.597      ;
; 0.353 ; ID00001011_aipScopeNoMPU:ID00001011|ID00001011_scopeNoMPU_core:SCOPENOMPU_CORE|ID00001011_scopeNoMPU_datapath:SCOPENOMPU_DP|intpolFrac_core:INTPOLFRAC_CORE|intpolFrac_datapath:INTFRAC_DP|intpol2scope_core:INTPOL_CORE|intpol2scope_fsm:FSM1|state_reg.CONFIG                                                                ; ID00001011_aipScopeNoMPU:ID00001011|ID00001011_scopeNoMPU_core:SCOPENOMPU_CORE|ID00001011_scopeNoMPU_datapath:SCOPENOMPU_DP|intpolFrac_core:INTPOLFRAC_CORE|intpolFrac_datapath:INTFRAC_DP|intpol2scope_core:INTPOL_CORE|intpol2scope_fsm:FSM1|state_reg.CONFIG                                                          ; clk          ; clk         ; 0.000        ; 0.073      ; 0.597      ;
; 0.353 ; ID00001011_aipScopeNoMPU:ID00001011|ID00001011_scopeNoMPU_core:SCOPENOMPU_CORE|ID00001011_scopeNoMPU_datapath:SCOPENOMPU_DP|intpolFrac_core:INTPOLFRAC_CORE|intpolFrac_datapath:INTFRAC_DP|intpol2scope_core:INTPOL_CORE|intpol2scope_fsm:FSM1|state_reg.WAIT_CONFIG                                                           ; ID00001011_aipScopeNoMPU:ID00001011|ID00001011_scopeNoMPU_core:SCOPENOMPU_CORE|ID00001011_scopeNoMPU_datapath:SCOPENOMPU_DP|intpolFrac_core:INTPOLFRAC_CORE|intpolFrac_datapath:INTFRAC_DP|intpol2scope_core:INTPOL_CORE|intpol2scope_fsm:FSM1|state_reg.WAIT_CONFIG                                                     ; clk          ; clk         ; 0.000        ; 0.073      ; 0.597      ;
; 0.353 ; ID00001011_aipScopeNoMPU:ID00001011|ID00001011_scopeNoMPU_core:SCOPENOMPU_CORE|ID00001011_scopeNoMPU_datapath:SCOPENOMPU_DP|intpolFrac_core:INTPOLFRAC_CORE|intpolFrac_datapath:INTFRAC_DP|intpol2scope_core:INTPOL_CORE|intpol2scope_fsm:FSM1|copy_round[1]                                                                   ; ID00001011_aipScopeNoMPU:ID00001011|ID00001011_scopeNoMPU_core:SCOPENOMPU_CORE|ID00001011_scopeNoMPU_datapath:SCOPENOMPU_DP|intpolFrac_core:INTPOLFRAC_CORE|intpolFrac_datapath:INTFRAC_DP|intpol2scope_core:INTPOL_CORE|intpol2scope_fsm:FSM1|copy_round[1]                                                             ; clk          ; clk         ; 0.000        ; 0.073      ; 0.597      ;
; 0.353 ; ID00001011_aipScopeNoMPU:ID00001011|ID00001011_scopeNoMPU_core:SCOPENOMPU_CORE|ID00001011_scopeNoMPU_datapath:SCOPENOMPU_DP|intpolFrac_core:INTPOLFRAC_CORE|intpolFrac_datapath:INTFRAC_DP|intpol2scope_core:INTPOL_CORE|intpol2scope_fsm:FSM1|copy_round[0]                                                                   ; ID00001011_aipScopeNoMPU:ID00001011|ID00001011_scopeNoMPU_core:SCOPENOMPU_CORE|ID00001011_scopeNoMPU_datapath:SCOPENOMPU_DP|intpolFrac_core:INTPOLFRAC_CORE|intpolFrac_datapath:INTFRAC_DP|intpol2scope_core:INTPOL_CORE|intpol2scope_fsm:FSM1|copy_round[0]                                                             ; clk          ; clk         ; 0.000        ; 0.073      ; 0.597      ;
; 0.353 ; ID00001011_aipScopeNoMPU:ID00001011|ID00001011_scopeNoMPU_core:SCOPENOMPU_CORE|ID00001011_scopeNoMPU_datapath:SCOPENOMPU_DP|ID0000100D_collector2scope_core:ID0000100D_COLLECTOR_CORE|ID0000100D_collector2scope_datapath:ID0000100D_DP|intpol2scope_core:COLLECT_INTPOL_CORE0|config_reg_0[0]                                 ; ID00001011_aipScopeNoMPU:ID00001011|ID00001011_scopeNoMPU_core:SCOPENOMPU_CORE|ID00001011_scopeNoMPU_datapath:SCOPENOMPU_DP|ID0000100D_collector2scope_core:ID0000100D_COLLECTOR_CORE|ID0000100D_collector2scope_datapath:ID0000100D_DP|intpol2scope_core:COLLECT_INTPOL_CORE0|config_reg_0[0]                           ; clk          ; clk         ; 0.000        ; 0.073      ; 0.597      ;
; 0.353 ; ID00001011_aipScopeNoMPU:ID00001011|ID00001011_scopeNoMPU_core:SCOPENOMPU_CORE|ID00001011_scopeNoMPU_datapath:SCOPENOMPU_DP|ID00001012_scopeSignalMapper_core:MAPPERCORE|ID00001012_scopeSignalMapper_controlpath:SCOPEMAPPER_CP|acc_on                                                                                        ; ID00001011_aipScopeNoMPU:ID00001011|ID00001011_scopeNoMPU_core:SCOPENOMPU_CORE|ID00001011_scopeNoMPU_datapath:SCOPENOMPU_DP|ID00001012_scopeSignalMapper_core:MAPPERCORE|ID00001012_scopeSignalMapper_controlpath:SCOPEMAPPER_CP|acc_on                                                                                  ; clk          ; clk         ; 0.000        ; 0.073      ; 0.597      ;
; 0.353 ; ID00001011_aipScopeNoMPU:ID00001011|ID00001011_scopeNoMPU_core:SCOPENOMPU_CORE|ID00001011_scopeNoMPU_controlpath:SCOPENOMPU_CP|avgRound1Cmp                                                                                                                                                                                    ; ID00001011_aipScopeNoMPU:ID00001011|ID00001011_scopeNoMPU_core:SCOPENOMPU_CORE|ID00001011_scopeNoMPU_controlpath:SCOPENOMPU_CP|avgRound1Cmp                                                                                                                                                                              ; clk          ; clk         ; 0.000        ; 0.073      ; 0.597      ;
; 0.354 ; ID00001011_aipScopeNoMPU:ID00001011|ID00001011_scopeNoMPU_core:SCOPENOMPU_CORE|ID00001011_scopeNoMPU_datapath:SCOPENOMPU_DP|regBitMem:RBM|data_out[1]                                                                                                                                                                          ; ID00001011_aipScopeNoMPU:ID00001011|ID00001011_scopeNoMPU_core:SCOPENOMPU_CORE|ID00001011_scopeNoMPU_datapath:SCOPENOMPU_DP|regBitMem:RBM|data_out[1]                                                                                                                                                                    ; clk          ; clk         ; 0.000        ; 0.072      ; 0.597      ;
; 0.354 ; ID00001011_aipScopeNoMPU:ID00001011|ID00001011_scopeNoMPU_core:SCOPENOMPU_CORE|ID00001011_scopeNoMPU_datapath:SCOPENOMPU_DP|regBitMem:RBM|data_out[3]                                                                                                                                                                          ; ID00001011_aipScopeNoMPU:ID00001011|ID00001011_scopeNoMPU_core:SCOPENOMPU_CORE|ID00001011_scopeNoMPU_datapath:SCOPENOMPU_DP|regBitMem:RBM|data_out[3]                                                                                                                                                                    ; clk          ; clk         ; 0.000        ; 0.072      ; 0.597      ;
; 0.354 ; ID00001011_aipScopeNoMPU:ID00001011|ID00001011_scopeNoMPU_core:SCOPENOMPU_CORE|ID00001011_scopeNoMPU_datapath:SCOPENOMPU_DP|regBitMem:RBM|data_out[11]                                                                                                                                                                         ; ID00001011_aipScopeNoMPU:ID00001011|ID00001011_scopeNoMPU_core:SCOPENOMPU_CORE|ID00001011_scopeNoMPU_datapath:SCOPENOMPU_DP|regBitMem:RBM|data_out[11]                                                                                                                                                                   ; clk          ; clk         ; 0.000        ; 0.072      ; 0.597      ;
; 0.354 ; ID00001011_aipScopeNoMPU:ID00001011|ID00001011_scopeNoMPU_core:SCOPENOMPU_CORE|ID00001011_scopeNoMPU_datapath:SCOPENOMPU_DP|regBitMem:RBM|data_out[17]                                                                                                                                                                         ; ID00001011_aipScopeNoMPU:ID00001011|ID00001011_scopeNoMPU_core:SCOPENOMPU_CORE|ID00001011_scopeNoMPU_datapath:SCOPENOMPU_DP|regBitMem:RBM|data_out[17]                                                                                                                                                                   ; clk          ; clk         ; 0.000        ; 0.072      ; 0.597      ;
; 0.354 ; ID00001011_aipScopeNoMPU:ID00001011|ID00001011_scopeNoMPU_core:SCOPENOMPU_CORE|ID00001011_scopeNoMPU_datapath:SCOPENOMPU_DP|regBitMem:RBM|data_out[13]                                                                                                                                                                         ; ID00001011_aipScopeNoMPU:ID00001011|ID00001011_scopeNoMPU_core:SCOPENOMPU_CORE|ID00001011_scopeNoMPU_datapath:SCOPENOMPU_DP|regBitMem:RBM|data_out[13]                                                                                                                                                                   ; clk          ; clk         ; 0.000        ; 0.072      ; 0.597      ;
; 0.354 ; ID00001011_aipScopeNoMPU:ID00001011|ID00001011_scopeNoMPU_core:SCOPENOMPU_CORE|ID00001011_scopeNoMPU_datapath:SCOPENOMPU_DP|regBitMem:RBM|data_out[15]                                                                                                                                                                         ; ID00001011_aipScopeNoMPU:ID00001011|ID00001011_scopeNoMPU_core:SCOPENOMPU_CORE|ID00001011_scopeNoMPU_datapath:SCOPENOMPU_DP|regBitMem:RBM|data_out[15]                                                                                                                                                                   ; clk          ; clk         ; 0.000        ; 0.072      ; 0.597      ;
; 0.354 ; ID00001011_aipScopeNoMPU:ID00001011|ID00001011_scopeNoMPU_core:SCOPENOMPU_CORE|ID00001011_scopeNoMPU_datapath:SCOPENOMPU_DP|regBitMem:RBM|data_out[7]                                                                                                                                                                          ; ID00001011_aipScopeNoMPU:ID00001011|ID00001011_scopeNoMPU_core:SCOPENOMPU_CORE|ID00001011_scopeNoMPU_datapath:SCOPENOMPU_DP|regBitMem:RBM|data_out[7]                                                                                                                                                                    ; clk          ; clk         ; 0.000        ; 0.072      ; 0.597      ;
; 0.354 ; ID00001011_aipScopeNoMPU:ID00001011|ID00001011_scopeNoMPU_core:SCOPENOMPU_CORE|ID00001011_scopeNoMPU_datapath:SCOPENOMPU_DP|regBitMem:RBM|data_out[9]                                                                                                                                                                          ; ID00001011_aipScopeNoMPU:ID00001011|ID00001011_scopeNoMPU_core:SCOPENOMPU_CORE|ID00001011_scopeNoMPU_datapath:SCOPENOMPU_DP|regBitMem:RBM|data_out[9]                                                                                                                                                                    ; clk          ; clk         ; 0.000        ; 0.072      ; 0.597      ;
; 0.354 ; ID00001011_aipScopeNoMPU:ID00001011|ID00001011_scopeNoMPU_core:SCOPENOMPU_CORE|ID00001011_scopeNoMPU_datapath:SCOPENOMPU_DP|regBitMem:RBM|data_out[5]                                                                                                                                                                          ; ID00001011_aipScopeNoMPU:ID00001011|ID00001011_scopeNoMPU_core:SCOPENOMPU_CORE|ID00001011_scopeNoMPU_datapath:SCOPENOMPU_DP|regBitMem:RBM|data_out[5]                                                                                                                                                                    ; clk          ; clk         ; 0.000        ; 0.072      ; 0.597      ;
; 0.354 ; ID00001011_aipScopeNoMPU:ID00001011|ID00001011_scopeNoMPU_core:SCOPENOMPU_CORE|ID00001011_scopeNoMPU_datapath:SCOPENOMPU_DP|regBitMem:RBM|data_out[31]                                                                                                                                                                         ; ID00001011_aipScopeNoMPU:ID00001011|ID00001011_scopeNoMPU_core:SCOPENOMPU_CORE|ID00001011_scopeNoMPU_datapath:SCOPENOMPU_DP|regBitMem:RBM|data_out[31]                                                                                                                                                                   ; clk          ; clk         ; 0.000        ; 0.072      ; 0.597      ;
; 0.354 ; ID00001011_aipScopeNoMPU:ID00001011|ID00001011_scopeNoMPU_core:SCOPENOMPU_CORE|ID00001011_scopeNoMPU_datapath:SCOPENOMPU_DP|regBitMem:RBM|data_out[27]                                                                                                                                                                         ; ID00001011_aipScopeNoMPU:ID00001011|ID00001011_scopeNoMPU_core:SCOPENOMPU_CORE|ID00001011_scopeNoMPU_datapath:SCOPENOMPU_DP|regBitMem:RBM|data_out[27]                                                                                                                                                                   ; clk          ; clk         ; 0.000        ; 0.072      ; 0.597      ;
; 0.354 ; ID00001011_aipScopeNoMPU:ID00001011|ID00001011_scopeNoMPU_core:SCOPENOMPU_CORE|ID00001011_scopeNoMPU_datapath:SCOPENOMPU_DP|regBitMem:RBM|data_out[29]                                                                                                                                                                         ; ID00001011_aipScopeNoMPU:ID00001011|ID00001011_scopeNoMPU_core:SCOPENOMPU_CORE|ID00001011_scopeNoMPU_datapath:SCOPENOMPU_DP|regBitMem:RBM|data_out[29]                                                                                                                                                                   ; clk          ; clk         ; 0.000        ; 0.072      ; 0.597      ;
; 0.354 ; ID00001011_aipScopeNoMPU:ID00001011|ID00001011_scopeNoMPU_core:SCOPENOMPU_CORE|ID00001011_scopeNoMPU_datapath:SCOPENOMPU_DP|regBitMem:RBM|data_out[23]                                                                                                                                                                         ; ID00001011_aipScopeNoMPU:ID00001011|ID00001011_scopeNoMPU_core:SCOPENOMPU_CORE|ID00001011_scopeNoMPU_datapath:SCOPENOMPU_DP|regBitMem:RBM|data_out[23]                                                                                                                                                                   ; clk          ; clk         ; 0.000        ; 0.072      ; 0.597      ;
; 0.354 ; ID00001011_aipScopeNoMPU:ID00001011|ID00001011_scopeNoMPU_core:SCOPENOMPU_CORE|ID00001011_scopeNoMPU_datapath:SCOPENOMPU_DP|regBitMem:RBM|data_out[25]                                                                                                                                                                         ; ID00001011_aipScopeNoMPU:ID00001011|ID00001011_scopeNoMPU_core:SCOPENOMPU_CORE|ID00001011_scopeNoMPU_datapath:SCOPENOMPU_DP|regBitMem:RBM|data_out[25]                                                                                                                                                                   ; clk          ; clk         ; 0.000        ; 0.072      ; 0.597      ;
; 0.354 ; ID00001011_aipScopeNoMPU:ID00001011|ID00001011_scopeNoMPU_core:SCOPENOMPU_CORE|ID00001011_scopeNoMPU_datapath:SCOPENOMPU_DP|regBitMem:RBM|data_out[19]                                                                                                                                                                         ; ID00001011_aipScopeNoMPU:ID00001011|ID00001011_scopeNoMPU_core:SCOPENOMPU_CORE|ID00001011_scopeNoMPU_datapath:SCOPENOMPU_DP|regBitMem:RBM|data_out[19]                                                                                                                                                                   ; clk          ; clk         ; 0.000        ; 0.072      ; 0.597      ;
+-------+--------------------------------------------------------------------------------------------------------------------------------------------------------------------------------------------------------------------------------------------------------------------------------------------------------------------------------+--------------------------------------------------------------------------------------------------------------------------------------------------------------------------------------------------------------------------------------------------------------------------------------------------------------------------+--------------+-------------+--------------+------------+------------+


+-----------------------------------------------------------------------------------------------------------------------------------------------------------------------------------------------------------------------------------------------------------------------------------------------------------------------------------------------------------------------------------------------------------------------+
; Slow 1200mV 0C Model Recovery: 'clk'                                                                                                                                                                                                                                                                                                                                                                                  ;
+--------+--------------------------------------------------------------------------------------------------------------------------------------------------------------------+-------------------------------------------------------------------------------------------------------------------------------------------------------------------+--------------+-------------+--------------+------------+------------+
; Slack  ; From Node                                                                                                                                                          ; To Node                                                                                                                                                           ; Launch Clock ; Latch Clock ; Relationship ; Clock Skew ; Data Delay ;
+--------+--------------------------------------------------------------------------------------------------------------------------------------------------------------------+-------------------------------------------------------------------------------------------------------------------------------------------------------------------+--------------+-------------+--------------+------------+------------+
; -3.153 ; ID00001011_aipScopeNoMPU:ID00001011|ID00001011_scopeNoMPU_core:SCOPENOMPU_CORE|ID00001011_scopeNoMPU_datapath:SCOPENOMPU_DP|ID0000204D_FFT_core:FFT_Inst|_245_[9]  ; ID00001011_aipScopeNoMPU:ID00001011|ID00001011_scopeNoMPU_core:SCOPENOMPU_CORE|ID00001011_scopeNoMPU_datapath:SCOPENOMPU_DP|ID0000204D_FFT_core:FFT_Inst|_047_[1] ; clk          ; clk         ; 1.000        ; -0.078     ; 4.074      ;
; -3.111 ; ID00001011_aipScopeNoMPU:ID00001011|ID00001011_scopeNoMPU_core:SCOPENOMPU_CORE|ID00001011_scopeNoMPU_datapath:SCOPENOMPU_DP|ID0000204D_FFT_core:FFT_Inst|_245_[9]  ; ID00001011_aipScopeNoMPU:ID00001011|ID00001011_scopeNoMPU_core:SCOPENOMPU_CORE|ID00001011_scopeNoMPU_datapath:SCOPENOMPU_DP|ID0000204D_FFT_core:FFT_Inst|_164_[2] ; clk          ; clk         ; 1.000        ; -0.079     ; 4.031      ;
; -2.999 ; ID00001011_aipScopeNoMPU:ID00001011|ID00001011_scopeNoMPU_core:SCOPENOMPU_CORE|ID00001011_scopeNoMPU_datapath:SCOPENOMPU_DP|ID0000204D_FFT_core:FFT_Inst|_245_[4]  ; ID00001011_aipScopeNoMPU:ID00001011|ID00001011_scopeNoMPU_core:SCOPENOMPU_CORE|ID00001011_scopeNoMPU_datapath:SCOPENOMPU_DP|ID0000204D_FFT_core:FFT_Inst|_047_[1] ; clk          ; clk         ; 1.000        ; -0.078     ; 3.920      ;
; -2.958 ; ID00001011_aipScopeNoMPU:ID00001011|ID00001011_scopeNoMPU_core:SCOPENOMPU_CORE|ID00001011_scopeNoMPU_datapath:SCOPENOMPU_DP|ID0000204D_FFT_core:FFT_Inst|_245_[4]  ; ID00001011_aipScopeNoMPU:ID00001011|ID00001011_scopeNoMPU_core:SCOPENOMPU_CORE|ID00001011_scopeNoMPU_datapath:SCOPENOMPU_DP|ID0000204D_FFT_core:FFT_Inst|_164_[2] ; clk          ; clk         ; 1.000        ; -0.079     ; 3.878      ;
; -2.934 ; ID00001011_aipScopeNoMPU:ID00001011|ID00001011_scopeNoMPU_core:SCOPENOMPU_CORE|ID00001011_scopeNoMPU_datapath:SCOPENOMPU_DP|ID0000204D_FFT_core:FFT_Inst|_245_[0]  ; ID00001011_aipScopeNoMPU:ID00001011|ID00001011_scopeNoMPU_core:SCOPENOMPU_CORE|ID00001011_scopeNoMPU_datapath:SCOPENOMPU_DP|ID0000204D_FFT_core:FFT_Inst|_047_[1] ; clk          ; clk         ; 1.000        ; -0.078     ; 3.855      ;
; -2.917 ; ID00001011_aipScopeNoMPU:ID00001011|ID00001011_scopeNoMPU_core:SCOPENOMPU_CORE|ID00001011_scopeNoMPU_datapath:SCOPENOMPU_DP|ID0000204D_FFT_core:FFT_Inst|_245_[7]  ; ID00001011_aipScopeNoMPU:ID00001011|ID00001011_scopeNoMPU_core:SCOPENOMPU_CORE|ID00001011_scopeNoMPU_datapath:SCOPENOMPU_DP|ID0000204D_FFT_core:FFT_Inst|_047_[1] ; clk          ; clk         ; 1.000        ; -0.078     ; 3.838      ;
; -2.908 ; ID00001011_aipScopeNoMPU:ID00001011|ID00001011_scopeNoMPU_core:SCOPENOMPU_CORE|ID00001011_scopeNoMPU_datapath:SCOPENOMPU_DP|ID0000204D_FFT_core:FFT_Inst|_245_[6]  ; ID00001011_aipScopeNoMPU:ID00001011|ID00001011_scopeNoMPU_core:SCOPENOMPU_CORE|ID00001011_scopeNoMPU_datapath:SCOPENOMPU_DP|ID0000204D_FFT_core:FFT_Inst|_047_[1] ; clk          ; clk         ; 1.000        ; -0.078     ; 3.829      ;
; -2.892 ; ID00001011_aipScopeNoMPU:ID00001011|ID00001011_scopeNoMPU_core:SCOPENOMPU_CORE|ID00001011_scopeNoMPU_datapath:SCOPENOMPU_DP|ID0000204D_FFT_core:FFT_Inst|_245_[0]  ; ID00001011_aipScopeNoMPU:ID00001011|ID00001011_scopeNoMPU_core:SCOPENOMPU_CORE|ID00001011_scopeNoMPU_datapath:SCOPENOMPU_DP|ID0000204D_FFT_core:FFT_Inst|_164_[2] ; clk          ; clk         ; 1.000        ; -0.079     ; 3.812      ;
; -2.880 ; ID00001011_aipScopeNoMPU:ID00001011|ID00001011_scopeNoMPU_core:SCOPENOMPU_CORE|ID00001011_scopeNoMPU_datapath:SCOPENOMPU_DP|ID0000204D_FFT_core:FFT_Inst|_245_[12] ; ID00001011_aipScopeNoMPU:ID00001011|ID00001011_scopeNoMPU_core:SCOPENOMPU_CORE|ID00001011_scopeNoMPU_datapath:SCOPENOMPU_DP|ID0000204D_FFT_core:FFT_Inst|_047_[1] ; clk          ; clk         ; 1.000        ; -0.071     ; 3.808      ;
; -2.875 ; ID00001011_aipScopeNoMPU:ID00001011|ID00001011_scopeNoMPU_core:SCOPENOMPU_CORE|ID00001011_scopeNoMPU_datapath:SCOPENOMPU_DP|ID0000204D_FFT_core:FFT_Inst|_245_[7]  ; ID00001011_aipScopeNoMPU:ID00001011|ID00001011_scopeNoMPU_core:SCOPENOMPU_CORE|ID00001011_scopeNoMPU_datapath:SCOPENOMPU_DP|ID0000204D_FFT_core:FFT_Inst|_164_[2] ; clk          ; clk         ; 1.000        ; -0.079     ; 3.795      ;
; -2.866 ; ID00001011_aipScopeNoMPU:ID00001011|ID00001011_scopeNoMPU_core:SCOPENOMPU_CORE|ID00001011_scopeNoMPU_datapath:SCOPENOMPU_DP|ID0000204D_FFT_core:FFT_Inst|_245_[6]  ; ID00001011_aipScopeNoMPU:ID00001011|ID00001011_scopeNoMPU_core:SCOPENOMPU_CORE|ID00001011_scopeNoMPU_datapath:SCOPENOMPU_DP|ID0000204D_FFT_core:FFT_Inst|_164_[2] ; clk          ; clk         ; 1.000        ; -0.079     ; 3.786      ;
; -2.841 ; ID00001011_aipScopeNoMPU:ID00001011|ID00001011_scopeNoMPU_core:SCOPENOMPU_CORE|ID00001011_scopeNoMPU_datapath:SCOPENOMPU_DP|ID0000204D_FFT_core:FFT_Inst|_245_[17] ; ID00001011_aipScopeNoMPU:ID00001011|ID00001011_scopeNoMPU_core:SCOPENOMPU_CORE|ID00001011_scopeNoMPU_datapath:SCOPENOMPU_DP|ID0000204D_FFT_core:FFT_Inst|_047_[1] ; clk          ; clk         ; 1.000        ; -0.072     ; 3.768      ;
; -2.839 ; ID00001011_aipScopeNoMPU:ID00001011|ID00001011_scopeNoMPU_core:SCOPENOMPU_CORE|ID00001011_scopeNoMPU_datapath:SCOPENOMPU_DP|ID0000204D_FFT_core:FFT_Inst|_245_[5]  ; ID00001011_aipScopeNoMPU:ID00001011|ID00001011_scopeNoMPU_core:SCOPENOMPU_CORE|ID00001011_scopeNoMPU_datapath:SCOPENOMPU_DP|ID0000204D_FFT_core:FFT_Inst|_047_[1] ; clk          ; clk         ; 1.000        ; -0.078     ; 3.760      ;
; -2.838 ; ID00001011_aipScopeNoMPU:ID00001011|ID00001011_scopeNoMPU_core:SCOPENOMPU_CORE|ID00001011_scopeNoMPU_datapath:SCOPENOMPU_DP|ID0000204D_FFT_core:FFT_Inst|_245_[12] ; ID00001011_aipScopeNoMPU:ID00001011|ID00001011_scopeNoMPU_core:SCOPENOMPU_CORE|ID00001011_scopeNoMPU_datapath:SCOPENOMPU_DP|ID0000204D_FFT_core:FFT_Inst|_164_[2] ; clk          ; clk         ; 1.000        ; -0.072     ; 3.765      ;
; -2.835 ; ID00001011_aipScopeNoMPU:ID00001011|ID00001011_scopeNoMPU_core:SCOPENOMPU_CORE|ID00001011_scopeNoMPU_datapath:SCOPENOMPU_DP|ID0000204D_FFT_core:FFT_Inst|_245_[24] ; ID00001011_aipScopeNoMPU:ID00001011|ID00001011_scopeNoMPU_core:SCOPENOMPU_CORE|ID00001011_scopeNoMPU_datapath:SCOPENOMPU_DP|ID0000204D_FFT_core:FFT_Inst|_047_[1] ; clk          ; clk         ; 1.000        ; -0.072     ; 3.762      ;
; -2.830 ; ID00001011_aipScopeNoMPU:ID00001011|ID00001011_scopeNoMPU_core:SCOPENOMPU_CORE|ID00001011_scopeNoMPU_datapath:SCOPENOMPU_DP|ID0000204D_FFT_core:FFT_Inst|_245_[9]  ; ID00001011_aipScopeNoMPU:ID00001011|ID00001011_scopeNoMPU_core:SCOPENOMPU_CORE|ID00001011_scopeNoMPU_datapath:SCOPENOMPU_DP|ID0000204D_FFT_core:FFT_Inst|_082_[0] ; clk          ; clk         ; 1.000        ; 0.274      ; 4.103      ;
; -2.825 ; ID00001011_aipScopeNoMPU:ID00001011|ID00001011_scopeNoMPU_core:SCOPENOMPU_CORE|ID00001011_scopeNoMPU_datapath:SCOPENOMPU_DP|ID0000204D_FFT_core:FFT_Inst|_245_[18] ; ID00001011_aipScopeNoMPU:ID00001011|ID00001011_scopeNoMPU_core:SCOPENOMPU_CORE|ID00001011_scopeNoMPU_datapath:SCOPENOMPU_DP|ID0000204D_FFT_core:FFT_Inst|_047_[1] ; clk          ; clk         ; 1.000        ; -0.072     ; 3.752      ;
; -2.823 ; ID00001011_aipScopeNoMPU:ID00001011|ID00001011_scopeNoMPU_core:SCOPENOMPU_CORE|ID00001011_scopeNoMPU_datapath:SCOPENOMPU_DP|ID0000204D_FFT_core:FFT_Inst|_245_[3]  ; ID00001011_aipScopeNoMPU:ID00001011|ID00001011_scopeNoMPU_core:SCOPENOMPU_CORE|ID00001011_scopeNoMPU_datapath:SCOPENOMPU_DP|ID0000204D_FFT_core:FFT_Inst|_047_[1] ; clk          ; clk         ; 1.000        ; -0.078     ; 3.744      ;
; -2.802 ; ID00001011_aipScopeNoMPU:ID00001011|ID00001011_scopeNoMPU_core:SCOPENOMPU_CORE|ID00001011_scopeNoMPU_datapath:SCOPENOMPU_DP|ID0000204D_FFT_core:FFT_Inst|_245_[34] ; ID00001011_aipScopeNoMPU:ID00001011|ID00001011_scopeNoMPU_core:SCOPENOMPU_CORE|ID00001011_scopeNoMPU_datapath:SCOPENOMPU_DP|ID0000204D_FFT_core:FFT_Inst|_047_[1] ; clk          ; clk         ; 1.000        ; -0.077     ; 3.724      ;
; -2.799 ; ID00001011_aipScopeNoMPU:ID00001011|ID00001011_scopeNoMPU_core:SCOPENOMPU_CORE|ID00001011_scopeNoMPU_datapath:SCOPENOMPU_DP|ID0000204D_FFT_core:FFT_Inst|_245_[17] ; ID00001011_aipScopeNoMPU:ID00001011|ID00001011_scopeNoMPU_core:SCOPENOMPU_CORE|ID00001011_scopeNoMPU_datapath:SCOPENOMPU_DP|ID0000204D_FFT_core:FFT_Inst|_164_[2] ; clk          ; clk         ; 1.000        ; -0.073     ; 3.725      ;
; -2.797 ; ID00001011_aipScopeNoMPU:ID00001011|ID00001011_scopeNoMPU_core:SCOPENOMPU_CORE|ID00001011_scopeNoMPU_datapath:SCOPENOMPU_DP|ID0000204D_FFT_core:FFT_Inst|_245_[5]  ; ID00001011_aipScopeNoMPU:ID00001011|ID00001011_scopeNoMPU_core:SCOPENOMPU_CORE|ID00001011_scopeNoMPU_datapath:SCOPENOMPU_DP|ID0000204D_FFT_core:FFT_Inst|_164_[2] ; clk          ; clk         ; 1.000        ; -0.079     ; 3.717      ;
; -2.794 ; ID00001011_aipScopeNoMPU:ID00001011|ID00001011_scopeNoMPU_core:SCOPENOMPU_CORE|ID00001011_scopeNoMPU_datapath:SCOPENOMPU_DP|ID0000204D_FFT_core:FFT_Inst|_245_[9]  ; ID00001011_aipScopeNoMPU:ID00001011|ID00001011_scopeNoMPU_core:SCOPENOMPU_CORE|ID00001011_scopeNoMPU_datapath:SCOPENOMPU_DP|ID0000204D_FFT_core:FFT_Inst|_082_[6] ; clk          ; clk         ; 1.000        ; 0.310      ; 4.103      ;
; -2.794 ; ID00001011_aipScopeNoMPU:ID00001011|ID00001011_scopeNoMPU_core:SCOPENOMPU_CORE|ID00001011_scopeNoMPU_datapath:SCOPENOMPU_DP|ID0000204D_FFT_core:FFT_Inst|_245_[9]  ; ID00001011_aipScopeNoMPU:ID00001011|ID00001011_scopeNoMPU_core:SCOPENOMPU_CORE|ID00001011_scopeNoMPU_datapath:SCOPENOMPU_DP|ID0000204D_FFT_core:FFT_Inst|_082_[5] ; clk          ; clk         ; 1.000        ; 0.310      ; 4.103      ;
; -2.794 ; ID00001011_aipScopeNoMPU:ID00001011|ID00001011_scopeNoMPU_core:SCOPENOMPU_CORE|ID00001011_scopeNoMPU_datapath:SCOPENOMPU_DP|ID0000204D_FFT_core:FFT_Inst|_245_[9]  ; ID00001011_aipScopeNoMPU:ID00001011|ID00001011_scopeNoMPU_core:SCOPENOMPU_CORE|ID00001011_scopeNoMPU_datapath:SCOPENOMPU_DP|ID0000204D_FFT_core:FFT_Inst|_082_[4] ; clk          ; clk         ; 1.000        ; 0.310      ; 4.103      ;
; -2.794 ; ID00001011_aipScopeNoMPU:ID00001011|ID00001011_scopeNoMPU_core:SCOPENOMPU_CORE|ID00001011_scopeNoMPU_datapath:SCOPENOMPU_DP|ID0000204D_FFT_core:FFT_Inst|_245_[9]  ; ID00001011_aipScopeNoMPU:ID00001011|ID00001011_scopeNoMPU_core:SCOPENOMPU_CORE|ID00001011_scopeNoMPU_datapath:SCOPENOMPU_DP|ID0000204D_FFT_core:FFT_Inst|_082_[3] ; clk          ; clk         ; 1.000        ; 0.310      ; 4.103      ;
; -2.794 ; ID00001011_aipScopeNoMPU:ID00001011|ID00001011_scopeNoMPU_core:SCOPENOMPU_CORE|ID00001011_scopeNoMPU_datapath:SCOPENOMPU_DP|ID0000204D_FFT_core:FFT_Inst|_245_[9]  ; ID00001011_aipScopeNoMPU:ID00001011|ID00001011_scopeNoMPU_core:SCOPENOMPU_CORE|ID00001011_scopeNoMPU_datapath:SCOPENOMPU_DP|ID0000204D_FFT_core:FFT_Inst|_082_[2] ; clk          ; clk         ; 1.000        ; 0.310      ; 4.103      ;
; -2.794 ; ID00001011_aipScopeNoMPU:ID00001011|ID00001011_scopeNoMPU_core:SCOPENOMPU_CORE|ID00001011_scopeNoMPU_datapath:SCOPENOMPU_DP|ID0000204D_FFT_core:FFT_Inst|_245_[9]  ; ID00001011_aipScopeNoMPU:ID00001011|ID00001011_scopeNoMPU_core:SCOPENOMPU_CORE|ID00001011_scopeNoMPU_datapath:SCOPENOMPU_DP|ID0000204D_FFT_core:FFT_Inst|_082_[1] ; clk          ; clk         ; 1.000        ; 0.310      ; 4.103      ;
; -2.793 ; ID00001011_aipScopeNoMPU:ID00001011|ID00001011_scopeNoMPU_core:SCOPENOMPU_CORE|ID00001011_scopeNoMPU_datapath:SCOPENOMPU_DP|ID0000204D_FFT_core:FFT_Inst|_245_[24] ; ID00001011_aipScopeNoMPU:ID00001011|ID00001011_scopeNoMPU_core:SCOPENOMPU_CORE|ID00001011_scopeNoMPU_datapath:SCOPENOMPU_DP|ID0000204D_FFT_core:FFT_Inst|_164_[2] ; clk          ; clk         ; 1.000        ; -0.073     ; 3.719      ;
; -2.783 ; ID00001011_aipScopeNoMPU:ID00001011|ID00001011_scopeNoMPU_core:SCOPENOMPU_CORE|ID00001011_scopeNoMPU_datapath:SCOPENOMPU_DP|ID0000204D_FFT_core:FFT_Inst|_245_[18] ; ID00001011_aipScopeNoMPU:ID00001011|ID00001011_scopeNoMPU_core:SCOPENOMPU_CORE|ID00001011_scopeNoMPU_datapath:SCOPENOMPU_DP|ID0000204D_FFT_core:FFT_Inst|_164_[2] ; clk          ; clk         ; 1.000        ; -0.073     ; 3.709      ;
; -2.781 ; ID00001011_aipScopeNoMPU:ID00001011|ID00001011_scopeNoMPU_core:SCOPENOMPU_CORE|ID00001011_scopeNoMPU_datapath:SCOPENOMPU_DP|ID0000204D_FFT_core:FFT_Inst|_245_[3]  ; ID00001011_aipScopeNoMPU:ID00001011|ID00001011_scopeNoMPU_core:SCOPENOMPU_CORE|ID00001011_scopeNoMPU_datapath:SCOPENOMPU_DP|ID0000204D_FFT_core:FFT_Inst|_164_[2] ; clk          ; clk         ; 1.000        ; -0.079     ; 3.701      ;
; -2.774 ; ID00001011_aipScopeNoMPU:ID00001011|ID00001011_scopeNoMPU_core:SCOPENOMPU_CORE|ID00001011_scopeNoMPU_datapath:SCOPENOMPU_DP|ID0000204D_FFT_core:FFT_Inst|_245_[32] ; ID00001011_aipScopeNoMPU:ID00001011|ID00001011_scopeNoMPU_core:SCOPENOMPU_CORE|ID00001011_scopeNoMPU_datapath:SCOPENOMPU_DP|ID0000204D_FFT_core:FFT_Inst|_047_[1] ; clk          ; clk         ; 1.000        ; -0.077     ; 3.696      ;
; -2.773 ; ID00001011_aipScopeNoMPU:ID00001011|ID00001011_scopeNoMPU_core:SCOPENOMPU_CORE|ID00001011_scopeNoMPU_datapath:SCOPENOMPU_DP|ID0000204D_FFT_core:FFT_Inst|_245_[9]  ; ID00001011_aipScopeNoMPU:ID00001011|ID00001011_scopeNoMPU_core:SCOPENOMPU_CORE|ID00001011_scopeNoMPU_datapath:SCOPENOMPU_DP|ID0000204D_FFT_core:FFT_Inst|_047_[6] ; clk          ; clk         ; 1.000        ; 0.302      ; 4.074      ;
; -2.773 ; ID00001011_aipScopeNoMPU:ID00001011|ID00001011_scopeNoMPU_core:SCOPENOMPU_CORE|ID00001011_scopeNoMPU_datapath:SCOPENOMPU_DP|ID0000204D_FFT_core:FFT_Inst|_245_[9]  ; ID00001011_aipScopeNoMPU:ID00001011|ID00001011_scopeNoMPU_core:SCOPENOMPU_CORE|ID00001011_scopeNoMPU_datapath:SCOPENOMPU_DP|ID0000204D_FFT_core:FFT_Inst|_047_[5] ; clk          ; clk         ; 1.000        ; 0.302      ; 4.074      ;
; -2.773 ; ID00001011_aipScopeNoMPU:ID00001011|ID00001011_scopeNoMPU_core:SCOPENOMPU_CORE|ID00001011_scopeNoMPU_datapath:SCOPENOMPU_DP|ID0000204D_FFT_core:FFT_Inst|_245_[9]  ; ID00001011_aipScopeNoMPU:ID00001011|ID00001011_scopeNoMPU_core:SCOPENOMPU_CORE|ID00001011_scopeNoMPU_datapath:SCOPENOMPU_DP|ID0000204D_FFT_core:FFT_Inst|_047_[4] ; clk          ; clk         ; 1.000        ; 0.302      ; 4.074      ;
; -2.773 ; ID00001011_aipScopeNoMPU:ID00001011|ID00001011_scopeNoMPU_core:SCOPENOMPU_CORE|ID00001011_scopeNoMPU_datapath:SCOPENOMPU_DP|ID0000204D_FFT_core:FFT_Inst|_245_[9]  ; ID00001011_aipScopeNoMPU:ID00001011|ID00001011_scopeNoMPU_core:SCOPENOMPU_CORE|ID00001011_scopeNoMPU_datapath:SCOPENOMPU_DP|ID0000204D_FFT_core:FFT_Inst|_047_[3] ; clk          ; clk         ; 1.000        ; 0.302      ; 4.074      ;
; -2.773 ; ID00001011_aipScopeNoMPU:ID00001011|ID00001011_scopeNoMPU_core:SCOPENOMPU_CORE|ID00001011_scopeNoMPU_datapath:SCOPENOMPU_DP|ID0000204D_FFT_core:FFT_Inst|_245_[9]  ; ID00001011_aipScopeNoMPU:ID00001011|ID00001011_scopeNoMPU_core:SCOPENOMPU_CORE|ID00001011_scopeNoMPU_datapath:SCOPENOMPU_DP|ID0000204D_FFT_core:FFT_Inst|_047_[2] ; clk          ; clk         ; 1.000        ; 0.302      ; 4.074      ;
; -2.773 ; ID00001011_aipScopeNoMPU:ID00001011|ID00001011_scopeNoMPU_core:SCOPENOMPU_CORE|ID00001011_scopeNoMPU_datapath:SCOPENOMPU_DP|ID0000204D_FFT_core:FFT_Inst|_245_[9]  ; ID00001011_aipScopeNoMPU:ID00001011|ID00001011_scopeNoMPU_core:SCOPENOMPU_CORE|ID00001011_scopeNoMPU_datapath:SCOPENOMPU_DP|ID0000204D_FFT_core:FFT_Inst|_047_[0] ; clk          ; clk         ; 1.000        ; 0.302      ; 4.074      ;
; -2.773 ; ID00001011_aipScopeNoMPU:ID00001011|ID00001011_scopeNoMPU_core:SCOPENOMPU_CORE|ID00001011_scopeNoMPU_datapath:SCOPENOMPU_DP|ID0000204D_FFT_core:FFT_Inst|_245_[9]  ; ID00001011_aipScopeNoMPU:ID00001011|ID00001011_scopeNoMPU_core:SCOPENOMPU_CORE|ID00001011_scopeNoMPU_datapath:SCOPENOMPU_DP|ID0000204D_FFT_core:FFT_Inst|_071_    ; clk          ; clk         ; 1.000        ; 0.302      ; 4.074      ;
; -2.773 ; ID00001011_aipScopeNoMPU:ID00001011|ID00001011_scopeNoMPU_core:SCOPENOMPU_CORE|ID00001011_scopeNoMPU_datapath:SCOPENOMPU_DP|ID0000204D_FFT_core:FFT_Inst|_245_[9]  ; ID00001011_aipScopeNoMPU:ID00001011|ID00001011_scopeNoMPU_core:SCOPENOMPU_CORE|ID00001011_scopeNoMPU_datapath:SCOPENOMPU_DP|ID0000204D_FFT_core:FFT_Inst|_069_[1] ; clk          ; clk         ; 1.000        ; 0.302      ; 4.074      ;
; -2.765 ; ID00001011_aipScopeNoMPU:ID00001011|ID00001011_scopeNoMPU_core:SCOPENOMPU_CORE|ID00001011_scopeNoMPU_datapath:SCOPENOMPU_DP|ID0000204D_FFT_core:FFT_Inst|_245_[9]  ; ID00001011_aipScopeNoMPU:ID00001011|ID00001011_scopeNoMPU_core:SCOPENOMPU_CORE|ID00001011_scopeNoMPU_datapath:SCOPENOMPU_DP|ID0000204D_FFT_core:FFT_Inst|_182_    ; clk          ; clk         ; 1.000        ; 0.303      ; 4.067      ;
; -2.765 ; ID00001011_aipScopeNoMPU:ID00001011|ID00001011_scopeNoMPU_core:SCOPENOMPU_CORE|ID00001011_scopeNoMPU_datapath:SCOPENOMPU_DP|ID0000204D_FFT_core:FFT_Inst|_245_[9]  ; ID00001011_aipScopeNoMPU:ID00001011|ID00001011_scopeNoMPU_core:SCOPENOMPU_CORE|ID00001011_scopeNoMPU_datapath:SCOPENOMPU_DP|ID0000204D_FFT_core:FFT_Inst|_181_    ; clk          ; clk         ; 1.000        ; 0.303      ; 4.067      ;
; -2.765 ; ID00001011_aipScopeNoMPU:ID00001011|ID00001011_scopeNoMPU_core:SCOPENOMPU_CORE|ID00001011_scopeNoMPU_datapath:SCOPENOMPU_DP|ID0000204D_FFT_core:FFT_Inst|_245_[9]  ; ID00001011_aipScopeNoMPU:ID00001011|ID00001011_scopeNoMPU_core:SCOPENOMPU_CORE|ID00001011_scopeNoMPU_datapath:SCOPENOMPU_DP|ID0000204D_FFT_core:FFT_Inst|_183_    ; clk          ; clk         ; 1.000        ; 0.303      ; 4.067      ;
; -2.765 ; ID00001011_aipScopeNoMPU:ID00001011|ID00001011_scopeNoMPU_core:SCOPENOMPU_CORE|ID00001011_scopeNoMPU_datapath:SCOPENOMPU_DP|ID0000204D_FFT_core:FFT_Inst|_245_[9]  ; ID00001011_aipScopeNoMPU:ID00001011|ID00001011_scopeNoMPU_core:SCOPENOMPU_CORE|ID00001011_scopeNoMPU_datapath:SCOPENOMPU_DP|ID0000204D_FFT_core:FFT_Inst|_166_[1] ; clk          ; clk         ; 1.000        ; 0.303      ; 4.067      ;
; -2.763 ; ID00001011_aipScopeNoMPU:ID00001011|ID00001011_scopeNoMPU_core:SCOPENOMPU_CORE|ID00001011_scopeNoMPU_datapath:SCOPENOMPU_DP|ID0000204D_FFT_core:FFT_Inst|_245_[9]  ; ID00001011_aipScopeNoMPU:ID00001011|ID00001011_scopeNoMPU_core:SCOPENOMPU_CORE|ID00001011_scopeNoMPU_datapath:SCOPENOMPU_DP|ID0000204D_FFT_core:FFT_Inst|_164_[0] ; clk          ; clk         ; 1.000        ; 0.267      ; 4.029      ;
; -2.761 ; ID00001011_aipScopeNoMPU:ID00001011|ID00001011_scopeNoMPU_core:SCOPENOMPU_CORE|ID00001011_scopeNoMPU_datapath:SCOPENOMPU_DP|ID0000204D_FFT_core:FFT_Inst|_245_[34] ; ID00001011_aipScopeNoMPU:ID00001011|ID00001011_scopeNoMPU_core:SCOPENOMPU_CORE|ID00001011_scopeNoMPU_datapath:SCOPENOMPU_DP|ID0000204D_FFT_core:FFT_Inst|_164_[2] ; clk          ; clk         ; 1.000        ; -0.078     ; 3.682      ;
; -2.756 ; ID00001011_aipScopeNoMPU:ID00001011|ID00001011_scopeNoMPU_core:SCOPENOMPU_CORE|ID00001011_scopeNoMPU_datapath:SCOPENOMPU_DP|ID0000204D_FFT_core:FFT_Inst|_245_[9]  ; ID00001011_aipScopeNoMPU:ID00001011|ID00001011_scopeNoMPU_core:SCOPENOMPU_CORE|ID00001011_scopeNoMPU_datapath:SCOPENOMPU_DP|ID0000204D_FFT_core:FFT_Inst|_165_[1] ; clk          ; clk         ; 1.000        ; 0.330      ; 4.085      ;
; -2.756 ; ID00001011_aipScopeNoMPU:ID00001011|ID00001011_scopeNoMPU_core:SCOPENOMPU_CORE|ID00001011_scopeNoMPU_datapath:SCOPENOMPU_DP|ID0000204D_FFT_core:FFT_Inst|_245_[9]  ; ID00001011_aipScopeNoMPU:ID00001011|ID00001011_scopeNoMPU_core:SCOPENOMPU_CORE|ID00001011_scopeNoMPU_datapath:SCOPENOMPU_DP|ID0000204D_FFT_core:FFT_Inst|_165_[3] ; clk          ; clk         ; 1.000        ; 0.330      ; 4.085      ;
; -2.756 ; ID00001011_aipScopeNoMPU:ID00001011|ID00001011_scopeNoMPU_core:SCOPENOMPU_CORE|ID00001011_scopeNoMPU_datapath:SCOPENOMPU_DP|ID0000204D_FFT_core:FFT_Inst|_245_[9]  ; ID00001011_aipScopeNoMPU:ID00001011|ID00001011_scopeNoMPU_core:SCOPENOMPU_CORE|ID00001011_scopeNoMPU_datapath:SCOPENOMPU_DP|ID0000204D_FFT_core:FFT_Inst|_165_[7] ; clk          ; clk         ; 1.000        ; 0.330      ; 4.085      ;
; -2.732 ; ID00001011_aipScopeNoMPU:ID00001011|ID00001011_scopeNoMPU_core:SCOPENOMPU_CORE|ID00001011_scopeNoMPU_datapath:SCOPENOMPU_DP|ID0000204D_FFT_core:FFT_Inst|_245_[32] ; ID00001011_aipScopeNoMPU:ID00001011|ID00001011_scopeNoMPU_core:SCOPENOMPU_CORE|ID00001011_scopeNoMPU_datapath:SCOPENOMPU_DP|ID0000204D_FFT_core:FFT_Inst|_164_[2] ; clk          ; clk         ; 1.000        ; -0.078     ; 3.653      ;
; -2.731 ; ID00001011_aipScopeNoMPU:ID00001011|ID00001011_scopeNoMPU_core:SCOPENOMPU_CORE|ID00001011_scopeNoMPU_datapath:SCOPENOMPU_DP|ID0000204D_FFT_core:FFT_Inst|_245_[9]  ; ID00001011_aipScopeNoMPU:ID00001011|ID00001011_scopeNoMPU_core:SCOPENOMPU_CORE|ID00001011_scopeNoMPU_datapath:SCOPENOMPU_DP|ID0000204D_FFT_core:FFT_Inst|_164_[1] ; clk          ; clk         ; 1.000        ; 0.301      ; 4.031      ;
; -2.728 ; ID00001011_aipScopeNoMPU:ID00001011|ID00001011_scopeNoMPU_core:SCOPENOMPU_CORE|ID00001011_scopeNoMPU_datapath:SCOPENOMPU_DP|ID0000204D_FFT_core:FFT_Inst|_245_[19] ; ID00001011_aipScopeNoMPU:ID00001011|ID00001011_scopeNoMPU_core:SCOPENOMPU_CORE|ID00001011_scopeNoMPU_datapath:SCOPENOMPU_DP|ID0000204D_FFT_core:FFT_Inst|_047_[1] ; clk          ; clk         ; 1.000        ; -0.072     ; 3.655      ;
; -2.708 ; ID00001011_aipScopeNoMPU:ID00001011|ID00001011_scopeNoMPU_core:SCOPENOMPU_CORE|ID00001011_scopeNoMPU_datapath:SCOPENOMPU_DP|ID0000204D_FFT_core:FFT_Inst|_245_[10] ; ID00001011_aipScopeNoMPU:ID00001011|ID00001011_scopeNoMPU_core:SCOPENOMPU_CORE|ID00001011_scopeNoMPU_datapath:SCOPENOMPU_DP|ID0000204D_FFT_core:FFT_Inst|_047_[1] ; clk          ; clk         ; 1.000        ; -0.072     ; 3.635      ;
; -2.706 ; ID00001011_aipScopeNoMPU:ID00001011|ID00001011_scopeNoMPU_core:SCOPENOMPU_CORE|ID00001011_scopeNoMPU_datapath:SCOPENOMPU_DP|ID0000204D_FFT_core:FFT_Inst|_245_[8]  ; ID00001011_aipScopeNoMPU:ID00001011|ID00001011_scopeNoMPU_core:SCOPENOMPU_CORE|ID00001011_scopeNoMPU_datapath:SCOPENOMPU_DP|ID0000204D_FFT_core:FFT_Inst|_047_[1] ; clk          ; clk         ; 1.000        ; -0.078     ; 3.627      ;
; -2.701 ; ID00001011_aipScopeNoMPU:ID00001011|ID00001011_scopeNoMPU_core:SCOPENOMPU_CORE|ID00001011_scopeNoMPU_datapath:SCOPENOMPU_DP|ID0000204D_FFT_core:FFT_Inst|_245_[9]  ; ID00001011_aipScopeNoMPU:ID00001011|ID00001011_scopeNoMPU_core:SCOPENOMPU_CORE|ID00001011_scopeNoMPU_datapath:SCOPENOMPU_DP|ID0000204D_FFT_core:FFT_Inst|_166_[2] ; clk          ; clk         ; 1.000        ; 0.329      ; 4.029      ;
; -2.701 ; ID00001011_aipScopeNoMPU:ID00001011|ID00001011_scopeNoMPU_core:SCOPENOMPU_CORE|ID00001011_scopeNoMPU_datapath:SCOPENOMPU_DP|ID0000204D_FFT_core:FFT_Inst|_245_[9]  ; ID00001011_aipScopeNoMPU:ID00001011|ID00001011_scopeNoMPU_core:SCOPENOMPU_CORE|ID00001011_scopeNoMPU_datapath:SCOPENOMPU_DP|ID0000204D_FFT_core:FFT_Inst|_165_[0] ; clk          ; clk         ; 1.000        ; 0.329      ; 4.029      ;
; -2.687 ; ID00001011_aipScopeNoMPU:ID00001011|ID00001011_scopeNoMPU_core:SCOPENOMPU_CORE|ID00001011_scopeNoMPU_datapath:SCOPENOMPU_DP|ID0000204D_FFT_core:FFT_Inst|_245_[19] ; ID00001011_aipScopeNoMPU:ID00001011|ID00001011_scopeNoMPU_core:SCOPENOMPU_CORE|ID00001011_scopeNoMPU_datapath:SCOPENOMPU_DP|ID0000204D_FFT_core:FFT_Inst|_164_[2] ; clk          ; clk         ; 1.000        ; -0.073     ; 3.613      ;
; -2.682 ; ID00001011_aipScopeNoMPU:ID00001011|ID00001011_scopeNoMPU_core:SCOPENOMPU_CORE|ID00001011_scopeNoMPU_datapath:SCOPENOMPU_DP|ID0000204D_FFT_core:FFT_Inst|_245_[1]  ; ID00001011_aipScopeNoMPU:ID00001011|ID00001011_scopeNoMPU_core:SCOPENOMPU_CORE|ID00001011_scopeNoMPU_datapath:SCOPENOMPU_DP|ID0000204D_FFT_core:FFT_Inst|_047_[1] ; clk          ; clk         ; 1.000        ; -0.078     ; 3.603      ;
; -2.679 ; ID00001011_aipScopeNoMPU:ID00001011|ID00001011_scopeNoMPU_core:SCOPENOMPU_CORE|ID00001011_scopeNoMPU_datapath:SCOPENOMPU_DP|ID0000204D_FFT_core:FFT_Inst|_245_[4]  ; ID00001011_aipScopeNoMPU:ID00001011|ID00001011_scopeNoMPU_core:SCOPENOMPU_CORE|ID00001011_scopeNoMPU_datapath:SCOPENOMPU_DP|ID0000204D_FFT_core:FFT_Inst|_082_[0] ; clk          ; clk         ; 1.000        ; 0.274      ; 3.952      ;
; -2.669 ; ID00001011_aipScopeNoMPU:ID00001011|ID00001011_scopeNoMPU_core:SCOPENOMPU_CORE|ID00001011_scopeNoMPU_datapath:SCOPENOMPU_DP|ID0000204D_FFT_core:FFT_Inst|_245_[20] ; ID00001011_aipScopeNoMPU:ID00001011|ID00001011_scopeNoMPU_core:SCOPENOMPU_CORE|ID00001011_scopeNoMPU_datapath:SCOPENOMPU_DP|ID0000204D_FFT_core:FFT_Inst|_047_[1] ; clk          ; clk         ; 1.000        ; -0.071     ; 3.597      ;
; -2.666 ; ID00001011_aipScopeNoMPU:ID00001011|ID00001011_scopeNoMPU_core:SCOPENOMPU_CORE|ID00001011_scopeNoMPU_datapath:SCOPENOMPU_DP|ID0000204D_FFT_core:FFT_Inst|_245_[10] ; ID00001011_aipScopeNoMPU:ID00001011|ID00001011_scopeNoMPU_core:SCOPENOMPU_CORE|ID00001011_scopeNoMPU_datapath:SCOPENOMPU_DP|ID0000204D_FFT_core:FFT_Inst|_164_[2] ; clk          ; clk         ; 1.000        ; -0.073     ; 3.592      ;
; -2.665 ; ID00001011_aipScopeNoMPU:ID00001011|ID00001011_scopeNoMPU_core:SCOPENOMPU_CORE|ID00001011_scopeNoMPU_datapath:SCOPENOMPU_DP|ID0000204D_FFT_core:FFT_Inst|_245_[8]  ; ID00001011_aipScopeNoMPU:ID00001011|ID00001011_scopeNoMPU_core:SCOPENOMPU_CORE|ID00001011_scopeNoMPU_datapath:SCOPENOMPU_DP|ID0000204D_FFT_core:FFT_Inst|_164_[2] ; clk          ; clk         ; 1.000        ; -0.079     ; 3.585      ;
; -2.661 ; ID00001011_aipScopeNoMPU:ID00001011|ID00001011_scopeNoMPU_core:SCOPENOMPU_CORE|ID00001011_scopeNoMPU_datapath:SCOPENOMPU_DP|ID0000204D_FFT_core:FFT_Inst|_245_[22] ; ID00001011_aipScopeNoMPU:ID00001011|ID00001011_scopeNoMPU_core:SCOPENOMPU_CORE|ID00001011_scopeNoMPU_datapath:SCOPENOMPU_DP|ID0000204D_FFT_core:FFT_Inst|_047_[1] ; clk          ; clk         ; 1.000        ; -0.071     ; 3.589      ;
; -2.654 ; ID00001011_aipScopeNoMPU:ID00001011|ID00001011_scopeNoMPU_core:SCOPENOMPU_CORE|ID00001011_scopeNoMPU_datapath:SCOPENOMPU_DP|ID0000204D_FFT_core:FFT_Inst|_245_[11] ; ID00001011_aipScopeNoMPU:ID00001011|ID00001011_scopeNoMPU_core:SCOPENOMPU_CORE|ID00001011_scopeNoMPU_datapath:SCOPENOMPU_DP|ID0000204D_FFT_core:FFT_Inst|_047_[1] ; clk          ; clk         ; 1.000        ; -0.071     ; 3.582      ;
; -2.643 ; ID00001011_aipScopeNoMPU:ID00001011|ID00001011_scopeNoMPU_core:SCOPENOMPU_CORE|ID00001011_scopeNoMPU_datapath:SCOPENOMPU_DP|ID0000204D_FFT_core:FFT_Inst|_245_[4]  ; ID00001011_aipScopeNoMPU:ID00001011|ID00001011_scopeNoMPU_core:SCOPENOMPU_CORE|ID00001011_scopeNoMPU_datapath:SCOPENOMPU_DP|ID0000204D_FFT_core:FFT_Inst|_082_[6] ; clk          ; clk         ; 1.000        ; 0.310      ; 3.952      ;
; -2.643 ; ID00001011_aipScopeNoMPU:ID00001011|ID00001011_scopeNoMPU_core:SCOPENOMPU_CORE|ID00001011_scopeNoMPU_datapath:SCOPENOMPU_DP|ID0000204D_FFT_core:FFT_Inst|_245_[4]  ; ID00001011_aipScopeNoMPU:ID00001011|ID00001011_scopeNoMPU_core:SCOPENOMPU_CORE|ID00001011_scopeNoMPU_datapath:SCOPENOMPU_DP|ID0000204D_FFT_core:FFT_Inst|_082_[5] ; clk          ; clk         ; 1.000        ; 0.310      ; 3.952      ;
; -2.643 ; ID00001011_aipScopeNoMPU:ID00001011|ID00001011_scopeNoMPU_core:SCOPENOMPU_CORE|ID00001011_scopeNoMPU_datapath:SCOPENOMPU_DP|ID0000204D_FFT_core:FFT_Inst|_245_[4]  ; ID00001011_aipScopeNoMPU:ID00001011|ID00001011_scopeNoMPU_core:SCOPENOMPU_CORE|ID00001011_scopeNoMPU_datapath:SCOPENOMPU_DP|ID0000204D_FFT_core:FFT_Inst|_082_[4] ; clk          ; clk         ; 1.000        ; 0.310      ; 3.952      ;
; -2.643 ; ID00001011_aipScopeNoMPU:ID00001011|ID00001011_scopeNoMPU_core:SCOPENOMPU_CORE|ID00001011_scopeNoMPU_datapath:SCOPENOMPU_DP|ID0000204D_FFT_core:FFT_Inst|_245_[4]  ; ID00001011_aipScopeNoMPU:ID00001011|ID00001011_scopeNoMPU_core:SCOPENOMPU_CORE|ID00001011_scopeNoMPU_datapath:SCOPENOMPU_DP|ID0000204D_FFT_core:FFT_Inst|_082_[3] ; clk          ; clk         ; 1.000        ; 0.310      ; 3.952      ;
; -2.643 ; ID00001011_aipScopeNoMPU:ID00001011|ID00001011_scopeNoMPU_core:SCOPENOMPU_CORE|ID00001011_scopeNoMPU_datapath:SCOPENOMPU_DP|ID0000204D_FFT_core:FFT_Inst|_245_[4]  ; ID00001011_aipScopeNoMPU:ID00001011|ID00001011_scopeNoMPU_core:SCOPENOMPU_CORE|ID00001011_scopeNoMPU_datapath:SCOPENOMPU_DP|ID0000204D_FFT_core:FFT_Inst|_082_[2] ; clk          ; clk         ; 1.000        ; 0.310      ; 3.952      ;
; -2.643 ; ID00001011_aipScopeNoMPU:ID00001011|ID00001011_scopeNoMPU_core:SCOPENOMPU_CORE|ID00001011_scopeNoMPU_datapath:SCOPENOMPU_DP|ID0000204D_FFT_core:FFT_Inst|_245_[4]  ; ID00001011_aipScopeNoMPU:ID00001011|ID00001011_scopeNoMPU_core:SCOPENOMPU_CORE|ID00001011_scopeNoMPU_datapath:SCOPENOMPU_DP|ID0000204D_FFT_core:FFT_Inst|_082_[1] ; clk          ; clk         ; 1.000        ; 0.310      ; 3.952      ;
; -2.640 ; ID00001011_aipScopeNoMPU:ID00001011|ID00001011_scopeNoMPU_core:SCOPENOMPU_CORE|ID00001011_scopeNoMPU_datapath:SCOPENOMPU_DP|ID0000204D_FFT_core:FFT_Inst|_245_[1]  ; ID00001011_aipScopeNoMPU:ID00001011|ID00001011_scopeNoMPU_core:SCOPENOMPU_CORE|ID00001011_scopeNoMPU_datapath:SCOPENOMPU_DP|ID0000204D_FFT_core:FFT_Inst|_164_[2] ; clk          ; clk         ; 1.000        ; -0.079     ; 3.560      ;
; -2.628 ; ID00001011_aipScopeNoMPU:ID00001011|ID00001011_scopeNoMPU_core:SCOPENOMPU_CORE|ID00001011_scopeNoMPU_datapath:SCOPENOMPU_DP|ID0000204D_FFT_core:FFT_Inst|_245_[20] ; ID00001011_aipScopeNoMPU:ID00001011|ID00001011_scopeNoMPU_core:SCOPENOMPU_CORE|ID00001011_scopeNoMPU_datapath:SCOPENOMPU_DP|ID0000204D_FFT_core:FFT_Inst|_164_[2] ; clk          ; clk         ; 1.000        ; -0.072     ; 3.555      ;
; -2.625 ; ID00001011_aipScopeNoMPU:ID00001011|ID00001011_scopeNoMPU_core:SCOPENOMPU_CORE|ID00001011_scopeNoMPU_datapath:SCOPENOMPU_DP|ID0000204D_FFT_core:FFT_Inst|_245_[15] ; ID00001011_aipScopeNoMPU:ID00001011|ID00001011_scopeNoMPU_core:SCOPENOMPU_CORE|ID00001011_scopeNoMPU_datapath:SCOPENOMPU_DP|ID0000204D_FFT_core:FFT_Inst|_047_[1] ; clk          ; clk         ; 1.000        ; -0.071     ; 3.553      ;
; -2.619 ; ID00001011_aipScopeNoMPU:ID00001011|ID00001011_scopeNoMPU_core:SCOPENOMPU_CORE|ID00001011_scopeNoMPU_datapath:SCOPENOMPU_DP|ID0000204D_FFT_core:FFT_Inst|_245_[22] ; ID00001011_aipScopeNoMPU:ID00001011|ID00001011_scopeNoMPU_core:SCOPENOMPU_CORE|ID00001011_scopeNoMPU_datapath:SCOPENOMPU_DP|ID0000204D_FFT_core:FFT_Inst|_164_[2] ; clk          ; clk         ; 1.000        ; -0.072     ; 3.546      ;
; -2.619 ; ID00001011_aipScopeNoMPU:ID00001011|ID00001011_scopeNoMPU_core:SCOPENOMPU_CORE|ID00001011_scopeNoMPU_datapath:SCOPENOMPU_DP|ID0000204D_FFT_core:FFT_Inst|_245_[4]  ; ID00001011_aipScopeNoMPU:ID00001011|ID00001011_scopeNoMPU_core:SCOPENOMPU_CORE|ID00001011_scopeNoMPU_datapath:SCOPENOMPU_DP|ID0000204D_FFT_core:FFT_Inst|_047_[6] ; clk          ; clk         ; 1.000        ; 0.302      ; 3.920      ;
; -2.619 ; ID00001011_aipScopeNoMPU:ID00001011|ID00001011_scopeNoMPU_core:SCOPENOMPU_CORE|ID00001011_scopeNoMPU_datapath:SCOPENOMPU_DP|ID0000204D_FFT_core:FFT_Inst|_245_[4]  ; ID00001011_aipScopeNoMPU:ID00001011|ID00001011_scopeNoMPU_core:SCOPENOMPU_CORE|ID00001011_scopeNoMPU_datapath:SCOPENOMPU_DP|ID0000204D_FFT_core:FFT_Inst|_047_[5] ; clk          ; clk         ; 1.000        ; 0.302      ; 3.920      ;
; -2.619 ; ID00001011_aipScopeNoMPU:ID00001011|ID00001011_scopeNoMPU_core:SCOPENOMPU_CORE|ID00001011_scopeNoMPU_datapath:SCOPENOMPU_DP|ID0000204D_FFT_core:FFT_Inst|_245_[4]  ; ID00001011_aipScopeNoMPU:ID00001011|ID00001011_scopeNoMPU_core:SCOPENOMPU_CORE|ID00001011_scopeNoMPU_datapath:SCOPENOMPU_DP|ID0000204D_FFT_core:FFT_Inst|_047_[4] ; clk          ; clk         ; 1.000        ; 0.302      ; 3.920      ;
; -2.619 ; ID00001011_aipScopeNoMPU:ID00001011|ID00001011_scopeNoMPU_core:SCOPENOMPU_CORE|ID00001011_scopeNoMPU_datapath:SCOPENOMPU_DP|ID0000204D_FFT_core:FFT_Inst|_245_[4]  ; ID00001011_aipScopeNoMPU:ID00001011|ID00001011_scopeNoMPU_core:SCOPENOMPU_CORE|ID00001011_scopeNoMPU_datapath:SCOPENOMPU_DP|ID0000204D_FFT_core:FFT_Inst|_047_[3] ; clk          ; clk         ; 1.000        ; 0.302      ; 3.920      ;
; -2.619 ; ID00001011_aipScopeNoMPU:ID00001011|ID00001011_scopeNoMPU_core:SCOPENOMPU_CORE|ID00001011_scopeNoMPU_datapath:SCOPENOMPU_DP|ID0000204D_FFT_core:FFT_Inst|_245_[4]  ; ID00001011_aipScopeNoMPU:ID00001011|ID00001011_scopeNoMPU_core:SCOPENOMPU_CORE|ID00001011_scopeNoMPU_datapath:SCOPENOMPU_DP|ID0000204D_FFT_core:FFT_Inst|_047_[2] ; clk          ; clk         ; 1.000        ; 0.302      ; 3.920      ;
; -2.619 ; ID00001011_aipScopeNoMPU:ID00001011|ID00001011_scopeNoMPU_core:SCOPENOMPU_CORE|ID00001011_scopeNoMPU_datapath:SCOPENOMPU_DP|ID0000204D_FFT_core:FFT_Inst|_245_[4]  ; ID00001011_aipScopeNoMPU:ID00001011|ID00001011_scopeNoMPU_core:SCOPENOMPU_CORE|ID00001011_scopeNoMPU_datapath:SCOPENOMPU_DP|ID0000204D_FFT_core:FFT_Inst|_047_[0] ; clk          ; clk         ; 1.000        ; 0.302      ; 3.920      ;
; -2.619 ; ID00001011_aipScopeNoMPU:ID00001011|ID00001011_scopeNoMPU_core:SCOPENOMPU_CORE|ID00001011_scopeNoMPU_datapath:SCOPENOMPU_DP|ID0000204D_FFT_core:FFT_Inst|_245_[4]  ; ID00001011_aipScopeNoMPU:ID00001011|ID00001011_scopeNoMPU_core:SCOPENOMPU_CORE|ID00001011_scopeNoMPU_datapath:SCOPENOMPU_DP|ID0000204D_FFT_core:FFT_Inst|_071_    ; clk          ; clk         ; 1.000        ; 0.302      ; 3.920      ;
; -2.619 ; ID00001011_aipScopeNoMPU:ID00001011|ID00001011_scopeNoMPU_core:SCOPENOMPU_CORE|ID00001011_scopeNoMPU_datapath:SCOPENOMPU_DP|ID0000204D_FFT_core:FFT_Inst|_245_[4]  ; ID00001011_aipScopeNoMPU:ID00001011|ID00001011_scopeNoMPU_core:SCOPENOMPU_CORE|ID00001011_scopeNoMPU_datapath:SCOPENOMPU_DP|ID0000204D_FFT_core:FFT_Inst|_069_[1] ; clk          ; clk         ; 1.000        ; 0.302      ; 3.920      ;
; -2.615 ; ID00001011_aipScopeNoMPU:ID00001011|ID00001011_scopeNoMPU_core:SCOPENOMPU_CORE|ID00001011_scopeNoMPU_datapath:SCOPENOMPU_DP|ID0000204D_FFT_core:FFT_Inst|_245_[4]  ; ID00001011_aipScopeNoMPU:ID00001011|ID00001011_scopeNoMPU_core:SCOPENOMPU_CORE|ID00001011_scopeNoMPU_datapath:SCOPENOMPU_DP|ID0000204D_FFT_core:FFT_Inst|_182_    ; clk          ; clk         ; 1.000        ; 0.303      ; 3.917      ;
; -2.615 ; ID00001011_aipScopeNoMPU:ID00001011|ID00001011_scopeNoMPU_core:SCOPENOMPU_CORE|ID00001011_scopeNoMPU_datapath:SCOPENOMPU_DP|ID0000204D_FFT_core:FFT_Inst|_245_[4]  ; ID00001011_aipScopeNoMPU:ID00001011|ID00001011_scopeNoMPU_core:SCOPENOMPU_CORE|ID00001011_scopeNoMPU_datapath:SCOPENOMPU_DP|ID0000204D_FFT_core:FFT_Inst|_164_[0] ; clk          ; clk         ; 1.000        ; 0.267      ; 3.881      ;
; -2.615 ; ID00001011_aipScopeNoMPU:ID00001011|ID00001011_scopeNoMPU_core:SCOPENOMPU_CORE|ID00001011_scopeNoMPU_datapath:SCOPENOMPU_DP|ID0000204D_FFT_core:FFT_Inst|_245_[4]  ; ID00001011_aipScopeNoMPU:ID00001011|ID00001011_scopeNoMPU_core:SCOPENOMPU_CORE|ID00001011_scopeNoMPU_datapath:SCOPENOMPU_DP|ID0000204D_FFT_core:FFT_Inst|_181_    ; clk          ; clk         ; 1.000        ; 0.303      ; 3.917      ;
; -2.615 ; ID00001011_aipScopeNoMPU:ID00001011|ID00001011_scopeNoMPU_core:SCOPENOMPU_CORE|ID00001011_scopeNoMPU_datapath:SCOPENOMPU_DP|ID0000204D_FFT_core:FFT_Inst|_245_[4]  ; ID00001011_aipScopeNoMPU:ID00001011|ID00001011_scopeNoMPU_core:SCOPENOMPU_CORE|ID00001011_scopeNoMPU_datapath:SCOPENOMPU_DP|ID0000204D_FFT_core:FFT_Inst|_183_    ; clk          ; clk         ; 1.000        ; 0.303      ; 3.917      ;
; -2.615 ; ID00001011_aipScopeNoMPU:ID00001011|ID00001011_scopeNoMPU_core:SCOPENOMPU_CORE|ID00001011_scopeNoMPU_datapath:SCOPENOMPU_DP|ID0000204D_FFT_core:FFT_Inst|_245_[4]  ; ID00001011_aipScopeNoMPU:ID00001011|ID00001011_scopeNoMPU_core:SCOPENOMPU_CORE|ID00001011_scopeNoMPU_datapath:SCOPENOMPU_DP|ID0000204D_FFT_core:FFT_Inst|_166_[1] ; clk          ; clk         ; 1.000        ; 0.303      ; 3.917      ;
; -2.612 ; ID00001011_aipScopeNoMPU:ID00001011|ID00001011_scopeNoMPU_core:SCOPENOMPU_CORE|ID00001011_scopeNoMPU_datapath:SCOPENOMPU_DP|ID0000204D_FFT_core:FFT_Inst|_245_[11] ; ID00001011_aipScopeNoMPU:ID00001011|ID00001011_scopeNoMPU_core:SCOPENOMPU_CORE|ID00001011_scopeNoMPU_datapath:SCOPENOMPU_DP|ID0000204D_FFT_core:FFT_Inst|_164_[2] ; clk          ; clk         ; 1.000        ; -0.072     ; 3.539      ;
; -2.611 ; ID00001011_aipScopeNoMPU:ID00001011|ID00001011_scopeNoMPU_core:SCOPENOMPU_CORE|ID00001011_scopeNoMPU_datapath:SCOPENOMPU_DP|ID0000204D_FFT_core:FFT_Inst|_245_[0]  ; ID00001011_aipScopeNoMPU:ID00001011|ID00001011_scopeNoMPU_core:SCOPENOMPU_CORE|ID00001011_scopeNoMPU_datapath:SCOPENOMPU_DP|ID0000204D_FFT_core:FFT_Inst|_082_[0] ; clk          ; clk         ; 1.000        ; 0.274      ; 3.884      ;
; -2.610 ; ID00001011_aipScopeNoMPU:ID00001011|ID00001011_scopeNoMPU_core:SCOPENOMPU_CORE|ID00001011_scopeNoMPU_datapath:SCOPENOMPU_DP|ID0000204D_FFT_core:FFT_Inst|_245_[4]  ; ID00001011_aipScopeNoMPU:ID00001011|ID00001011_scopeNoMPU_core:SCOPENOMPU_CORE|ID00001011_scopeNoMPU_datapath:SCOPENOMPU_DP|ID0000204D_FFT_core:FFT_Inst|_165_[1] ; clk          ; clk         ; 1.000        ; 0.330      ; 3.939      ;
; -2.610 ; ID00001011_aipScopeNoMPU:ID00001011|ID00001011_scopeNoMPU_core:SCOPENOMPU_CORE|ID00001011_scopeNoMPU_datapath:SCOPENOMPU_DP|ID0000204D_FFT_core:FFT_Inst|_245_[4]  ; ID00001011_aipScopeNoMPU:ID00001011|ID00001011_scopeNoMPU_core:SCOPENOMPU_CORE|ID00001011_scopeNoMPU_datapath:SCOPENOMPU_DP|ID0000204D_FFT_core:FFT_Inst|_165_[3] ; clk          ; clk         ; 1.000        ; 0.330      ; 3.939      ;
; -2.610 ; ID00001011_aipScopeNoMPU:ID00001011|ID00001011_scopeNoMPU_core:SCOPENOMPU_CORE|ID00001011_scopeNoMPU_datapath:SCOPENOMPU_DP|ID0000204D_FFT_core:FFT_Inst|_245_[4]  ; ID00001011_aipScopeNoMPU:ID00001011|ID00001011_scopeNoMPU_core:SCOPENOMPU_CORE|ID00001011_scopeNoMPU_datapath:SCOPENOMPU_DP|ID0000204D_FFT_core:FFT_Inst|_165_[7] ; clk          ; clk         ; 1.000        ; 0.330      ; 3.939      ;
; -2.609 ; ID00001011_aipScopeNoMPU:ID00001011|ID00001011_scopeNoMPU_core:SCOPENOMPU_CORE|ID00001011_scopeNoMPU_datapath:SCOPENOMPU_DP|ID0000204D_FFT_core:FFT_Inst|_245_[33] ; ID00001011_aipScopeNoMPU:ID00001011|ID00001011_scopeNoMPU_core:SCOPENOMPU_CORE|ID00001011_scopeNoMPU_datapath:SCOPENOMPU_DP|ID0000204D_FFT_core:FFT_Inst|_047_[1] ; clk          ; clk         ; 1.000        ; -0.077     ; 3.531      ;
; -2.594 ; ID00001011_aipScopeNoMPU:ID00001011|ID00001011_scopeNoMPU_core:SCOPENOMPU_CORE|ID00001011_scopeNoMPU_datapath:SCOPENOMPU_DP|ID0000204D_FFT_core:FFT_Inst|_245_[7]  ; ID00001011_aipScopeNoMPU:ID00001011|ID00001011_scopeNoMPU_core:SCOPENOMPU_CORE|ID00001011_scopeNoMPU_datapath:SCOPENOMPU_DP|ID0000204D_FFT_core:FFT_Inst|_082_[0] ; clk          ; clk         ; 1.000        ; 0.274      ; 3.867      ;
; -2.592 ; ID00001011_aipScopeNoMPU:ID00001011|ID00001011_scopeNoMPU_core:SCOPENOMPU_CORE|ID00001011_scopeNoMPU_datapath:SCOPENOMPU_DP|ID0000204D_FFT_core:FFT_Inst|_245_[13] ; ID00001011_aipScopeNoMPU:ID00001011|ID00001011_scopeNoMPU_core:SCOPENOMPU_CORE|ID00001011_scopeNoMPU_datapath:SCOPENOMPU_DP|ID0000204D_FFT_core:FFT_Inst|_047_[1] ; clk          ; clk         ; 1.000        ; -0.072     ; 3.519      ;
; -2.585 ; ID00001011_aipScopeNoMPU:ID00001011|ID00001011_scopeNoMPU_core:SCOPENOMPU_CORE|ID00001011_scopeNoMPU_datapath:SCOPENOMPU_DP|ID0000204D_FFT_core:FFT_Inst|_245_[6]  ; ID00001011_aipScopeNoMPU:ID00001011|ID00001011_scopeNoMPU_core:SCOPENOMPU_CORE|ID00001011_scopeNoMPU_datapath:SCOPENOMPU_DP|ID0000204D_FFT_core:FFT_Inst|_082_[0] ; clk          ; clk         ; 1.000        ; 0.274      ; 3.858      ;
; -2.583 ; ID00001011_aipScopeNoMPU:ID00001011|ID00001011_scopeNoMPU_core:SCOPENOMPU_CORE|ID00001011_scopeNoMPU_datapath:SCOPENOMPU_DP|ID0000204D_FFT_core:FFT_Inst|_245_[15] ; ID00001011_aipScopeNoMPU:ID00001011|ID00001011_scopeNoMPU_core:SCOPENOMPU_CORE|ID00001011_scopeNoMPU_datapath:SCOPENOMPU_DP|ID0000204D_FFT_core:FFT_Inst|_164_[2] ; clk          ; clk         ; 1.000        ; -0.072     ; 3.510      ;
; -2.578 ; ID00001011_aipScopeNoMPU:ID00001011|ID00001011_scopeNoMPU_core:SCOPENOMPU_CORE|ID00001011_scopeNoMPU_datapath:SCOPENOMPU_DP|ID0000204D_FFT_core:FFT_Inst|_245_[4]  ; ID00001011_aipScopeNoMPU:ID00001011|ID00001011_scopeNoMPU_core:SCOPENOMPU_CORE|ID00001011_scopeNoMPU_datapath:SCOPENOMPU_DP|ID0000204D_FFT_core:FFT_Inst|_164_[1] ; clk          ; clk         ; 1.000        ; 0.301      ; 3.878      ;
; -2.575 ; ID00001011_aipScopeNoMPU:ID00001011|ID00001011_scopeNoMPU_core:SCOPENOMPU_CORE|ID00001011_scopeNoMPU_datapath:SCOPENOMPU_DP|ID0000204D_FFT_core:FFT_Inst|_245_[0]  ; ID00001011_aipScopeNoMPU:ID00001011|ID00001011_scopeNoMPU_core:SCOPENOMPU_CORE|ID00001011_scopeNoMPU_datapath:SCOPENOMPU_DP|ID0000204D_FFT_core:FFT_Inst|_082_[6] ; clk          ; clk         ; 1.000        ; 0.310      ; 3.884      ;
; -2.575 ; ID00001011_aipScopeNoMPU:ID00001011|ID00001011_scopeNoMPU_core:SCOPENOMPU_CORE|ID00001011_scopeNoMPU_datapath:SCOPENOMPU_DP|ID0000204D_FFT_core:FFT_Inst|_245_[0]  ; ID00001011_aipScopeNoMPU:ID00001011|ID00001011_scopeNoMPU_core:SCOPENOMPU_CORE|ID00001011_scopeNoMPU_datapath:SCOPENOMPU_DP|ID0000204D_FFT_core:FFT_Inst|_082_[5] ; clk          ; clk         ; 1.000        ; 0.310      ; 3.884      ;
; -2.575 ; ID00001011_aipScopeNoMPU:ID00001011|ID00001011_scopeNoMPU_core:SCOPENOMPU_CORE|ID00001011_scopeNoMPU_datapath:SCOPENOMPU_DP|ID0000204D_FFT_core:FFT_Inst|_245_[0]  ; ID00001011_aipScopeNoMPU:ID00001011|ID00001011_scopeNoMPU_core:SCOPENOMPU_CORE|ID00001011_scopeNoMPU_datapath:SCOPENOMPU_DP|ID0000204D_FFT_core:FFT_Inst|_082_[4] ; clk          ; clk         ; 1.000        ; 0.310      ; 3.884      ;
+--------+--------------------------------------------------------------------------------------------------------------------------------------------------------------------+-------------------------------------------------------------------------------------------------------------------------------------------------------------------+--------------+-------------+--------------+------------+------------+


+----------------------------------------------------------------------------------------------------------------------------------------------------------------------------------------------------------------------------------------------------------------------------------------------------------------------------------------------------------------------------------------------------------------------+
; Slow 1200mV 0C Model Removal: 'clk'                                                                                                                                                                                                                                                                                                                                                                                  ;
+-------+--------------------------------------------------------------------------------------------------------------------------------------------------------------------+-------------------------------------------------------------------------------------------------------------------------------------------------------------------+--------------+-------------+--------------+------------+------------+
; Slack ; From Node                                                                                                                                                          ; To Node                                                                                                                                                           ; Launch Clock ; Latch Clock ; Relationship ; Clock Skew ; Data Delay ;
+-------+--------------------------------------------------------------------------------------------------------------------------------------------------------------------+-------------------------------------------------------------------------------------------------------------------------------------------------------------------+--------------+-------------+--------------+------------+------------+
; 1.966 ; ID00001011_aipScopeNoMPU:ID00001011|ID00001011_scopeNoMPU_core:SCOPENOMPU_CORE|ID00001011_scopeNoMPU_datapath:SCOPENOMPU_DP|ID0000204D_FFT_core:FFT_Inst|_245_[31] ; ID00001011_aipScopeNoMPU:ID00001011|ID00001011_scopeNoMPU_core:SCOPENOMPU_CORE|ID00001011_scopeNoMPU_datapath:SCOPENOMPU_DP|ID0000204D_FFT_core:FFT_Inst|_166_[3] ; clk          ; clk         ; 0.000        ; 0.430      ; 2.567      ;
; 1.966 ; ID00001011_aipScopeNoMPU:ID00001011|ID00001011_scopeNoMPU_core:SCOPENOMPU_CORE|ID00001011_scopeNoMPU_datapath:SCOPENOMPU_DP|ID0000204D_FFT_core:FFT_Inst|_245_[31] ; ID00001011_aipScopeNoMPU:ID00001011|ID00001011_scopeNoMPU_core:SCOPENOMPU_CORE|ID00001011_scopeNoMPU_datapath:SCOPENOMPU_DP|ID0000204D_FFT_core:FFT_Inst|_072_    ; clk          ; clk         ; 0.000        ; 0.430      ; 2.567      ;
; 1.966 ; ID00001011_aipScopeNoMPU:ID00001011|ID00001011_scopeNoMPU_core:SCOPENOMPU_CORE|ID00001011_scopeNoMPU_datapath:SCOPENOMPU_DP|ID0000204D_FFT_core:FFT_Inst|_245_[31] ; ID00001011_aipScopeNoMPU:ID00001011|ID00001011_scopeNoMPU_core:SCOPENOMPU_CORE|ID00001011_scopeNoMPU_datapath:SCOPENOMPU_DP|ID0000204D_FFT_core:FFT_Inst|_069_[4] ; clk          ; clk         ; 0.000        ; 0.430      ; 2.567      ;
; 1.966 ; ID00001011_aipScopeNoMPU:ID00001011|ID00001011_scopeNoMPU_core:SCOPENOMPU_CORE|ID00001011_scopeNoMPU_datapath:SCOPENOMPU_DP|ID0000204D_FFT_core:FFT_Inst|_245_[31] ; ID00001011_aipScopeNoMPU:ID00001011|ID00001011_scopeNoMPU_core:SCOPENOMPU_CORE|ID00001011_scopeNoMPU_datapath:SCOPENOMPU_DP|ID0000204D_FFT_core:FFT_Inst|_065_[6] ; clk          ; clk         ; 0.000        ; 0.430      ; 2.567      ;
; 1.966 ; ID00001011_aipScopeNoMPU:ID00001011|ID00001011_scopeNoMPU_core:SCOPENOMPU_CORE|ID00001011_scopeNoMPU_datapath:SCOPENOMPU_DP|ID0000204D_FFT_core:FFT_Inst|_245_[31] ; ID00001011_aipScopeNoMPU:ID00001011|ID00001011_scopeNoMPU_core:SCOPENOMPU_CORE|ID00001011_scopeNoMPU_datapath:SCOPENOMPU_DP|ID0000204D_FFT_core:FFT_Inst|_065_[5] ; clk          ; clk         ; 0.000        ; 0.430      ; 2.567      ;
; 1.966 ; ID00001011_aipScopeNoMPU:ID00001011|ID00001011_scopeNoMPU_core:SCOPENOMPU_CORE|ID00001011_scopeNoMPU_datapath:SCOPENOMPU_DP|ID0000204D_FFT_core:FFT_Inst|_245_[31] ; ID00001011_aipScopeNoMPU:ID00001011|ID00001011_scopeNoMPU_core:SCOPENOMPU_CORE|ID00001011_scopeNoMPU_datapath:SCOPENOMPU_DP|ID0000204D_FFT_core:FFT_Inst|_065_[4] ; clk          ; clk         ; 0.000        ; 0.430      ; 2.567      ;
; 1.966 ; ID00001011_aipScopeNoMPU:ID00001011|ID00001011_scopeNoMPU_core:SCOPENOMPU_CORE|ID00001011_scopeNoMPU_datapath:SCOPENOMPU_DP|ID0000204D_FFT_core:FFT_Inst|_245_[31] ; ID00001011_aipScopeNoMPU:ID00001011|ID00001011_scopeNoMPU_core:SCOPENOMPU_CORE|ID00001011_scopeNoMPU_datapath:SCOPENOMPU_DP|ID0000204D_FFT_core:FFT_Inst|_069_[2] ; clk          ; clk         ; 0.000        ; 0.430      ; 2.567      ;
; 2.080 ; ID00001011_aipScopeNoMPU:ID00001011|ID00001011_scopeNoMPU_core:SCOPENOMPU_CORE|ID00001011_scopeNoMPU_datapath:SCOPENOMPU_DP|ID0000204D_FFT_core:FFT_Inst|_245_[30] ; ID00001011_aipScopeNoMPU:ID00001011|ID00001011_scopeNoMPU_core:SCOPENOMPU_CORE|ID00001011_scopeNoMPU_datapath:SCOPENOMPU_DP|ID0000204D_FFT_core:FFT_Inst|_166_[3] ; clk          ; clk         ; 0.000        ; 0.430      ; 2.681      ;
; 2.080 ; ID00001011_aipScopeNoMPU:ID00001011|ID00001011_scopeNoMPU_core:SCOPENOMPU_CORE|ID00001011_scopeNoMPU_datapath:SCOPENOMPU_DP|ID0000204D_FFT_core:FFT_Inst|_245_[30] ; ID00001011_aipScopeNoMPU:ID00001011|ID00001011_scopeNoMPU_core:SCOPENOMPU_CORE|ID00001011_scopeNoMPU_datapath:SCOPENOMPU_DP|ID0000204D_FFT_core:FFT_Inst|_072_    ; clk          ; clk         ; 0.000        ; 0.430      ; 2.681      ;
; 2.080 ; ID00001011_aipScopeNoMPU:ID00001011|ID00001011_scopeNoMPU_core:SCOPENOMPU_CORE|ID00001011_scopeNoMPU_datapath:SCOPENOMPU_DP|ID0000204D_FFT_core:FFT_Inst|_245_[30] ; ID00001011_aipScopeNoMPU:ID00001011|ID00001011_scopeNoMPU_core:SCOPENOMPU_CORE|ID00001011_scopeNoMPU_datapath:SCOPENOMPU_DP|ID0000204D_FFT_core:FFT_Inst|_069_[4] ; clk          ; clk         ; 0.000        ; 0.430      ; 2.681      ;
; 2.080 ; ID00001011_aipScopeNoMPU:ID00001011|ID00001011_scopeNoMPU_core:SCOPENOMPU_CORE|ID00001011_scopeNoMPU_datapath:SCOPENOMPU_DP|ID0000204D_FFT_core:FFT_Inst|_245_[30] ; ID00001011_aipScopeNoMPU:ID00001011|ID00001011_scopeNoMPU_core:SCOPENOMPU_CORE|ID00001011_scopeNoMPU_datapath:SCOPENOMPU_DP|ID0000204D_FFT_core:FFT_Inst|_065_[6] ; clk          ; clk         ; 0.000        ; 0.430      ; 2.681      ;
; 2.080 ; ID00001011_aipScopeNoMPU:ID00001011|ID00001011_scopeNoMPU_core:SCOPENOMPU_CORE|ID00001011_scopeNoMPU_datapath:SCOPENOMPU_DP|ID0000204D_FFT_core:FFT_Inst|_245_[30] ; ID00001011_aipScopeNoMPU:ID00001011|ID00001011_scopeNoMPU_core:SCOPENOMPU_CORE|ID00001011_scopeNoMPU_datapath:SCOPENOMPU_DP|ID0000204D_FFT_core:FFT_Inst|_065_[5] ; clk          ; clk         ; 0.000        ; 0.430      ; 2.681      ;
; 2.080 ; ID00001011_aipScopeNoMPU:ID00001011|ID00001011_scopeNoMPU_core:SCOPENOMPU_CORE|ID00001011_scopeNoMPU_datapath:SCOPENOMPU_DP|ID0000204D_FFT_core:FFT_Inst|_245_[30] ; ID00001011_aipScopeNoMPU:ID00001011|ID00001011_scopeNoMPU_core:SCOPENOMPU_CORE|ID00001011_scopeNoMPU_datapath:SCOPENOMPU_DP|ID0000204D_FFT_core:FFT_Inst|_065_[4] ; clk          ; clk         ; 0.000        ; 0.430      ; 2.681      ;
; 2.080 ; ID00001011_aipScopeNoMPU:ID00001011|ID00001011_scopeNoMPU_core:SCOPENOMPU_CORE|ID00001011_scopeNoMPU_datapath:SCOPENOMPU_DP|ID0000204D_FFT_core:FFT_Inst|_245_[30] ; ID00001011_aipScopeNoMPU:ID00001011|ID00001011_scopeNoMPU_core:SCOPENOMPU_CORE|ID00001011_scopeNoMPU_datapath:SCOPENOMPU_DP|ID0000204D_FFT_core:FFT_Inst|_069_[2] ; clk          ; clk         ; 0.000        ; 0.430      ; 2.681      ;
; 2.086 ; ID00001011_aipScopeNoMPU:ID00001011|ID00001011_scopeNoMPU_core:SCOPENOMPU_CORE|ID00001011_scopeNoMPU_datapath:SCOPENOMPU_DP|ID0000204D_FFT_core:FFT_Inst|_245_[23] ; ID00001011_aipScopeNoMPU:ID00001011|ID00001011_scopeNoMPU_core:SCOPENOMPU_CORE|ID00001011_scopeNoMPU_datapath:SCOPENOMPU_DP|ID0000204D_FFT_core:FFT_Inst|_166_[3] ; clk          ; clk         ; 0.000        ; 0.436      ; 2.693      ;
; 2.086 ; ID00001011_aipScopeNoMPU:ID00001011|ID00001011_scopeNoMPU_core:SCOPENOMPU_CORE|ID00001011_scopeNoMPU_datapath:SCOPENOMPU_DP|ID0000204D_FFT_core:FFT_Inst|_245_[23] ; ID00001011_aipScopeNoMPU:ID00001011|ID00001011_scopeNoMPU_core:SCOPENOMPU_CORE|ID00001011_scopeNoMPU_datapath:SCOPENOMPU_DP|ID0000204D_FFT_core:FFT_Inst|_072_    ; clk          ; clk         ; 0.000        ; 0.436      ; 2.693      ;
; 2.086 ; ID00001011_aipScopeNoMPU:ID00001011|ID00001011_scopeNoMPU_core:SCOPENOMPU_CORE|ID00001011_scopeNoMPU_datapath:SCOPENOMPU_DP|ID0000204D_FFT_core:FFT_Inst|_245_[23] ; ID00001011_aipScopeNoMPU:ID00001011|ID00001011_scopeNoMPU_core:SCOPENOMPU_CORE|ID00001011_scopeNoMPU_datapath:SCOPENOMPU_DP|ID0000204D_FFT_core:FFT_Inst|_069_[4] ; clk          ; clk         ; 0.000        ; 0.436      ; 2.693      ;
; 2.086 ; ID00001011_aipScopeNoMPU:ID00001011|ID00001011_scopeNoMPU_core:SCOPENOMPU_CORE|ID00001011_scopeNoMPU_datapath:SCOPENOMPU_DP|ID0000204D_FFT_core:FFT_Inst|_245_[23] ; ID00001011_aipScopeNoMPU:ID00001011|ID00001011_scopeNoMPU_core:SCOPENOMPU_CORE|ID00001011_scopeNoMPU_datapath:SCOPENOMPU_DP|ID0000204D_FFT_core:FFT_Inst|_065_[6] ; clk          ; clk         ; 0.000        ; 0.436      ; 2.693      ;
; 2.086 ; ID00001011_aipScopeNoMPU:ID00001011|ID00001011_scopeNoMPU_core:SCOPENOMPU_CORE|ID00001011_scopeNoMPU_datapath:SCOPENOMPU_DP|ID0000204D_FFT_core:FFT_Inst|_245_[23] ; ID00001011_aipScopeNoMPU:ID00001011|ID00001011_scopeNoMPU_core:SCOPENOMPU_CORE|ID00001011_scopeNoMPU_datapath:SCOPENOMPU_DP|ID0000204D_FFT_core:FFT_Inst|_065_[5] ; clk          ; clk         ; 0.000        ; 0.436      ; 2.693      ;
; 2.086 ; ID00001011_aipScopeNoMPU:ID00001011|ID00001011_scopeNoMPU_core:SCOPENOMPU_CORE|ID00001011_scopeNoMPU_datapath:SCOPENOMPU_DP|ID0000204D_FFT_core:FFT_Inst|_245_[23] ; ID00001011_aipScopeNoMPU:ID00001011|ID00001011_scopeNoMPU_core:SCOPENOMPU_CORE|ID00001011_scopeNoMPU_datapath:SCOPENOMPU_DP|ID0000204D_FFT_core:FFT_Inst|_065_[4] ; clk          ; clk         ; 0.000        ; 0.436      ; 2.693      ;
; 2.086 ; ID00001011_aipScopeNoMPU:ID00001011|ID00001011_scopeNoMPU_core:SCOPENOMPU_CORE|ID00001011_scopeNoMPU_datapath:SCOPENOMPU_DP|ID0000204D_FFT_core:FFT_Inst|_245_[23] ; ID00001011_aipScopeNoMPU:ID00001011|ID00001011_scopeNoMPU_core:SCOPENOMPU_CORE|ID00001011_scopeNoMPU_datapath:SCOPENOMPU_DP|ID0000204D_FFT_core:FFT_Inst|_069_[2] ; clk          ; clk         ; 0.000        ; 0.436      ; 2.693      ;
; 2.097 ; ID00001011_aipScopeNoMPU:ID00001011|ID00001011_scopeNoMPU_core:SCOPENOMPU_CORE|ID00001011_scopeNoMPU_datapath:SCOPENOMPU_DP|ID0000204D_FFT_core:FFT_Inst|_245_[14] ; ID00001011_aipScopeNoMPU:ID00001011|ID00001011_scopeNoMPU_core:SCOPENOMPU_CORE|ID00001011_scopeNoMPU_datapath:SCOPENOMPU_DP|ID0000204D_FFT_core:FFT_Inst|_166_[3] ; clk          ; clk         ; 0.000        ; 0.435      ; 2.703      ;
; 2.097 ; ID00001011_aipScopeNoMPU:ID00001011|ID00001011_scopeNoMPU_core:SCOPENOMPU_CORE|ID00001011_scopeNoMPU_datapath:SCOPENOMPU_DP|ID0000204D_FFT_core:FFT_Inst|_245_[14] ; ID00001011_aipScopeNoMPU:ID00001011|ID00001011_scopeNoMPU_core:SCOPENOMPU_CORE|ID00001011_scopeNoMPU_datapath:SCOPENOMPU_DP|ID0000204D_FFT_core:FFT_Inst|_072_    ; clk          ; clk         ; 0.000        ; 0.435      ; 2.703      ;
; 2.097 ; ID00001011_aipScopeNoMPU:ID00001011|ID00001011_scopeNoMPU_core:SCOPENOMPU_CORE|ID00001011_scopeNoMPU_datapath:SCOPENOMPU_DP|ID0000204D_FFT_core:FFT_Inst|_245_[14] ; ID00001011_aipScopeNoMPU:ID00001011|ID00001011_scopeNoMPU_core:SCOPENOMPU_CORE|ID00001011_scopeNoMPU_datapath:SCOPENOMPU_DP|ID0000204D_FFT_core:FFT_Inst|_069_[4] ; clk          ; clk         ; 0.000        ; 0.435      ; 2.703      ;
; 2.097 ; ID00001011_aipScopeNoMPU:ID00001011|ID00001011_scopeNoMPU_core:SCOPENOMPU_CORE|ID00001011_scopeNoMPU_datapath:SCOPENOMPU_DP|ID0000204D_FFT_core:FFT_Inst|_245_[14] ; ID00001011_aipScopeNoMPU:ID00001011|ID00001011_scopeNoMPU_core:SCOPENOMPU_CORE|ID00001011_scopeNoMPU_datapath:SCOPENOMPU_DP|ID0000204D_FFT_core:FFT_Inst|_065_[6] ; clk          ; clk         ; 0.000        ; 0.435      ; 2.703      ;
; 2.097 ; ID00001011_aipScopeNoMPU:ID00001011|ID00001011_scopeNoMPU_core:SCOPENOMPU_CORE|ID00001011_scopeNoMPU_datapath:SCOPENOMPU_DP|ID0000204D_FFT_core:FFT_Inst|_245_[14] ; ID00001011_aipScopeNoMPU:ID00001011|ID00001011_scopeNoMPU_core:SCOPENOMPU_CORE|ID00001011_scopeNoMPU_datapath:SCOPENOMPU_DP|ID0000204D_FFT_core:FFT_Inst|_065_[5] ; clk          ; clk         ; 0.000        ; 0.435      ; 2.703      ;
; 2.097 ; ID00001011_aipScopeNoMPU:ID00001011|ID00001011_scopeNoMPU_core:SCOPENOMPU_CORE|ID00001011_scopeNoMPU_datapath:SCOPENOMPU_DP|ID0000204D_FFT_core:FFT_Inst|_245_[14] ; ID00001011_aipScopeNoMPU:ID00001011|ID00001011_scopeNoMPU_core:SCOPENOMPU_CORE|ID00001011_scopeNoMPU_datapath:SCOPENOMPU_DP|ID0000204D_FFT_core:FFT_Inst|_065_[4] ; clk          ; clk         ; 0.000        ; 0.435      ; 2.703      ;
; 2.097 ; ID00001011_aipScopeNoMPU:ID00001011|ID00001011_scopeNoMPU_core:SCOPENOMPU_CORE|ID00001011_scopeNoMPU_datapath:SCOPENOMPU_DP|ID0000204D_FFT_core:FFT_Inst|_245_[14] ; ID00001011_aipScopeNoMPU:ID00001011|ID00001011_scopeNoMPU_core:SCOPENOMPU_CORE|ID00001011_scopeNoMPU_datapath:SCOPENOMPU_DP|ID0000204D_FFT_core:FFT_Inst|_069_[2] ; clk          ; clk         ; 0.000        ; 0.435      ; 2.703      ;
; 2.106 ; ID00001011_aipScopeNoMPU:ID00001011|ID00001011_scopeNoMPU_core:SCOPENOMPU_CORE|ID00001011_scopeNoMPU_datapath:SCOPENOMPU_DP|ID0000204D_FFT_core:FFT_Inst|_245_[27] ; ID00001011_aipScopeNoMPU:ID00001011|ID00001011_scopeNoMPU_core:SCOPENOMPU_CORE|ID00001011_scopeNoMPU_datapath:SCOPENOMPU_DP|ID0000204D_FFT_core:FFT_Inst|_166_[3] ; clk          ; clk         ; 0.000        ; 0.431      ; 2.708      ;
; 2.106 ; ID00001011_aipScopeNoMPU:ID00001011|ID00001011_scopeNoMPU_core:SCOPENOMPU_CORE|ID00001011_scopeNoMPU_datapath:SCOPENOMPU_DP|ID0000204D_FFT_core:FFT_Inst|_245_[27] ; ID00001011_aipScopeNoMPU:ID00001011|ID00001011_scopeNoMPU_core:SCOPENOMPU_CORE|ID00001011_scopeNoMPU_datapath:SCOPENOMPU_DP|ID0000204D_FFT_core:FFT_Inst|_072_    ; clk          ; clk         ; 0.000        ; 0.431      ; 2.708      ;
; 2.106 ; ID00001011_aipScopeNoMPU:ID00001011|ID00001011_scopeNoMPU_core:SCOPENOMPU_CORE|ID00001011_scopeNoMPU_datapath:SCOPENOMPU_DP|ID0000204D_FFT_core:FFT_Inst|_245_[27] ; ID00001011_aipScopeNoMPU:ID00001011|ID00001011_scopeNoMPU_core:SCOPENOMPU_CORE|ID00001011_scopeNoMPU_datapath:SCOPENOMPU_DP|ID0000204D_FFT_core:FFT_Inst|_069_[4] ; clk          ; clk         ; 0.000        ; 0.431      ; 2.708      ;
; 2.106 ; ID00001011_aipScopeNoMPU:ID00001011|ID00001011_scopeNoMPU_core:SCOPENOMPU_CORE|ID00001011_scopeNoMPU_datapath:SCOPENOMPU_DP|ID0000204D_FFT_core:FFT_Inst|_245_[27] ; ID00001011_aipScopeNoMPU:ID00001011|ID00001011_scopeNoMPU_core:SCOPENOMPU_CORE|ID00001011_scopeNoMPU_datapath:SCOPENOMPU_DP|ID0000204D_FFT_core:FFT_Inst|_065_[6] ; clk          ; clk         ; 0.000        ; 0.431      ; 2.708      ;
; 2.106 ; ID00001011_aipScopeNoMPU:ID00001011|ID00001011_scopeNoMPU_core:SCOPENOMPU_CORE|ID00001011_scopeNoMPU_datapath:SCOPENOMPU_DP|ID0000204D_FFT_core:FFT_Inst|_245_[27] ; ID00001011_aipScopeNoMPU:ID00001011|ID00001011_scopeNoMPU_core:SCOPENOMPU_CORE|ID00001011_scopeNoMPU_datapath:SCOPENOMPU_DP|ID0000204D_FFT_core:FFT_Inst|_065_[5] ; clk          ; clk         ; 0.000        ; 0.431      ; 2.708      ;
; 2.106 ; ID00001011_aipScopeNoMPU:ID00001011|ID00001011_scopeNoMPU_core:SCOPENOMPU_CORE|ID00001011_scopeNoMPU_datapath:SCOPENOMPU_DP|ID0000204D_FFT_core:FFT_Inst|_245_[27] ; ID00001011_aipScopeNoMPU:ID00001011|ID00001011_scopeNoMPU_core:SCOPENOMPU_CORE|ID00001011_scopeNoMPU_datapath:SCOPENOMPU_DP|ID0000204D_FFT_core:FFT_Inst|_065_[4] ; clk          ; clk         ; 0.000        ; 0.431      ; 2.708      ;
; 2.106 ; ID00001011_aipScopeNoMPU:ID00001011|ID00001011_scopeNoMPU_core:SCOPENOMPU_CORE|ID00001011_scopeNoMPU_datapath:SCOPENOMPU_DP|ID0000204D_FFT_core:FFT_Inst|_245_[27] ; ID00001011_aipScopeNoMPU:ID00001011|ID00001011_scopeNoMPU_core:SCOPENOMPU_CORE|ID00001011_scopeNoMPU_datapath:SCOPENOMPU_DP|ID0000204D_FFT_core:FFT_Inst|_069_[2] ; clk          ; clk         ; 0.000        ; 0.431      ; 2.708      ;
; 2.107 ; ID00001011_aipScopeNoMPU:ID00001011|ID00001011_scopeNoMPU_core:SCOPENOMPU_CORE|ID00001011_scopeNoMPU_datapath:SCOPENOMPU_DP|ID0000204D_FFT_core:FFT_Inst|_245_[25] ; ID00001011_aipScopeNoMPU:ID00001011|ID00001011_scopeNoMPU_core:SCOPENOMPU_CORE|ID00001011_scopeNoMPU_datapath:SCOPENOMPU_DP|ID0000204D_FFT_core:FFT_Inst|_166_[3] ; clk          ; clk         ; 0.000        ; 0.431      ; 2.709      ;
; 2.107 ; ID00001011_aipScopeNoMPU:ID00001011|ID00001011_scopeNoMPU_core:SCOPENOMPU_CORE|ID00001011_scopeNoMPU_datapath:SCOPENOMPU_DP|ID0000204D_FFT_core:FFT_Inst|_245_[25] ; ID00001011_aipScopeNoMPU:ID00001011|ID00001011_scopeNoMPU_core:SCOPENOMPU_CORE|ID00001011_scopeNoMPU_datapath:SCOPENOMPU_DP|ID0000204D_FFT_core:FFT_Inst|_072_    ; clk          ; clk         ; 0.000        ; 0.431      ; 2.709      ;
; 2.107 ; ID00001011_aipScopeNoMPU:ID00001011|ID00001011_scopeNoMPU_core:SCOPENOMPU_CORE|ID00001011_scopeNoMPU_datapath:SCOPENOMPU_DP|ID0000204D_FFT_core:FFT_Inst|_245_[25] ; ID00001011_aipScopeNoMPU:ID00001011|ID00001011_scopeNoMPU_core:SCOPENOMPU_CORE|ID00001011_scopeNoMPU_datapath:SCOPENOMPU_DP|ID0000204D_FFT_core:FFT_Inst|_069_[4] ; clk          ; clk         ; 0.000        ; 0.431      ; 2.709      ;
; 2.107 ; ID00001011_aipScopeNoMPU:ID00001011|ID00001011_scopeNoMPU_core:SCOPENOMPU_CORE|ID00001011_scopeNoMPU_datapath:SCOPENOMPU_DP|ID0000204D_FFT_core:FFT_Inst|_245_[25] ; ID00001011_aipScopeNoMPU:ID00001011|ID00001011_scopeNoMPU_core:SCOPENOMPU_CORE|ID00001011_scopeNoMPU_datapath:SCOPENOMPU_DP|ID0000204D_FFT_core:FFT_Inst|_065_[6] ; clk          ; clk         ; 0.000        ; 0.431      ; 2.709      ;
; 2.107 ; ID00001011_aipScopeNoMPU:ID00001011|ID00001011_scopeNoMPU_core:SCOPENOMPU_CORE|ID00001011_scopeNoMPU_datapath:SCOPENOMPU_DP|ID0000204D_FFT_core:FFT_Inst|_245_[25] ; ID00001011_aipScopeNoMPU:ID00001011|ID00001011_scopeNoMPU_core:SCOPENOMPU_CORE|ID00001011_scopeNoMPU_datapath:SCOPENOMPU_DP|ID0000204D_FFT_core:FFT_Inst|_065_[5] ; clk          ; clk         ; 0.000        ; 0.431      ; 2.709      ;
; 2.107 ; ID00001011_aipScopeNoMPU:ID00001011|ID00001011_scopeNoMPU_core:SCOPENOMPU_CORE|ID00001011_scopeNoMPU_datapath:SCOPENOMPU_DP|ID0000204D_FFT_core:FFT_Inst|_245_[25] ; ID00001011_aipScopeNoMPU:ID00001011|ID00001011_scopeNoMPU_core:SCOPENOMPU_CORE|ID00001011_scopeNoMPU_datapath:SCOPENOMPU_DP|ID0000204D_FFT_core:FFT_Inst|_065_[4] ; clk          ; clk         ; 0.000        ; 0.431      ; 2.709      ;
; 2.107 ; ID00001011_aipScopeNoMPU:ID00001011|ID00001011_scopeNoMPU_core:SCOPENOMPU_CORE|ID00001011_scopeNoMPU_datapath:SCOPENOMPU_DP|ID0000204D_FFT_core:FFT_Inst|_245_[25] ; ID00001011_aipScopeNoMPU:ID00001011|ID00001011_scopeNoMPU_core:SCOPENOMPU_CORE|ID00001011_scopeNoMPU_datapath:SCOPENOMPU_DP|ID0000204D_FFT_core:FFT_Inst|_069_[2] ; clk          ; clk         ; 0.000        ; 0.431      ; 2.709      ;
; 2.128 ; ID00001011_aipScopeNoMPU:ID00001011|ID00001011_scopeNoMPU_core:SCOPENOMPU_CORE|ID00001011_scopeNoMPU_datapath:SCOPENOMPU_DP|ID0000204D_FFT_core:FFT_Inst|_245_[31] ; ID00001011_aipScopeNoMPU:ID00001011|ID00001011_scopeNoMPU_core:SCOPENOMPU_CORE|ID00001011_scopeNoMPU_datapath:SCOPENOMPU_DP|ID0000204D_FFT_core:FFT_Inst|_165_[4] ; clk          ; clk         ; 0.000        ; 0.431      ; 2.730      ;
; 2.128 ; ID00001011_aipScopeNoMPU:ID00001011|ID00001011_scopeNoMPU_core:SCOPENOMPU_CORE|ID00001011_scopeNoMPU_datapath:SCOPENOMPU_DP|ID0000204D_FFT_core:FFT_Inst|_245_[31] ; ID00001011_aipScopeNoMPU:ID00001011|ID00001011_scopeNoMPU_core:SCOPENOMPU_CORE|ID00001011_scopeNoMPU_datapath:SCOPENOMPU_DP|ID0000204D_FFT_core:FFT_Inst|_165_[5] ; clk          ; clk         ; 0.000        ; 0.431      ; 2.730      ;
; 2.128 ; ID00001011_aipScopeNoMPU:ID00001011|ID00001011_scopeNoMPU_core:SCOPENOMPU_CORE|ID00001011_scopeNoMPU_datapath:SCOPENOMPU_DP|ID0000204D_FFT_core:FFT_Inst|_245_[31] ; ID00001011_aipScopeNoMPU:ID00001011|ID00001011_scopeNoMPU_core:SCOPENOMPU_CORE|ID00001011_scopeNoMPU_datapath:SCOPENOMPU_DP|ID0000204D_FFT_core:FFT_Inst|_165_[6] ; clk          ; clk         ; 0.000        ; 0.431      ; 2.730      ;
; 2.128 ; ID00001011_aipScopeNoMPU:ID00001011|ID00001011_scopeNoMPU_core:SCOPENOMPU_CORE|ID00001011_scopeNoMPU_datapath:SCOPENOMPU_DP|ID0000204D_FFT_core:FFT_Inst|_245_[31] ; ID00001011_aipScopeNoMPU:ID00001011|ID00001011_scopeNoMPU_core:SCOPENOMPU_CORE|ID00001011_scopeNoMPU_datapath:SCOPENOMPU_DP|ID0000204D_FFT_core:FFT_Inst|_165_[2] ; clk          ; clk         ; 0.000        ; 0.431      ; 2.730      ;
; 2.128 ; ID00001011_aipScopeNoMPU:ID00001011|ID00001011_scopeNoMPU_core:SCOPENOMPU_CORE|ID00001011_scopeNoMPU_datapath:SCOPENOMPU_DP|ID0000204D_FFT_core:FFT_Inst|_245_[31] ; ID00001011_aipScopeNoMPU:ID00001011|ID00001011_scopeNoMPU_core:SCOPENOMPU_CORE|ID00001011_scopeNoMPU_datapath:SCOPENOMPU_DP|ID0000204D_FFT_core:FFT_Inst|_068_    ; clk          ; clk         ; 0.000        ; 0.431      ; 2.730      ;
; 2.129 ; ID00001011_aipScopeNoMPU:ID00001011|ID00001011_scopeNoMPU_core:SCOPENOMPU_CORE|ID00001011_scopeNoMPU_datapath:SCOPENOMPU_DP|ID0000204D_FFT_core:FFT_Inst|_245_[31] ; ID00001011_aipScopeNoMPU:ID00001011|ID00001011_scopeNoMPU_core:SCOPENOMPU_CORE|ID00001011_scopeNoMPU_datapath:SCOPENOMPU_DP|ID0000204D_FFT_core:FFT_Inst|_069_[0] ; clk          ; clk         ; 0.000        ; 0.469      ; 2.769      ;
; 2.129 ; ID00001011_aipScopeNoMPU:ID00001011|ID00001011_scopeNoMPU_core:SCOPENOMPU_CORE|ID00001011_scopeNoMPU_datapath:SCOPENOMPU_DP|ID0000204D_FFT_core:FFT_Inst|_245_[31] ; ID00001011_aipScopeNoMPU:ID00001011|ID00001011_scopeNoMPU_core:SCOPENOMPU_CORE|ID00001011_scopeNoMPU_datapath:SCOPENOMPU_DP|ID0000204D_FFT_core:FFT_Inst|_070_[6] ; clk          ; clk         ; 0.000        ; 0.469      ; 2.769      ;
; 2.129 ; ID00001011_aipScopeNoMPU:ID00001011|ID00001011_scopeNoMPU_core:SCOPENOMPU_CORE|ID00001011_scopeNoMPU_datapath:SCOPENOMPU_DP|ID0000204D_FFT_core:FFT_Inst|_245_[31] ; ID00001011_aipScopeNoMPU:ID00001011|ID00001011_scopeNoMPU_core:SCOPENOMPU_CORE|ID00001011_scopeNoMPU_datapath:SCOPENOMPU_DP|ID0000204D_FFT_core:FFT_Inst|_070_[0] ; clk          ; clk         ; 0.000        ; 0.469      ; 2.769      ;
; 2.129 ; ID00001011_aipScopeNoMPU:ID00001011|ID00001011_scopeNoMPU_core:SCOPENOMPU_CORE|ID00001011_scopeNoMPU_datapath:SCOPENOMPU_DP|ID0000204D_FFT_core:FFT_Inst|_245_[31] ; ID00001011_aipScopeNoMPU:ID00001011|ID00001011_scopeNoMPU_core:SCOPENOMPU_CORE|ID00001011_scopeNoMPU_datapath:SCOPENOMPU_DP|ID0000204D_FFT_core:FFT_Inst|_070_[1] ; clk          ; clk         ; 0.000        ; 0.469      ; 2.769      ;
; 2.129 ; ID00001011_aipScopeNoMPU:ID00001011|ID00001011_scopeNoMPU_core:SCOPENOMPU_CORE|ID00001011_scopeNoMPU_datapath:SCOPENOMPU_DP|ID0000204D_FFT_core:FFT_Inst|_245_[31] ; ID00001011_aipScopeNoMPU:ID00001011|ID00001011_scopeNoMPU_core:SCOPENOMPU_CORE|ID00001011_scopeNoMPU_datapath:SCOPENOMPU_DP|ID0000204D_FFT_core:FFT_Inst|_070_[2] ; clk          ; clk         ; 0.000        ; 0.469      ; 2.769      ;
; 2.129 ; ID00001011_aipScopeNoMPU:ID00001011|ID00001011_scopeNoMPU_core:SCOPENOMPU_CORE|ID00001011_scopeNoMPU_datapath:SCOPENOMPU_DP|ID0000204D_FFT_core:FFT_Inst|_245_[31] ; ID00001011_aipScopeNoMPU:ID00001011|ID00001011_scopeNoMPU_core:SCOPENOMPU_CORE|ID00001011_scopeNoMPU_datapath:SCOPENOMPU_DP|ID0000204D_FFT_core:FFT_Inst|_070_[3] ; clk          ; clk         ; 0.000        ; 0.469      ; 2.769      ;
; 2.129 ; ID00001011_aipScopeNoMPU:ID00001011|ID00001011_scopeNoMPU_core:SCOPENOMPU_CORE|ID00001011_scopeNoMPU_datapath:SCOPENOMPU_DP|ID0000204D_FFT_core:FFT_Inst|_245_[31] ; ID00001011_aipScopeNoMPU:ID00001011|ID00001011_scopeNoMPU_core:SCOPENOMPU_CORE|ID00001011_scopeNoMPU_datapath:SCOPENOMPU_DP|ID0000204D_FFT_core:FFT_Inst|_070_[4] ; clk          ; clk         ; 0.000        ; 0.469      ; 2.769      ;
; 2.129 ; ID00001011_aipScopeNoMPU:ID00001011|ID00001011_scopeNoMPU_core:SCOPENOMPU_CORE|ID00001011_scopeNoMPU_datapath:SCOPENOMPU_DP|ID0000204D_FFT_core:FFT_Inst|_245_[31] ; ID00001011_aipScopeNoMPU:ID00001011|ID00001011_scopeNoMPU_core:SCOPENOMPU_CORE|ID00001011_scopeNoMPU_datapath:SCOPENOMPU_DP|ID0000204D_FFT_core:FFT_Inst|_070_[5] ; clk          ; clk         ; 0.000        ; 0.469      ; 2.769      ;
; 2.129 ; ID00001011_aipScopeNoMPU:ID00001011|ID00001011_scopeNoMPU_core:SCOPENOMPU_CORE|ID00001011_scopeNoMPU_datapath:SCOPENOMPU_DP|ID0000204D_FFT_core:FFT_Inst|_245_[31] ; ID00001011_aipScopeNoMPU:ID00001011|ID00001011_scopeNoMPU_core:SCOPENOMPU_CORE|ID00001011_scopeNoMPU_datapath:SCOPENOMPU_DP|ID0000204D_FFT_core:FFT_Inst|_043_    ; clk          ; clk         ; 0.000        ; 0.469      ; 2.769      ;
; 2.129 ; ID00001011_aipScopeNoMPU:ID00001011|ID00001011_scopeNoMPU_core:SCOPENOMPU_CORE|ID00001011_scopeNoMPU_datapath:SCOPENOMPU_DP|ID0000204D_FFT_core:FFT_Inst|_245_[31] ; ID00001011_aipScopeNoMPU:ID00001011|ID00001011_scopeNoMPU_core:SCOPENOMPU_CORE|ID00001011_scopeNoMPU_datapath:SCOPENOMPU_DP|ID0000204D_FFT_core:FFT_Inst|_069_[6] ; clk          ; clk         ; 0.000        ; 0.469      ; 2.769      ;
; 2.129 ; ID00001011_aipScopeNoMPU:ID00001011|ID00001011_scopeNoMPU_core:SCOPENOMPU_CORE|ID00001011_scopeNoMPU_datapath:SCOPENOMPU_DP|ID0000204D_FFT_core:FFT_Inst|_245_[31] ; ID00001011_aipScopeNoMPU:ID00001011|ID00001011_scopeNoMPU_core:SCOPENOMPU_CORE|ID00001011_scopeNoMPU_datapath:SCOPENOMPU_DP|ID0000204D_FFT_core:FFT_Inst|_065_[3] ; clk          ; clk         ; 0.000        ; 0.469      ; 2.769      ;
; 2.129 ; ID00001011_aipScopeNoMPU:ID00001011|ID00001011_scopeNoMPU_core:SCOPENOMPU_CORE|ID00001011_scopeNoMPU_datapath:SCOPENOMPU_DP|ID0000204D_FFT_core:FFT_Inst|_245_[31] ; ID00001011_aipScopeNoMPU:ID00001011|ID00001011_scopeNoMPU_core:SCOPENOMPU_CORE|ID00001011_scopeNoMPU_datapath:SCOPENOMPU_DP|ID0000204D_FFT_core:FFT_Inst|_065_[2] ; clk          ; clk         ; 0.000        ; 0.469      ; 2.769      ;
; 2.129 ; ID00001011_aipScopeNoMPU:ID00001011|ID00001011_scopeNoMPU_core:SCOPENOMPU_CORE|ID00001011_scopeNoMPU_datapath:SCOPENOMPU_DP|ID0000204D_FFT_core:FFT_Inst|_245_[31] ; ID00001011_aipScopeNoMPU:ID00001011|ID00001011_scopeNoMPU_core:SCOPENOMPU_CORE|ID00001011_scopeNoMPU_datapath:SCOPENOMPU_DP|ID0000204D_FFT_core:FFT_Inst|_065_[1] ; clk          ; clk         ; 0.000        ; 0.469      ; 2.769      ;
; 2.129 ; ID00001011_aipScopeNoMPU:ID00001011|ID00001011_scopeNoMPU_core:SCOPENOMPU_CORE|ID00001011_scopeNoMPU_datapath:SCOPENOMPU_DP|ID0000204D_FFT_core:FFT_Inst|_245_[31] ; ID00001011_aipScopeNoMPU:ID00001011|ID00001011_scopeNoMPU_core:SCOPENOMPU_CORE|ID00001011_scopeNoMPU_datapath:SCOPENOMPU_DP|ID0000204D_FFT_core:FFT_Inst|_065_[0] ; clk          ; clk         ; 0.000        ; 0.469      ; 2.769      ;
; 2.141 ; ID00001011_aipScopeNoMPU:ID00001011|ID00001011_scopeNoMPU_core:SCOPENOMPU_CORE|ID00001011_scopeNoMPU_datapath:SCOPENOMPU_DP|ID0000204D_FFT_core:FFT_Inst|_245_[26] ; ID00001011_aipScopeNoMPU:ID00001011|ID00001011_scopeNoMPU_core:SCOPENOMPU_CORE|ID00001011_scopeNoMPU_datapath:SCOPENOMPU_DP|ID0000204D_FFT_core:FFT_Inst|_166_[3] ; clk          ; clk         ; 0.000        ; 0.430      ; 2.742      ;
; 2.141 ; ID00001011_aipScopeNoMPU:ID00001011|ID00001011_scopeNoMPU_core:SCOPENOMPU_CORE|ID00001011_scopeNoMPU_datapath:SCOPENOMPU_DP|ID0000204D_FFT_core:FFT_Inst|_245_[26] ; ID00001011_aipScopeNoMPU:ID00001011|ID00001011_scopeNoMPU_core:SCOPENOMPU_CORE|ID00001011_scopeNoMPU_datapath:SCOPENOMPU_DP|ID0000204D_FFT_core:FFT_Inst|_072_    ; clk          ; clk         ; 0.000        ; 0.430      ; 2.742      ;
; 2.141 ; ID00001011_aipScopeNoMPU:ID00001011|ID00001011_scopeNoMPU_core:SCOPENOMPU_CORE|ID00001011_scopeNoMPU_datapath:SCOPENOMPU_DP|ID0000204D_FFT_core:FFT_Inst|_245_[26] ; ID00001011_aipScopeNoMPU:ID00001011|ID00001011_scopeNoMPU_core:SCOPENOMPU_CORE|ID00001011_scopeNoMPU_datapath:SCOPENOMPU_DP|ID0000204D_FFT_core:FFT_Inst|_069_[4] ; clk          ; clk         ; 0.000        ; 0.430      ; 2.742      ;
; 2.141 ; ID00001011_aipScopeNoMPU:ID00001011|ID00001011_scopeNoMPU_core:SCOPENOMPU_CORE|ID00001011_scopeNoMPU_datapath:SCOPENOMPU_DP|ID0000204D_FFT_core:FFT_Inst|_245_[26] ; ID00001011_aipScopeNoMPU:ID00001011|ID00001011_scopeNoMPU_core:SCOPENOMPU_CORE|ID00001011_scopeNoMPU_datapath:SCOPENOMPU_DP|ID0000204D_FFT_core:FFT_Inst|_065_[6] ; clk          ; clk         ; 0.000        ; 0.430      ; 2.742      ;
; 2.141 ; ID00001011_aipScopeNoMPU:ID00001011|ID00001011_scopeNoMPU_core:SCOPENOMPU_CORE|ID00001011_scopeNoMPU_datapath:SCOPENOMPU_DP|ID0000204D_FFT_core:FFT_Inst|_245_[26] ; ID00001011_aipScopeNoMPU:ID00001011|ID00001011_scopeNoMPU_core:SCOPENOMPU_CORE|ID00001011_scopeNoMPU_datapath:SCOPENOMPU_DP|ID0000204D_FFT_core:FFT_Inst|_065_[5] ; clk          ; clk         ; 0.000        ; 0.430      ; 2.742      ;
; 2.141 ; ID00001011_aipScopeNoMPU:ID00001011|ID00001011_scopeNoMPU_core:SCOPENOMPU_CORE|ID00001011_scopeNoMPU_datapath:SCOPENOMPU_DP|ID0000204D_FFT_core:FFT_Inst|_245_[26] ; ID00001011_aipScopeNoMPU:ID00001011|ID00001011_scopeNoMPU_core:SCOPENOMPU_CORE|ID00001011_scopeNoMPU_datapath:SCOPENOMPU_DP|ID0000204D_FFT_core:FFT_Inst|_065_[4] ; clk          ; clk         ; 0.000        ; 0.430      ; 2.742      ;
; 2.141 ; ID00001011_aipScopeNoMPU:ID00001011|ID00001011_scopeNoMPU_core:SCOPENOMPU_CORE|ID00001011_scopeNoMPU_datapath:SCOPENOMPU_DP|ID0000204D_FFT_core:FFT_Inst|_245_[26] ; ID00001011_aipScopeNoMPU:ID00001011|ID00001011_scopeNoMPU_core:SCOPENOMPU_CORE|ID00001011_scopeNoMPU_datapath:SCOPENOMPU_DP|ID0000204D_FFT_core:FFT_Inst|_069_[2] ; clk          ; clk         ; 0.000        ; 0.430      ; 2.742      ;
; 2.148 ; ID00001011_aipScopeNoMPU:ID00001011|ID00001011_scopeNoMPU_core:SCOPENOMPU_CORE|ID00001011_scopeNoMPU_datapath:SCOPENOMPU_DP|ID0000204D_FFT_core:FFT_Inst|_245_[36] ; ID00001011_aipScopeNoMPU:ID00001011|ID00001011_scopeNoMPU_core:SCOPENOMPU_CORE|ID00001011_scopeNoMPU_datapath:SCOPENOMPU_DP|ID0000204D_FFT_core:FFT_Inst|_166_[3] ; clk          ; clk         ; 0.000        ; 0.436      ; 2.755      ;
; 2.148 ; ID00001011_aipScopeNoMPU:ID00001011|ID00001011_scopeNoMPU_core:SCOPENOMPU_CORE|ID00001011_scopeNoMPU_datapath:SCOPENOMPU_DP|ID0000204D_FFT_core:FFT_Inst|_245_[36] ; ID00001011_aipScopeNoMPU:ID00001011|ID00001011_scopeNoMPU_core:SCOPENOMPU_CORE|ID00001011_scopeNoMPU_datapath:SCOPENOMPU_DP|ID0000204D_FFT_core:FFT_Inst|_072_    ; clk          ; clk         ; 0.000        ; 0.436      ; 2.755      ;
; 2.148 ; ID00001011_aipScopeNoMPU:ID00001011|ID00001011_scopeNoMPU_core:SCOPENOMPU_CORE|ID00001011_scopeNoMPU_datapath:SCOPENOMPU_DP|ID0000204D_FFT_core:FFT_Inst|_245_[36] ; ID00001011_aipScopeNoMPU:ID00001011|ID00001011_scopeNoMPU_core:SCOPENOMPU_CORE|ID00001011_scopeNoMPU_datapath:SCOPENOMPU_DP|ID0000204D_FFT_core:FFT_Inst|_069_[4] ; clk          ; clk         ; 0.000        ; 0.436      ; 2.755      ;
; 2.148 ; ID00001011_aipScopeNoMPU:ID00001011|ID00001011_scopeNoMPU_core:SCOPENOMPU_CORE|ID00001011_scopeNoMPU_datapath:SCOPENOMPU_DP|ID0000204D_FFT_core:FFT_Inst|_245_[36] ; ID00001011_aipScopeNoMPU:ID00001011|ID00001011_scopeNoMPU_core:SCOPENOMPU_CORE|ID00001011_scopeNoMPU_datapath:SCOPENOMPU_DP|ID0000204D_FFT_core:FFT_Inst|_065_[6] ; clk          ; clk         ; 0.000        ; 0.436      ; 2.755      ;
; 2.148 ; ID00001011_aipScopeNoMPU:ID00001011|ID00001011_scopeNoMPU_core:SCOPENOMPU_CORE|ID00001011_scopeNoMPU_datapath:SCOPENOMPU_DP|ID0000204D_FFT_core:FFT_Inst|_245_[36] ; ID00001011_aipScopeNoMPU:ID00001011|ID00001011_scopeNoMPU_core:SCOPENOMPU_CORE|ID00001011_scopeNoMPU_datapath:SCOPENOMPU_DP|ID0000204D_FFT_core:FFT_Inst|_065_[5] ; clk          ; clk         ; 0.000        ; 0.436      ; 2.755      ;
; 2.148 ; ID00001011_aipScopeNoMPU:ID00001011|ID00001011_scopeNoMPU_core:SCOPENOMPU_CORE|ID00001011_scopeNoMPU_datapath:SCOPENOMPU_DP|ID0000204D_FFT_core:FFT_Inst|_245_[36] ; ID00001011_aipScopeNoMPU:ID00001011|ID00001011_scopeNoMPU_core:SCOPENOMPU_CORE|ID00001011_scopeNoMPU_datapath:SCOPENOMPU_DP|ID0000204D_FFT_core:FFT_Inst|_065_[4] ; clk          ; clk         ; 0.000        ; 0.436      ; 2.755      ;
; 2.148 ; ID00001011_aipScopeNoMPU:ID00001011|ID00001011_scopeNoMPU_core:SCOPENOMPU_CORE|ID00001011_scopeNoMPU_datapath:SCOPENOMPU_DP|ID0000204D_FFT_core:FFT_Inst|_245_[36] ; ID00001011_aipScopeNoMPU:ID00001011|ID00001011_scopeNoMPU_core:SCOPENOMPU_CORE|ID00001011_scopeNoMPU_datapath:SCOPENOMPU_DP|ID0000204D_FFT_core:FFT_Inst|_069_[2] ; clk          ; clk         ; 0.000        ; 0.436      ; 2.755      ;
; 2.166 ; ID00001011_aipScopeNoMPU:ID00001011|ID00001011_scopeNoMPU_core:SCOPENOMPU_CORE|ID00001011_scopeNoMPU_datapath:SCOPENOMPU_DP|ID0000204D_FFT_core:FFT_Inst|_245_[35] ; ID00001011_aipScopeNoMPU:ID00001011|ID00001011_scopeNoMPU_core:SCOPENOMPU_CORE|ID00001011_scopeNoMPU_datapath:SCOPENOMPU_DP|ID0000204D_FFT_core:FFT_Inst|_166_[3] ; clk          ; clk         ; 0.000        ; 0.430      ; 2.767      ;
; 2.166 ; ID00001011_aipScopeNoMPU:ID00001011|ID00001011_scopeNoMPU_core:SCOPENOMPU_CORE|ID00001011_scopeNoMPU_datapath:SCOPENOMPU_DP|ID0000204D_FFT_core:FFT_Inst|_245_[35] ; ID00001011_aipScopeNoMPU:ID00001011|ID00001011_scopeNoMPU_core:SCOPENOMPU_CORE|ID00001011_scopeNoMPU_datapath:SCOPENOMPU_DP|ID0000204D_FFT_core:FFT_Inst|_072_    ; clk          ; clk         ; 0.000        ; 0.430      ; 2.767      ;
; 2.166 ; ID00001011_aipScopeNoMPU:ID00001011|ID00001011_scopeNoMPU_core:SCOPENOMPU_CORE|ID00001011_scopeNoMPU_datapath:SCOPENOMPU_DP|ID0000204D_FFT_core:FFT_Inst|_245_[35] ; ID00001011_aipScopeNoMPU:ID00001011|ID00001011_scopeNoMPU_core:SCOPENOMPU_CORE|ID00001011_scopeNoMPU_datapath:SCOPENOMPU_DP|ID0000204D_FFT_core:FFT_Inst|_069_[4] ; clk          ; clk         ; 0.000        ; 0.430      ; 2.767      ;
; 2.166 ; ID00001011_aipScopeNoMPU:ID00001011|ID00001011_scopeNoMPU_core:SCOPENOMPU_CORE|ID00001011_scopeNoMPU_datapath:SCOPENOMPU_DP|ID0000204D_FFT_core:FFT_Inst|_245_[35] ; ID00001011_aipScopeNoMPU:ID00001011|ID00001011_scopeNoMPU_core:SCOPENOMPU_CORE|ID00001011_scopeNoMPU_datapath:SCOPENOMPU_DP|ID0000204D_FFT_core:FFT_Inst|_065_[6] ; clk          ; clk         ; 0.000        ; 0.430      ; 2.767      ;
; 2.166 ; ID00001011_aipScopeNoMPU:ID00001011|ID00001011_scopeNoMPU_core:SCOPENOMPU_CORE|ID00001011_scopeNoMPU_datapath:SCOPENOMPU_DP|ID0000204D_FFT_core:FFT_Inst|_245_[35] ; ID00001011_aipScopeNoMPU:ID00001011|ID00001011_scopeNoMPU_core:SCOPENOMPU_CORE|ID00001011_scopeNoMPU_datapath:SCOPENOMPU_DP|ID0000204D_FFT_core:FFT_Inst|_065_[5] ; clk          ; clk         ; 0.000        ; 0.430      ; 2.767      ;
; 2.166 ; ID00001011_aipScopeNoMPU:ID00001011|ID00001011_scopeNoMPU_core:SCOPENOMPU_CORE|ID00001011_scopeNoMPU_datapath:SCOPENOMPU_DP|ID0000204D_FFT_core:FFT_Inst|_245_[35] ; ID00001011_aipScopeNoMPU:ID00001011|ID00001011_scopeNoMPU_core:SCOPENOMPU_CORE|ID00001011_scopeNoMPU_datapath:SCOPENOMPU_DP|ID0000204D_FFT_core:FFT_Inst|_065_[4] ; clk          ; clk         ; 0.000        ; 0.430      ; 2.767      ;
; 2.166 ; ID00001011_aipScopeNoMPU:ID00001011|ID00001011_scopeNoMPU_core:SCOPENOMPU_CORE|ID00001011_scopeNoMPU_datapath:SCOPENOMPU_DP|ID0000204D_FFT_core:FFT_Inst|_245_[35] ; ID00001011_aipScopeNoMPU:ID00001011|ID00001011_scopeNoMPU_core:SCOPENOMPU_CORE|ID00001011_scopeNoMPU_datapath:SCOPENOMPU_DP|ID0000204D_FFT_core:FFT_Inst|_069_[2] ; clk          ; clk         ; 0.000        ; 0.430      ; 2.767      ;
; 2.189 ; ID00001011_aipScopeNoMPU:ID00001011|ID00001011_scopeNoMPU_core:SCOPENOMPU_CORE|ID00001011_scopeNoMPU_datapath:SCOPENOMPU_DP|ID0000204D_FFT_core:FFT_Inst|_245_[16] ; ID00001011_aipScopeNoMPU:ID00001011|ID00001011_scopeNoMPU_core:SCOPENOMPU_CORE|ID00001011_scopeNoMPU_datapath:SCOPENOMPU_DP|ID0000204D_FFT_core:FFT_Inst|_166_[3] ; clk          ; clk         ; 0.000        ; 0.436      ; 2.796      ;
; 2.189 ; ID00001011_aipScopeNoMPU:ID00001011|ID00001011_scopeNoMPU_core:SCOPENOMPU_CORE|ID00001011_scopeNoMPU_datapath:SCOPENOMPU_DP|ID0000204D_FFT_core:FFT_Inst|_245_[16] ; ID00001011_aipScopeNoMPU:ID00001011|ID00001011_scopeNoMPU_core:SCOPENOMPU_CORE|ID00001011_scopeNoMPU_datapath:SCOPENOMPU_DP|ID0000204D_FFT_core:FFT_Inst|_072_    ; clk          ; clk         ; 0.000        ; 0.436      ; 2.796      ;
; 2.189 ; ID00001011_aipScopeNoMPU:ID00001011|ID00001011_scopeNoMPU_core:SCOPENOMPU_CORE|ID00001011_scopeNoMPU_datapath:SCOPENOMPU_DP|ID0000204D_FFT_core:FFT_Inst|_245_[16] ; ID00001011_aipScopeNoMPU:ID00001011|ID00001011_scopeNoMPU_core:SCOPENOMPU_CORE|ID00001011_scopeNoMPU_datapath:SCOPENOMPU_DP|ID0000204D_FFT_core:FFT_Inst|_069_[4] ; clk          ; clk         ; 0.000        ; 0.436      ; 2.796      ;
; 2.189 ; ID00001011_aipScopeNoMPU:ID00001011|ID00001011_scopeNoMPU_core:SCOPENOMPU_CORE|ID00001011_scopeNoMPU_datapath:SCOPENOMPU_DP|ID0000204D_FFT_core:FFT_Inst|_245_[16] ; ID00001011_aipScopeNoMPU:ID00001011|ID00001011_scopeNoMPU_core:SCOPENOMPU_CORE|ID00001011_scopeNoMPU_datapath:SCOPENOMPU_DP|ID0000204D_FFT_core:FFT_Inst|_065_[6] ; clk          ; clk         ; 0.000        ; 0.436      ; 2.796      ;
; 2.189 ; ID00001011_aipScopeNoMPU:ID00001011|ID00001011_scopeNoMPU_core:SCOPENOMPU_CORE|ID00001011_scopeNoMPU_datapath:SCOPENOMPU_DP|ID0000204D_FFT_core:FFT_Inst|_245_[16] ; ID00001011_aipScopeNoMPU:ID00001011|ID00001011_scopeNoMPU_core:SCOPENOMPU_CORE|ID00001011_scopeNoMPU_datapath:SCOPENOMPU_DP|ID0000204D_FFT_core:FFT_Inst|_065_[5] ; clk          ; clk         ; 0.000        ; 0.436      ; 2.796      ;
; 2.189 ; ID00001011_aipScopeNoMPU:ID00001011|ID00001011_scopeNoMPU_core:SCOPENOMPU_CORE|ID00001011_scopeNoMPU_datapath:SCOPENOMPU_DP|ID0000204D_FFT_core:FFT_Inst|_245_[16] ; ID00001011_aipScopeNoMPU:ID00001011|ID00001011_scopeNoMPU_core:SCOPENOMPU_CORE|ID00001011_scopeNoMPU_datapath:SCOPENOMPU_DP|ID0000204D_FFT_core:FFT_Inst|_065_[4] ; clk          ; clk         ; 0.000        ; 0.436      ; 2.796      ;
; 2.189 ; ID00001011_aipScopeNoMPU:ID00001011|ID00001011_scopeNoMPU_core:SCOPENOMPU_CORE|ID00001011_scopeNoMPU_datapath:SCOPENOMPU_DP|ID0000204D_FFT_core:FFT_Inst|_245_[16] ; ID00001011_aipScopeNoMPU:ID00001011|ID00001011_scopeNoMPU_core:SCOPENOMPU_CORE|ID00001011_scopeNoMPU_datapath:SCOPENOMPU_DP|ID0000204D_FFT_core:FFT_Inst|_069_[2] ; clk          ; clk         ; 0.000        ; 0.436      ; 2.796      ;
; 2.199 ; ID00001011_aipScopeNoMPU:ID00001011|ID00001011_scopeNoMPU_core:SCOPENOMPU_CORE|ID00001011_scopeNoMPU_datapath:SCOPENOMPU_DP|ID0000204D_FFT_core:FFT_Inst|_245_[21] ; ID00001011_aipScopeNoMPU:ID00001011|ID00001011_scopeNoMPU_core:SCOPENOMPU_CORE|ID00001011_scopeNoMPU_datapath:SCOPENOMPU_DP|ID0000204D_FFT_core:FFT_Inst|_166_[3] ; clk          ; clk         ; 0.000        ; 0.436      ; 2.806      ;
; 2.199 ; ID00001011_aipScopeNoMPU:ID00001011|ID00001011_scopeNoMPU_core:SCOPENOMPU_CORE|ID00001011_scopeNoMPU_datapath:SCOPENOMPU_DP|ID0000204D_FFT_core:FFT_Inst|_245_[21] ; ID00001011_aipScopeNoMPU:ID00001011|ID00001011_scopeNoMPU_core:SCOPENOMPU_CORE|ID00001011_scopeNoMPU_datapath:SCOPENOMPU_DP|ID0000204D_FFT_core:FFT_Inst|_072_    ; clk          ; clk         ; 0.000        ; 0.436      ; 2.806      ;
; 2.199 ; ID00001011_aipScopeNoMPU:ID00001011|ID00001011_scopeNoMPU_core:SCOPENOMPU_CORE|ID00001011_scopeNoMPU_datapath:SCOPENOMPU_DP|ID0000204D_FFT_core:FFT_Inst|_245_[21] ; ID00001011_aipScopeNoMPU:ID00001011|ID00001011_scopeNoMPU_core:SCOPENOMPU_CORE|ID00001011_scopeNoMPU_datapath:SCOPENOMPU_DP|ID0000204D_FFT_core:FFT_Inst|_069_[4] ; clk          ; clk         ; 0.000        ; 0.436      ; 2.806      ;
; 2.199 ; ID00001011_aipScopeNoMPU:ID00001011|ID00001011_scopeNoMPU_core:SCOPENOMPU_CORE|ID00001011_scopeNoMPU_datapath:SCOPENOMPU_DP|ID0000204D_FFT_core:FFT_Inst|_245_[21] ; ID00001011_aipScopeNoMPU:ID00001011|ID00001011_scopeNoMPU_core:SCOPENOMPU_CORE|ID00001011_scopeNoMPU_datapath:SCOPENOMPU_DP|ID0000204D_FFT_core:FFT_Inst|_065_[6] ; clk          ; clk         ; 0.000        ; 0.436      ; 2.806      ;
; 2.199 ; ID00001011_aipScopeNoMPU:ID00001011|ID00001011_scopeNoMPU_core:SCOPENOMPU_CORE|ID00001011_scopeNoMPU_datapath:SCOPENOMPU_DP|ID0000204D_FFT_core:FFT_Inst|_245_[21] ; ID00001011_aipScopeNoMPU:ID00001011|ID00001011_scopeNoMPU_core:SCOPENOMPU_CORE|ID00001011_scopeNoMPU_datapath:SCOPENOMPU_DP|ID0000204D_FFT_core:FFT_Inst|_065_[5] ; clk          ; clk         ; 0.000        ; 0.436      ; 2.806      ;
; 2.199 ; ID00001011_aipScopeNoMPU:ID00001011|ID00001011_scopeNoMPU_core:SCOPENOMPU_CORE|ID00001011_scopeNoMPU_datapath:SCOPENOMPU_DP|ID0000204D_FFT_core:FFT_Inst|_245_[21] ; ID00001011_aipScopeNoMPU:ID00001011|ID00001011_scopeNoMPU_core:SCOPENOMPU_CORE|ID00001011_scopeNoMPU_datapath:SCOPENOMPU_DP|ID0000204D_FFT_core:FFT_Inst|_065_[4] ; clk          ; clk         ; 0.000        ; 0.436      ; 2.806      ;
; 2.199 ; ID00001011_aipScopeNoMPU:ID00001011|ID00001011_scopeNoMPU_core:SCOPENOMPU_CORE|ID00001011_scopeNoMPU_datapath:SCOPENOMPU_DP|ID0000204D_FFT_core:FFT_Inst|_245_[21] ; ID00001011_aipScopeNoMPU:ID00001011|ID00001011_scopeNoMPU_core:SCOPENOMPU_CORE|ID00001011_scopeNoMPU_datapath:SCOPENOMPU_DP|ID0000204D_FFT_core:FFT_Inst|_069_[2] ; clk          ; clk         ; 0.000        ; 0.436      ; 2.806      ;
; 2.233 ; ID00001011_aipScopeNoMPU:ID00001011|ID00001011_scopeNoMPU_core:SCOPENOMPU_CORE|ID00001011_scopeNoMPU_datapath:SCOPENOMPU_DP|ID0000204D_FFT_core:FFT_Inst|_245_[29] ; ID00001011_aipScopeNoMPU:ID00001011|ID00001011_scopeNoMPU_core:SCOPENOMPU_CORE|ID00001011_scopeNoMPU_datapath:SCOPENOMPU_DP|ID0000204D_FFT_core:FFT_Inst|_166_[3] ; clk          ; clk         ; 0.000        ; 0.430      ; 2.834      ;
; 2.233 ; ID00001011_aipScopeNoMPU:ID00001011|ID00001011_scopeNoMPU_core:SCOPENOMPU_CORE|ID00001011_scopeNoMPU_datapath:SCOPENOMPU_DP|ID0000204D_FFT_core:FFT_Inst|_245_[29] ; ID00001011_aipScopeNoMPU:ID00001011|ID00001011_scopeNoMPU_core:SCOPENOMPU_CORE|ID00001011_scopeNoMPU_datapath:SCOPENOMPU_DP|ID0000204D_FFT_core:FFT_Inst|_072_    ; clk          ; clk         ; 0.000        ; 0.430      ; 2.834      ;
; 2.233 ; ID00001011_aipScopeNoMPU:ID00001011|ID00001011_scopeNoMPU_core:SCOPENOMPU_CORE|ID00001011_scopeNoMPU_datapath:SCOPENOMPU_DP|ID0000204D_FFT_core:FFT_Inst|_245_[29] ; ID00001011_aipScopeNoMPU:ID00001011|ID00001011_scopeNoMPU_core:SCOPENOMPU_CORE|ID00001011_scopeNoMPU_datapath:SCOPENOMPU_DP|ID0000204D_FFT_core:FFT_Inst|_069_[4] ; clk          ; clk         ; 0.000        ; 0.430      ; 2.834      ;
; 2.233 ; ID00001011_aipScopeNoMPU:ID00001011|ID00001011_scopeNoMPU_core:SCOPENOMPU_CORE|ID00001011_scopeNoMPU_datapath:SCOPENOMPU_DP|ID0000204D_FFT_core:FFT_Inst|_245_[29] ; ID00001011_aipScopeNoMPU:ID00001011|ID00001011_scopeNoMPU_core:SCOPENOMPU_CORE|ID00001011_scopeNoMPU_datapath:SCOPENOMPU_DP|ID0000204D_FFT_core:FFT_Inst|_065_[6] ; clk          ; clk         ; 0.000        ; 0.430      ; 2.834      ;
+-------+--------------------------------------------------------------------------------------------------------------------------------------------------------------------+-------------------------------------------------------------------------------------------------------------------------------------------------------------------+--------------+-------------+--------------+------------+------------+


----------------------------------------------
; Slow 1200mV 0C Model Metastability Summary ;
----------------------------------------------
Design MTBF is not calculated because the design doesn't meet its timing requirements.



+------------------------------------+
; Fast 1200mV 0C Model Setup Summary ;
+-------+--------+-------------------+
; Clock ; Slack  ; End Point TNS     ;
+-------+--------+-------------------+
; clk   ; -6.798 ; -5228.202         ;
+-------+--------+-------------------+


+-----------------------------------+
; Fast 1200mV 0C Model Hold Summary ;
+-------+-------+-------------------+
; Clock ; Slack ; End Point TNS     ;
+-------+-------+-------------------+
; clk   ; 0.110 ; 0.000             ;
+-------+-------+-------------------+


+---------------------------------------+
; Fast 1200mV 0C Model Recovery Summary ;
+-------+--------+----------------------+
; Clock ; Slack  ; End Point TNS        ;
+-------+--------+----------------------+
; clk   ; -1.280 ; -54.255              ;
+-------+--------+----------------------+


+--------------------------------------+
; Fast 1200mV 0C Model Removal Summary ;
+-------+-------+----------------------+
; Clock ; Slack ; End Point TNS        ;
+-------+-------+----------------------+
; clk   ; 1.071 ; 0.000                ;
+-------+-------+----------------------+


+--------------------------------------------------+
; Fast 1200mV 0C Model Minimum Pulse Width Summary ;
+-------+--------+---------------------------------+
; Clock ; Slack  ; End Point TNS                   ;
+-------+--------+---------------------------------+
; clk   ; -3.000 ; -3128.315                       ;
+-------+--------+---------------------------------+


+-----------------------------------------------------------------------------------------------------------------------------------------------------------------------------------------------------------------------------------------------------------------------------------------------------------------------------------------------------------------------------------------------------------------------------------------------------------------------------------------------------------------------------------------------------------------------------------------------------------------------------------------------------------------------------------------------------------------------------+
; Fast 1200mV 0C Model Setup: 'clk'                                                                                                                                                                                                                                                                                                                                                                                                                                                                                                                                                                                                                                                                                           ;
+--------+------------------------------------------------------------------------------------------------------------------------------------------------------------------------------------------------------------------------------------------------------------------------------------------------------------------------------+---------------------------------------------------------------------------------------------------------------------------------------------------------------------------------------------------------------------------------------------------------------------------------------------------------------+--------------+-------------+--------------+------------+------------+
; Slack  ; From Node                                                                                                                                                                                                                                                                                                                    ; To Node                                                                                                                                                                                                                                                                                                       ; Launch Clock ; Latch Clock ; Relationship ; Clock Skew ; Data Delay ;
+--------+------------------------------------------------------------------------------------------------------------------------------------------------------------------------------------------------------------------------------------------------------------------------------------------------------------------------------+---------------------------------------------------------------------------------------------------------------------------------------------------------------------------------------------------------------------------------------------------------------------------------------------------------------+--------------+-------------+--------------+------------+------------+
; -6.798 ; ID00001011_aipScopeNoMPU:ID00001011|ID00001011_scopeNoMPU_core:SCOPENOMPU_CORE|ID00001011_scopeNoMPU_datapath:SCOPENOMPU_DP|true_dual_port_ram_single_clock:RAM1|altsyncram:ram_rtl_0|altsyncram_k6r1:auto_generated|ram_block1a0~portb_we_reg                                                                               ; ID00001011_aipScopeNoMPU:ID00001011|ID00001011_scopeNoMPU_core:SCOPENOMPU_CORE|ID00001011_scopeNoMPU_datapath:SCOPENOMPU_DP|true_dual_port_ram_single_clock:RAM1|altsyncram:ram_rtl_0|altsyncram_k6r1:auto_generated|ram_block1a1~porta_datain_reg0                                                           ; clk          ; clk         ; 1.000        ; -0.054     ; 7.753      ;
; -6.724 ; ID00001011_aipScopeNoMPU:ID00001011|ID00001011_scopeNoMPU_core:SCOPENOMPU_CORE|ID00001011_scopeNoMPU_datapath:SCOPENOMPU_DP|ID0000204D_FFT_core:FFT_Inst|altsyncram:_510__rtl_0|altsyncram_j181:auto_generated|ram_block1a0~porta_address_reg0                                                                               ; ID00001011_aipScopeNoMPU:ID00001011|ID00001011_scopeNoMPU_core:SCOPENOMPU_CORE|ID00001011_scopeNoMPU_datapath:SCOPENOMPU_DP|true_dual_port_ram_single_clock:RAM1|altsyncram:ram_rtl_0|altsyncram_k6r1:auto_generated|ram_block1a1~porta_datain_reg0                                                           ; clk          ; clk         ; 1.000        ; -0.033     ; 7.700      ;
; -6.703 ; ID00001011_aipScopeNoMPU:ID00001011|ID00001011_scopeNoMPU_core:SCOPENOMPU_CORE|ID00001011_scopeNoMPU_datapath:SCOPENOMPU_DP|ID00001012_scopeSignalMapper_core:MAPPERCORE|ID00001012_scopeSignalMapper_datapath:SCOPEMAPPER_DP|altsyncram:dataNormalized_rtl_0|altsyncram_uvg1:auto_generated|ram_block1a0~portb_address_reg0 ; ID00001011_aipScopeNoMPU:ID00001011|ID00001011_scopeNoMPU_core:SCOPENOMPU_CORE|ID00001011_scopeNoMPU_datapath:SCOPENOMPU_DP|ID00001012_scopeSignalMapper_core:MAPPERCORE|ID00001012_scopeSignalMapper_datapath:SCOPEMAPPER_DP|average:AVGR|dividerSig_core:DVD|dividerSig_datapath:DDP|data_out_reg[21]       ; clk          ; clk         ; 1.000        ; -0.235     ; 7.455      ;
; -6.703 ; ID00001011_aipScopeNoMPU:ID00001011|ID00001011_scopeNoMPU_core:SCOPENOMPU_CORE|ID00001011_scopeNoMPU_datapath:SCOPENOMPU_DP|ID00001012_scopeSignalMapper_core:MAPPERCORE|ID00001012_scopeSignalMapper_datapath:SCOPEMAPPER_DP|altsyncram:dataNormalized_rtl_0|altsyncram_uvg1:auto_generated|ram_block1a0~portb_address_reg0 ; ID00001011_aipScopeNoMPU:ID00001011|ID00001011_scopeNoMPU_core:SCOPENOMPU_CORE|ID00001011_scopeNoMPU_datapath:SCOPENOMPU_DP|ID00001012_scopeSignalMapper_core:MAPPERCORE|ID00001012_scopeSignalMapper_datapath:SCOPEMAPPER_DP|average:AVGR|dividerSig_core:DVD|dividerSig_datapath:DDP|data_out_reg[32]       ; clk          ; clk         ; 1.000        ; -0.235     ; 7.455      ;
; -6.703 ; ID00001011_aipScopeNoMPU:ID00001011|ID00001011_scopeNoMPU_core:SCOPENOMPU_CORE|ID00001011_scopeNoMPU_datapath:SCOPENOMPU_DP|ID00001012_scopeSignalMapper_core:MAPPERCORE|ID00001012_scopeSignalMapper_datapath:SCOPEMAPPER_DP|altsyncram:dataNormalized_rtl_0|altsyncram_uvg1:auto_generated|ram_block1a0~portb_address_reg0 ; ID00001011_aipScopeNoMPU:ID00001011|ID00001011_scopeNoMPU_core:SCOPENOMPU_CORE|ID00001011_scopeNoMPU_datapath:SCOPENOMPU_DP|ID00001012_scopeSignalMapper_core:MAPPERCORE|ID00001012_scopeSignalMapper_datapath:SCOPEMAPPER_DP|average:AVGR|dividerSig_core:DVD|dividerSig_datapath:DDP|data_out_reg[22]       ; clk          ; clk         ; 1.000        ; -0.235     ; 7.455      ;
; -6.703 ; ID00001011_aipScopeNoMPU:ID00001011|ID00001011_scopeNoMPU_core:SCOPENOMPU_CORE|ID00001011_scopeNoMPU_datapath:SCOPENOMPU_DP|ID00001012_scopeSignalMapper_core:MAPPERCORE|ID00001012_scopeSignalMapper_datapath:SCOPEMAPPER_DP|altsyncram:dataNormalized_rtl_0|altsyncram_uvg1:auto_generated|ram_block1a0~portb_address_reg0 ; ID00001011_aipScopeNoMPU:ID00001011|ID00001011_scopeNoMPU_core:SCOPENOMPU_CORE|ID00001011_scopeNoMPU_datapath:SCOPENOMPU_DP|ID00001012_scopeSignalMapper_core:MAPPERCORE|ID00001012_scopeSignalMapper_datapath:SCOPEMAPPER_DP|average:AVGR|dividerSig_core:DVD|dividerSig_datapath:DDP|data_out_reg[20]       ; clk          ; clk         ; 1.000        ; -0.235     ; 7.455      ;
; -6.696 ; ID00001011_aipScopeNoMPU:ID00001011|ID00001011_scopeNoMPU_core:SCOPENOMPU_CORE|ID00001011_scopeNoMPU_datapath:SCOPENOMPU_DP|true_dual_port_ram_single_clock:RAM1|altsyncram:ram_rtl_0|altsyncram_k6r1:auto_generated|ram_block1a1~portb_we_reg                                                                               ; ID00001011_aipScopeNoMPU:ID00001011|ID00001011_scopeNoMPU_core:SCOPENOMPU_CORE|ID00001011_scopeNoMPU_datapath:SCOPENOMPU_DP|true_dual_port_ram_single_clock:RAM1|altsyncram:ram_rtl_0|altsyncram_k6r1:auto_generated|ram_block1a1~porta_datain_reg0                                                           ; clk          ; clk         ; 1.000        ; -0.029     ; 7.676      ;
; -6.621 ; ID00001011_aipScopeNoMPU:ID00001011|ID00001011_scopeNoMPU_core:SCOPENOMPU_CORE|ID00001011_scopeNoMPU_datapath:SCOPENOMPU_DP|ID00001012_scopeSignalMapper_core:MAPPERCORE|ID00001012_scopeSignalMapper_datapath:SCOPEMAPPER_DP|altsyncram:dataNormalized_rtl_0|altsyncram_uvg1:auto_generated|ram_block1a0~portb_address_reg0 ; ID00001011_aipScopeNoMPU:ID00001011|ID00001011_scopeNoMPU_core:SCOPENOMPU_CORE|ID00001011_scopeNoMPU_datapath:SCOPENOMPU_DP|ID00001012_scopeSignalMapper_core:MAPPERCORE|ID00001012_scopeSignalMapper_datapath:SCOPEMAPPER_DP|average:AVGR|dividerSig_core:DVD|dividerSig_datapath:DDP|data_out[0]            ; clk          ; clk         ; 1.000        ; -0.231     ; 7.377      ;
; -6.585 ; ID00001011_aipScopeNoMPU:ID00001011|ID00001011_scopeNoMPU_core:SCOPENOMPU_CORE|ID00001011_scopeNoMPU_datapath:SCOPENOMPU_DP|ID00001012_scopeSignalMapper_core:MAPPERCORE|ID00001012_scopeSignalMapper_datapath:SCOPEMAPPER_DP|altsyncram:dataNormalized_rtl_0|altsyncram_uvg1:auto_generated|ram_block1a0~portb_address_reg0 ; ID00001011_aipScopeNoMPU:ID00001011|ID00001011_scopeNoMPU_core:SCOPENOMPU_CORE|ID00001011_scopeNoMPU_datapath:SCOPENOMPU_DP|ID00001012_scopeSignalMapper_core:MAPPERCORE|ID00001012_scopeSignalMapper_datapath:SCOPEMAPPER_DP|average:AVGR|dividerSig_core:DVD|dividerSig_datapath:DDP|data_out_reg[25]       ; clk          ; clk         ; 1.000        ; -0.049     ; 7.523      ;
; -6.585 ; ID00001011_aipScopeNoMPU:ID00001011|ID00001011_scopeNoMPU_core:SCOPENOMPU_CORE|ID00001011_scopeNoMPU_datapath:SCOPENOMPU_DP|ID00001012_scopeSignalMapper_core:MAPPERCORE|ID00001012_scopeSignalMapper_datapath:SCOPEMAPPER_DP|altsyncram:dataNormalized_rtl_0|altsyncram_uvg1:auto_generated|ram_block1a0~portb_address_reg0 ; ID00001011_aipScopeNoMPU:ID00001011|ID00001011_scopeNoMPU_core:SCOPENOMPU_CORE|ID00001011_scopeNoMPU_datapath:SCOPENOMPU_DP|ID00001012_scopeSignalMapper_core:MAPPERCORE|ID00001012_scopeSignalMapper_datapath:SCOPEMAPPER_DP|average:AVGR|dividerSig_core:DVD|dividerSig_datapath:DDP|data_out_reg[30]       ; clk          ; clk         ; 1.000        ; -0.049     ; 7.523      ;
; -6.585 ; ID00001011_aipScopeNoMPU:ID00001011|ID00001011_scopeNoMPU_core:SCOPENOMPU_CORE|ID00001011_scopeNoMPU_datapath:SCOPENOMPU_DP|ID00001012_scopeSignalMapper_core:MAPPERCORE|ID00001012_scopeSignalMapper_datapath:SCOPEMAPPER_DP|altsyncram:dataNormalized_rtl_0|altsyncram_uvg1:auto_generated|ram_block1a0~portb_address_reg0 ; ID00001011_aipScopeNoMPU:ID00001011|ID00001011_scopeNoMPU_core:SCOPENOMPU_CORE|ID00001011_scopeNoMPU_datapath:SCOPENOMPU_DP|ID00001012_scopeSignalMapper_core:MAPPERCORE|ID00001012_scopeSignalMapper_datapath:SCOPEMAPPER_DP|average:AVGR|dividerSig_core:DVD|dividerSig_datapath:DDP|data_out_reg[28]       ; clk          ; clk         ; 1.000        ; -0.049     ; 7.523      ;
; -6.585 ; ID00001011_aipScopeNoMPU:ID00001011|ID00001011_scopeNoMPU_core:SCOPENOMPU_CORE|ID00001011_scopeNoMPU_datapath:SCOPENOMPU_DP|ID00001012_scopeSignalMapper_core:MAPPERCORE|ID00001012_scopeSignalMapper_datapath:SCOPEMAPPER_DP|altsyncram:dataNormalized_rtl_0|altsyncram_uvg1:auto_generated|ram_block1a0~portb_address_reg0 ; ID00001011_aipScopeNoMPU:ID00001011|ID00001011_scopeNoMPU_core:SCOPENOMPU_CORE|ID00001011_scopeNoMPU_datapath:SCOPENOMPU_DP|ID00001012_scopeSignalMapper_core:MAPPERCORE|ID00001012_scopeSignalMapper_datapath:SCOPEMAPPER_DP|average:AVGR|dividerSig_core:DVD|dividerSig_datapath:DDP|data_out_reg[26]       ; clk          ; clk         ; 1.000        ; -0.049     ; 7.523      ;
; -6.585 ; ID00001011_aipScopeNoMPU:ID00001011|ID00001011_scopeNoMPU_core:SCOPENOMPU_CORE|ID00001011_scopeNoMPU_datapath:SCOPENOMPU_DP|ID00001012_scopeSignalMapper_core:MAPPERCORE|ID00001012_scopeSignalMapper_datapath:SCOPEMAPPER_DP|altsyncram:dataNormalized_rtl_0|altsyncram_uvg1:auto_generated|ram_block1a0~portb_address_reg0 ; ID00001011_aipScopeNoMPU:ID00001011|ID00001011_scopeNoMPU_core:SCOPENOMPU_CORE|ID00001011_scopeNoMPU_datapath:SCOPENOMPU_DP|ID00001012_scopeSignalMapper_core:MAPPERCORE|ID00001012_scopeSignalMapper_datapath:SCOPEMAPPER_DP|average:AVGR|dividerSig_core:DVD|dividerSig_datapath:DDP|data_out_reg[24]       ; clk          ; clk         ; 1.000        ; -0.049     ; 7.523      ;
; -6.572 ; ID00001011_aipScopeNoMPU:ID00001011|ID00001011_scopeNoMPU_core:SCOPENOMPU_CORE|ID00001011_scopeNoMPU_datapath:SCOPENOMPU_DP|ID00001012_scopeSignalMapper_core:MAPPERCORE|ID00001012_scopeSignalMapper_datapath:SCOPEMAPPER_DP|altsyncram:dataNormalized_rtl_0|altsyncram_uvg1:auto_generated|ram_block1a0~portb_address_reg0 ; ID00001011_aipScopeNoMPU:ID00001011|ID00001011_scopeNoMPU_core:SCOPENOMPU_CORE|ID00001011_scopeNoMPU_datapath:SCOPENOMPU_DP|ID00001012_scopeSignalMapper_core:MAPPERCORE|ID00001012_scopeSignalMapper_datapath:SCOPEMAPPER_DP|average:AVGR|dividerSig_core:DVD|dividerSig_datapath:DDP|data_out_reg[29]       ; clk          ; clk         ; 1.000        ; -0.040     ; 7.519      ;
; -6.572 ; ID00001011_aipScopeNoMPU:ID00001011|ID00001011_scopeNoMPU_core:SCOPENOMPU_CORE|ID00001011_scopeNoMPU_datapath:SCOPENOMPU_DP|ID00001012_scopeSignalMapper_core:MAPPERCORE|ID00001012_scopeSignalMapper_datapath:SCOPEMAPPER_DP|altsyncram:dataNormalized_rtl_0|altsyncram_uvg1:auto_generated|ram_block1a0~portb_address_reg0 ; ID00001011_aipScopeNoMPU:ID00001011|ID00001011_scopeNoMPU_core:SCOPENOMPU_CORE|ID00001011_scopeNoMPU_datapath:SCOPENOMPU_DP|ID00001012_scopeSignalMapper_core:MAPPERCORE|ID00001012_scopeSignalMapper_datapath:SCOPEMAPPER_DP|average:AVGR|dividerSig_core:DVD|dividerSig_datapath:DDP|data_out_reg[27]       ; clk          ; clk         ; 1.000        ; -0.040     ; 7.519      ;
; -6.537 ; ID00001011_aipScopeNoMPU:ID00001011|ID00001011_scopeNoMPU_core:SCOPENOMPU_CORE|ID00001011_scopeNoMPU_datapath:SCOPENOMPU_DP|true_dual_port_ram_single_clock:RAM1|altsyncram:ram_rtl_0|altsyncram_k6r1:auto_generated|ram_block1a0~portb_we_reg                                                                               ; ID00001011_aipScopeNoMPU:ID00001011|ID00001011_scopeNoMPU_core:SCOPENOMPU_CORE|ID00001011_scopeNoMPU_datapath:SCOPENOMPU_DP|true_dual_port_ram_single_clock:RAM1|altsyncram:ram_rtl_0|altsyncram_k6r1:auto_generated|ram_block1a0~porta_datain_reg0                                                           ; clk          ; clk         ; 1.000        ; -0.029     ; 7.517      ;
; -6.530 ; ID00001011_aipScopeNoMPU:ID00001011|ID00001011_scopeNoMPU_core:SCOPENOMPU_CORE|ID00001011_scopeNoMPU_datapath:SCOPENOMPU_DP|true_dual_port_ram_single_clock:RAM1|altsyncram:ram_rtl_0|altsyncram_k6r1:auto_generated|ram_block1a1~portb_we_reg                                                                               ; ID00001011_aipScopeNoMPU:ID00001011|ID00001011_scopeNoMPU_core:SCOPENOMPU_CORE|ID00001011_scopeNoMPU_datapath:SCOPENOMPU_DP|true_dual_port_ram_single_clock:RAM1|altsyncram:ram_rtl_0|altsyncram_k6r1:auto_generated|ram_block1a0~porta_datain_reg0                                                           ; clk          ; clk         ; 1.000        ; -0.039     ; 7.500      ;
; -6.518 ; ID00001011_aipScopeNoMPU:ID00001011|ID00001011_scopeNoMPU_core:SCOPENOMPU_CORE|ID00001011_scopeNoMPU_datapath:SCOPENOMPU_DP|ID00001012_scopeSignalMapper_core:MAPPERCORE|ID00001012_scopeSignalMapper_datapath:SCOPEMAPPER_DP|scopeScaler:SCALER|booth_core:B1|booth_datapath:BDP|data_out[31]                               ; ID00001011_aipScopeNoMPU:ID00001011|ID00001011_scopeNoMPU_core:SCOPENOMPU_CORE|ID00001011_scopeNoMPU_datapath:SCOPENOMPU_DP|ID00001012_scopeSignalMapper_core:MAPPERCORE|ID00001012_scopeSignalMapper_datapath:SCOPEMAPPER_DP|scopeScaler:SCALER|dividerSig_core:DVD|dividerSig_datapath:DDP|data_out_reg[45] ; clk          ; clk         ; 1.000        ; -0.045     ; 7.460      ;
; -6.518 ; ID00001011_aipScopeNoMPU:ID00001011|ID00001011_scopeNoMPU_core:SCOPENOMPU_CORE|ID00001011_scopeNoMPU_datapath:SCOPENOMPU_DP|ID00001012_scopeSignalMapper_core:MAPPERCORE|ID00001012_scopeSignalMapper_datapath:SCOPEMAPPER_DP|scopeScaler:SCALER|booth_core:B1|booth_datapath:BDP|data_out[31]                               ; ID00001011_aipScopeNoMPU:ID00001011|ID00001011_scopeNoMPU_core:SCOPENOMPU_CORE|ID00001011_scopeNoMPU_datapath:SCOPENOMPU_DP|ID00001012_scopeSignalMapper_core:MAPPERCORE|ID00001012_scopeSignalMapper_datapath:SCOPEMAPPER_DP|scopeScaler:SCALER|dividerSig_core:DVD|dividerSig_datapath:DDP|data_out_reg[37] ; clk          ; clk         ; 1.000        ; -0.045     ; 7.460      ;
; -6.518 ; ID00001011_aipScopeNoMPU:ID00001011|ID00001011_scopeNoMPU_core:SCOPENOMPU_CORE|ID00001011_scopeNoMPU_datapath:SCOPENOMPU_DP|ID00001012_scopeSignalMapper_core:MAPPERCORE|ID00001012_scopeSignalMapper_datapath:SCOPEMAPPER_DP|scopeScaler:SCALER|booth_core:B1|booth_datapath:BDP|data_out[31]                               ; ID00001011_aipScopeNoMPU:ID00001011|ID00001011_scopeNoMPU_core:SCOPENOMPU_CORE|ID00001011_scopeNoMPU_datapath:SCOPENOMPU_DP|ID00001012_scopeSignalMapper_core:MAPPERCORE|ID00001012_scopeSignalMapper_datapath:SCOPEMAPPER_DP|scopeScaler:SCALER|dividerSig_core:DVD|dividerSig_datapath:DDP|data_out_reg[38] ; clk          ; clk         ; 1.000        ; -0.045     ; 7.460      ;
; -6.499 ; ID00001011_aipScopeNoMPU:ID00001011|ID00001011_scopeNoMPU_core:SCOPENOMPU_CORE|ID00001011_scopeNoMPU_datapath:SCOPENOMPU_DP|ID00001012_scopeSignalMapper_core:MAPPERCORE|ID00001012_scopeSignalMapper_datapath:SCOPEMAPPER_DP|scopeScaler:SCALER|booth_core:B1|booth_datapath:BDP|data_out[31]                               ; ID00001011_aipScopeNoMPU:ID00001011|ID00001011_scopeNoMPU_core:SCOPENOMPU_CORE|ID00001011_scopeNoMPU_datapath:SCOPENOMPU_DP|ID00001012_scopeSignalMapper_core:MAPPERCORE|ID00001012_scopeSignalMapper_datapath:SCOPEMAPPER_DP|scopeScaler:SCALER|dividerSig_core:DVD|dividerSig_datapath:DDP|data_out_reg[52] ; clk          ; clk         ; 1.000        ; -0.043     ; 7.443      ;
; -6.499 ; ID00001011_aipScopeNoMPU:ID00001011|ID00001011_scopeNoMPU_core:SCOPENOMPU_CORE|ID00001011_scopeNoMPU_datapath:SCOPENOMPU_DP|ID00001012_scopeSignalMapper_core:MAPPERCORE|ID00001012_scopeSignalMapper_datapath:SCOPEMAPPER_DP|scopeScaler:SCALER|booth_core:B1|booth_datapath:BDP|data_out[31]                               ; ID00001011_aipScopeNoMPU:ID00001011|ID00001011_scopeNoMPU_core:SCOPENOMPU_CORE|ID00001011_scopeNoMPU_datapath:SCOPENOMPU_DP|ID00001012_scopeSignalMapper_core:MAPPERCORE|ID00001012_scopeSignalMapper_datapath:SCOPEMAPPER_DP|scopeScaler:SCALER|dividerSig_core:DVD|dividerSig_datapath:DDP|data_out_reg[53] ; clk          ; clk         ; 1.000        ; -0.043     ; 7.443      ;
; -6.499 ; ID00001011_aipScopeNoMPU:ID00001011|ID00001011_scopeNoMPU_core:SCOPENOMPU_CORE|ID00001011_scopeNoMPU_datapath:SCOPENOMPU_DP|ID00001012_scopeSignalMapper_core:MAPPERCORE|ID00001012_scopeSignalMapper_datapath:SCOPEMAPPER_DP|scopeScaler:SCALER|booth_core:B1|booth_datapath:BDP|data_out[31]                               ; ID00001011_aipScopeNoMPU:ID00001011|ID00001011_scopeNoMPU_core:SCOPENOMPU_CORE|ID00001011_scopeNoMPU_datapath:SCOPENOMPU_DP|ID00001012_scopeSignalMapper_core:MAPPERCORE|ID00001012_scopeSignalMapper_datapath:SCOPEMAPPER_DP|scopeScaler:SCALER|dividerSig_core:DVD|dividerSig_datapath:DDP|data_out_reg[55] ; clk          ; clk         ; 1.000        ; -0.043     ; 7.443      ;
; -6.499 ; ID00001011_aipScopeNoMPU:ID00001011|ID00001011_scopeNoMPU_core:SCOPENOMPU_CORE|ID00001011_scopeNoMPU_datapath:SCOPENOMPU_DP|ID00001012_scopeSignalMapper_core:MAPPERCORE|ID00001012_scopeSignalMapper_datapath:SCOPEMAPPER_DP|scopeScaler:SCALER|booth_core:B1|booth_datapath:BDP|data_out[31]                               ; ID00001011_aipScopeNoMPU:ID00001011|ID00001011_scopeNoMPU_core:SCOPENOMPU_CORE|ID00001011_scopeNoMPU_datapath:SCOPENOMPU_DP|ID00001012_scopeSignalMapper_core:MAPPERCORE|ID00001012_scopeSignalMapper_datapath:SCOPEMAPPER_DP|scopeScaler:SCALER|dividerSig_core:DVD|dividerSig_datapath:DDP|data_out_reg[57] ; clk          ; clk         ; 1.000        ; -0.043     ; 7.443      ;
; -6.499 ; ID00001011_aipScopeNoMPU:ID00001011|ID00001011_scopeNoMPU_core:SCOPENOMPU_CORE|ID00001011_scopeNoMPU_datapath:SCOPENOMPU_DP|ID00001012_scopeSignalMapper_core:MAPPERCORE|ID00001012_scopeSignalMapper_datapath:SCOPEMAPPER_DP|scopeScaler:SCALER|booth_core:B1|booth_datapath:BDP|data_out[31]                               ; ID00001011_aipScopeNoMPU:ID00001011|ID00001011_scopeNoMPU_core:SCOPENOMPU_CORE|ID00001011_scopeNoMPU_datapath:SCOPENOMPU_DP|ID00001012_scopeSignalMapper_core:MAPPERCORE|ID00001012_scopeSignalMapper_datapath:SCOPEMAPPER_DP|scopeScaler:SCALER|dividerSig_core:DVD|dividerSig_datapath:DDP|data_out_reg[58] ; clk          ; clk         ; 1.000        ; -0.043     ; 7.443      ;
; -6.499 ; ID00001011_aipScopeNoMPU:ID00001011|ID00001011_scopeNoMPU_core:SCOPENOMPU_CORE|ID00001011_scopeNoMPU_datapath:SCOPENOMPU_DP|ID00001012_scopeSignalMapper_core:MAPPERCORE|ID00001012_scopeSignalMapper_datapath:SCOPEMAPPER_DP|scopeScaler:SCALER|booth_core:B1|booth_datapath:BDP|data_out[31]                               ; ID00001011_aipScopeNoMPU:ID00001011|ID00001011_scopeNoMPU_core:SCOPENOMPU_CORE|ID00001011_scopeNoMPU_datapath:SCOPENOMPU_DP|ID00001012_scopeSignalMapper_core:MAPPERCORE|ID00001012_scopeSignalMapper_datapath:SCOPEMAPPER_DP|scopeScaler:SCALER|dividerSig_core:DVD|dividerSig_datapath:DDP|data_out_reg[59] ; clk          ; clk         ; 1.000        ; -0.043     ; 7.443      ;
; -6.499 ; ID00001011_aipScopeNoMPU:ID00001011|ID00001011_scopeNoMPU_core:SCOPENOMPU_CORE|ID00001011_scopeNoMPU_datapath:SCOPENOMPU_DP|ID00001012_scopeSignalMapper_core:MAPPERCORE|ID00001012_scopeSignalMapper_datapath:SCOPEMAPPER_DP|scopeScaler:SCALER|booth_core:B1|booth_datapath:BDP|data_out[31]                               ; ID00001011_aipScopeNoMPU:ID00001011|ID00001011_scopeNoMPU_core:SCOPENOMPU_CORE|ID00001011_scopeNoMPU_datapath:SCOPENOMPU_DP|ID00001012_scopeSignalMapper_core:MAPPERCORE|ID00001012_scopeSignalMapper_datapath:SCOPEMAPPER_DP|scopeScaler:SCALER|dividerSig_core:DVD|dividerSig_datapath:DDP|data_out_reg[60] ; clk          ; clk         ; 1.000        ; -0.043     ; 7.443      ;
; -6.499 ; ID00001011_aipScopeNoMPU:ID00001011|ID00001011_scopeNoMPU_core:SCOPENOMPU_CORE|ID00001011_scopeNoMPU_datapath:SCOPENOMPU_DP|ID00001012_scopeSignalMapper_core:MAPPERCORE|ID00001012_scopeSignalMapper_datapath:SCOPEMAPPER_DP|scopeScaler:SCALER|booth_core:B1|booth_datapath:BDP|data_out[31]                               ; ID00001011_aipScopeNoMPU:ID00001011|ID00001011_scopeNoMPU_core:SCOPENOMPU_CORE|ID00001011_scopeNoMPU_datapath:SCOPENOMPU_DP|ID00001012_scopeSignalMapper_core:MAPPERCORE|ID00001012_scopeSignalMapper_datapath:SCOPEMAPPER_DP|scopeScaler:SCALER|dividerSig_core:DVD|dividerSig_datapath:DDP|data_out_reg[61] ; clk          ; clk         ; 1.000        ; -0.043     ; 7.443      ;
; -6.469 ; ID00001011_aipScopeNoMPU:ID00001011|ID00001011_scopeNoMPU_core:SCOPENOMPU_CORE|ID00001011_scopeNoMPU_datapath:SCOPENOMPU_DP|ID00001012_scopeSignalMapper_core:MAPPERCORE|ID00001012_scopeSignalMapper_datapath:SCOPEMAPPER_DP|maxFound:MAXFD|data_out[0]                                                                     ; ID00001011_aipScopeNoMPU:ID00001011|ID00001011_scopeNoMPU_core:SCOPENOMPU_CORE|ID00001011_scopeNoMPU_datapath:SCOPENOMPU_DP|ID00001012_scopeSignalMapper_core:MAPPERCORE|ID00001012_scopeSignalMapper_datapath:SCOPEMAPPER_DP|scopeScaler:SCALER|dividerSig_core:DVD|dividerSig_datapath:DDP|data_out_reg[45] ; clk          ; clk         ; 1.000        ; -0.045     ; 7.411      ;
; -6.469 ; ID00001011_aipScopeNoMPU:ID00001011|ID00001011_scopeNoMPU_core:SCOPENOMPU_CORE|ID00001011_scopeNoMPU_datapath:SCOPENOMPU_DP|ID00001012_scopeSignalMapper_core:MAPPERCORE|ID00001012_scopeSignalMapper_datapath:SCOPEMAPPER_DP|maxFound:MAXFD|data_out[0]                                                                     ; ID00001011_aipScopeNoMPU:ID00001011|ID00001011_scopeNoMPU_core:SCOPENOMPU_CORE|ID00001011_scopeNoMPU_datapath:SCOPENOMPU_DP|ID00001012_scopeSignalMapper_core:MAPPERCORE|ID00001012_scopeSignalMapper_datapath:SCOPEMAPPER_DP|scopeScaler:SCALER|dividerSig_core:DVD|dividerSig_datapath:DDP|data_out_reg[37] ; clk          ; clk         ; 1.000        ; -0.045     ; 7.411      ;
; -6.469 ; ID00001011_aipScopeNoMPU:ID00001011|ID00001011_scopeNoMPU_core:SCOPENOMPU_CORE|ID00001011_scopeNoMPU_datapath:SCOPENOMPU_DP|ID00001012_scopeSignalMapper_core:MAPPERCORE|ID00001012_scopeSignalMapper_datapath:SCOPEMAPPER_DP|maxFound:MAXFD|data_out[0]                                                                     ; ID00001011_aipScopeNoMPU:ID00001011|ID00001011_scopeNoMPU_core:SCOPENOMPU_CORE|ID00001011_scopeNoMPU_datapath:SCOPENOMPU_DP|ID00001012_scopeSignalMapper_core:MAPPERCORE|ID00001012_scopeSignalMapper_datapath:SCOPEMAPPER_DP|scopeScaler:SCALER|dividerSig_core:DVD|dividerSig_datapath:DDP|data_out_reg[38] ; clk          ; clk         ; 1.000        ; -0.045     ; 7.411      ;
; -6.461 ; ID00001011_aipScopeNoMPU:ID00001011|ID00001011_scopeNoMPU_core:SCOPENOMPU_CORE|ID00001011_scopeNoMPU_datapath:SCOPENOMPU_DP|ID00001012_scopeSignalMapper_core:MAPPERCORE|ID00001012_scopeSignalMapper_datapath:SCOPEMAPPER_DP|scopeScaler:SCALER|booth_core:B1|booth_datapath:BDP|data_out[31]                               ; ID00001011_aipScopeNoMPU:ID00001011|ID00001011_scopeNoMPU_core:SCOPENOMPU_CORE|ID00001011_scopeNoMPU_datapath:SCOPENOMPU_DP|ID00001012_scopeSignalMapper_core:MAPPERCORE|ID00001012_scopeSignalMapper_datapath:SCOPEMAPPER_DP|scopeScaler:SCALER|dividerSig_core:DVD|dividerSig_datapath:DDP|data_out_reg[48] ; clk          ; clk         ; 1.000        ; -0.076     ; 7.372      ;
; -6.461 ; ID00001011_aipScopeNoMPU:ID00001011|ID00001011_scopeNoMPU_core:SCOPENOMPU_CORE|ID00001011_scopeNoMPU_datapath:SCOPENOMPU_DP|ID00001012_scopeSignalMapper_core:MAPPERCORE|ID00001012_scopeSignalMapper_datapath:SCOPEMAPPER_DP|scopeScaler:SCALER|booth_core:B1|booth_datapath:BDP|data_out[31]                               ; ID00001011_aipScopeNoMPU:ID00001011|ID00001011_scopeNoMPU_core:SCOPENOMPU_CORE|ID00001011_scopeNoMPU_datapath:SCOPENOMPU_DP|ID00001012_scopeSignalMapper_core:MAPPERCORE|ID00001012_scopeSignalMapper_datapath:SCOPEMAPPER_DP|scopeScaler:SCALER|dividerSig_core:DVD|dividerSig_datapath:DDP|data_out_reg[46] ; clk          ; clk         ; 1.000        ; -0.076     ; 7.372      ;
; -6.461 ; ID00001011_aipScopeNoMPU:ID00001011|ID00001011_scopeNoMPU_core:SCOPENOMPU_CORE|ID00001011_scopeNoMPU_datapath:SCOPENOMPU_DP|ID00001012_scopeSignalMapper_core:MAPPERCORE|ID00001012_scopeSignalMapper_datapath:SCOPEMAPPER_DP|scopeScaler:SCALER|booth_core:B1|booth_datapath:BDP|data_out[31]                               ; ID00001011_aipScopeNoMPU:ID00001011|ID00001011_scopeNoMPU_core:SCOPENOMPU_CORE|ID00001011_scopeNoMPU_datapath:SCOPENOMPU_DP|ID00001012_scopeSignalMapper_core:MAPPERCORE|ID00001012_scopeSignalMapper_datapath:SCOPEMAPPER_DP|scopeScaler:SCALER|dividerSig_core:DVD|dividerSig_datapath:DDP|data_out_reg[44] ; clk          ; clk         ; 1.000        ; -0.076     ; 7.372      ;
; -6.450 ; ID00001011_aipScopeNoMPU:ID00001011|ID00001011_scopeNoMPU_core:SCOPENOMPU_CORE|ID00001011_scopeNoMPU_datapath:SCOPENOMPU_DP|ID00001012_scopeSignalMapper_core:MAPPERCORE|ID00001012_scopeSignalMapper_datapath:SCOPEMAPPER_DP|maxFound:MAXFD|data_out[0]                                                                     ; ID00001011_aipScopeNoMPU:ID00001011|ID00001011_scopeNoMPU_core:SCOPENOMPU_CORE|ID00001011_scopeNoMPU_datapath:SCOPENOMPU_DP|ID00001012_scopeSignalMapper_core:MAPPERCORE|ID00001012_scopeSignalMapper_datapath:SCOPEMAPPER_DP|scopeScaler:SCALER|dividerSig_core:DVD|dividerSig_datapath:DDP|data_out_reg[52] ; clk          ; clk         ; 1.000        ; -0.043     ; 7.394      ;
; -6.450 ; ID00001011_aipScopeNoMPU:ID00001011|ID00001011_scopeNoMPU_core:SCOPENOMPU_CORE|ID00001011_scopeNoMPU_datapath:SCOPENOMPU_DP|ID00001012_scopeSignalMapper_core:MAPPERCORE|ID00001012_scopeSignalMapper_datapath:SCOPEMAPPER_DP|maxFound:MAXFD|data_out[0]                                                                     ; ID00001011_aipScopeNoMPU:ID00001011|ID00001011_scopeNoMPU_core:SCOPENOMPU_CORE|ID00001011_scopeNoMPU_datapath:SCOPENOMPU_DP|ID00001012_scopeSignalMapper_core:MAPPERCORE|ID00001012_scopeSignalMapper_datapath:SCOPEMAPPER_DP|scopeScaler:SCALER|dividerSig_core:DVD|dividerSig_datapath:DDP|data_out_reg[53] ; clk          ; clk         ; 1.000        ; -0.043     ; 7.394      ;
; -6.450 ; ID00001011_aipScopeNoMPU:ID00001011|ID00001011_scopeNoMPU_core:SCOPENOMPU_CORE|ID00001011_scopeNoMPU_datapath:SCOPENOMPU_DP|ID00001012_scopeSignalMapper_core:MAPPERCORE|ID00001012_scopeSignalMapper_datapath:SCOPEMAPPER_DP|maxFound:MAXFD|data_out[0]                                                                     ; ID00001011_aipScopeNoMPU:ID00001011|ID00001011_scopeNoMPU_core:SCOPENOMPU_CORE|ID00001011_scopeNoMPU_datapath:SCOPENOMPU_DP|ID00001012_scopeSignalMapper_core:MAPPERCORE|ID00001012_scopeSignalMapper_datapath:SCOPEMAPPER_DP|scopeScaler:SCALER|dividerSig_core:DVD|dividerSig_datapath:DDP|data_out_reg[55] ; clk          ; clk         ; 1.000        ; -0.043     ; 7.394      ;
; -6.450 ; ID00001011_aipScopeNoMPU:ID00001011|ID00001011_scopeNoMPU_core:SCOPENOMPU_CORE|ID00001011_scopeNoMPU_datapath:SCOPENOMPU_DP|ID00001012_scopeSignalMapper_core:MAPPERCORE|ID00001012_scopeSignalMapper_datapath:SCOPEMAPPER_DP|maxFound:MAXFD|data_out[0]                                                                     ; ID00001011_aipScopeNoMPU:ID00001011|ID00001011_scopeNoMPU_core:SCOPENOMPU_CORE|ID00001011_scopeNoMPU_datapath:SCOPENOMPU_DP|ID00001012_scopeSignalMapper_core:MAPPERCORE|ID00001012_scopeSignalMapper_datapath:SCOPEMAPPER_DP|scopeScaler:SCALER|dividerSig_core:DVD|dividerSig_datapath:DDP|data_out_reg[57] ; clk          ; clk         ; 1.000        ; -0.043     ; 7.394      ;
; -6.450 ; ID00001011_aipScopeNoMPU:ID00001011|ID00001011_scopeNoMPU_core:SCOPENOMPU_CORE|ID00001011_scopeNoMPU_datapath:SCOPENOMPU_DP|ID00001012_scopeSignalMapper_core:MAPPERCORE|ID00001012_scopeSignalMapper_datapath:SCOPEMAPPER_DP|maxFound:MAXFD|data_out[0]                                                                     ; ID00001011_aipScopeNoMPU:ID00001011|ID00001011_scopeNoMPU_core:SCOPENOMPU_CORE|ID00001011_scopeNoMPU_datapath:SCOPENOMPU_DP|ID00001012_scopeSignalMapper_core:MAPPERCORE|ID00001012_scopeSignalMapper_datapath:SCOPEMAPPER_DP|scopeScaler:SCALER|dividerSig_core:DVD|dividerSig_datapath:DDP|data_out_reg[58] ; clk          ; clk         ; 1.000        ; -0.043     ; 7.394      ;
; -6.450 ; ID00001011_aipScopeNoMPU:ID00001011|ID00001011_scopeNoMPU_core:SCOPENOMPU_CORE|ID00001011_scopeNoMPU_datapath:SCOPENOMPU_DP|ID00001012_scopeSignalMapper_core:MAPPERCORE|ID00001012_scopeSignalMapper_datapath:SCOPEMAPPER_DP|maxFound:MAXFD|data_out[0]                                                                     ; ID00001011_aipScopeNoMPU:ID00001011|ID00001011_scopeNoMPU_core:SCOPENOMPU_CORE|ID00001011_scopeNoMPU_datapath:SCOPENOMPU_DP|ID00001012_scopeSignalMapper_core:MAPPERCORE|ID00001012_scopeSignalMapper_datapath:SCOPEMAPPER_DP|scopeScaler:SCALER|dividerSig_core:DVD|dividerSig_datapath:DDP|data_out_reg[59] ; clk          ; clk         ; 1.000        ; -0.043     ; 7.394      ;
; -6.450 ; ID00001011_aipScopeNoMPU:ID00001011|ID00001011_scopeNoMPU_core:SCOPENOMPU_CORE|ID00001011_scopeNoMPU_datapath:SCOPENOMPU_DP|ID00001012_scopeSignalMapper_core:MAPPERCORE|ID00001012_scopeSignalMapper_datapath:SCOPEMAPPER_DP|maxFound:MAXFD|data_out[0]                                                                     ; ID00001011_aipScopeNoMPU:ID00001011|ID00001011_scopeNoMPU_core:SCOPENOMPU_CORE|ID00001011_scopeNoMPU_datapath:SCOPENOMPU_DP|ID00001012_scopeSignalMapper_core:MAPPERCORE|ID00001012_scopeSignalMapper_datapath:SCOPEMAPPER_DP|scopeScaler:SCALER|dividerSig_core:DVD|dividerSig_datapath:DDP|data_out_reg[60] ; clk          ; clk         ; 1.000        ; -0.043     ; 7.394      ;
; -6.450 ; ID00001011_aipScopeNoMPU:ID00001011|ID00001011_scopeNoMPU_core:SCOPENOMPU_CORE|ID00001011_scopeNoMPU_datapath:SCOPENOMPU_DP|ID00001012_scopeSignalMapper_core:MAPPERCORE|ID00001012_scopeSignalMapper_datapath:SCOPEMAPPER_DP|maxFound:MAXFD|data_out[0]                                                                     ; ID00001011_aipScopeNoMPU:ID00001011|ID00001011_scopeNoMPU_core:SCOPENOMPU_CORE|ID00001011_scopeNoMPU_datapath:SCOPENOMPU_DP|ID00001012_scopeSignalMapper_core:MAPPERCORE|ID00001012_scopeSignalMapper_datapath:SCOPEMAPPER_DP|scopeScaler:SCALER|dividerSig_core:DVD|dividerSig_datapath:DDP|data_out_reg[61] ; clk          ; clk         ; 1.000        ; -0.043     ; 7.394      ;
; -6.418 ; ID00001011_aipScopeNoMPU:ID00001011|ID00001011_scopeNoMPU_core:SCOPENOMPU_CORE|ID00001011_scopeNoMPU_datapath:SCOPENOMPU_DP|ID00001012_scopeSignalMapper_core:MAPPERCORE|ID00001012_scopeSignalMapper_datapath:SCOPEMAPPER_DP|altsyncram:dataNormalized_rtl_0|altsyncram_uvg1:auto_generated|ram_block1a0~portb_address_reg0 ; ID00001011_aipScopeNoMPU:ID00001011|ID00001011_scopeNoMPU_core:SCOPENOMPU_CORE|ID00001011_scopeNoMPU_datapath:SCOPENOMPU_DP|ID00001012_scopeSignalMapper_core:MAPPERCORE|ID00001012_scopeSignalMapper_datapath:SCOPEMAPPER_DP|average:AVGR|dividerSig_core:DVD|dividerSig_datapath:DDP|data_out_reg[38]       ; clk          ; clk         ; 1.000        ; -0.053     ; 7.352      ;
; -6.418 ; ID00001011_aipScopeNoMPU:ID00001011|ID00001011_scopeNoMPU_core:SCOPENOMPU_CORE|ID00001011_scopeNoMPU_datapath:SCOPENOMPU_DP|ID00001012_scopeSignalMapper_core:MAPPERCORE|ID00001012_scopeSignalMapper_datapath:SCOPEMAPPER_DP|altsyncram:dataNormalized_rtl_0|altsyncram_uvg1:auto_generated|ram_block1a0~portb_address_reg0 ; ID00001011_aipScopeNoMPU:ID00001011|ID00001011_scopeNoMPU_core:SCOPENOMPU_CORE|ID00001011_scopeNoMPU_datapath:SCOPENOMPU_DP|ID00001012_scopeSignalMapper_core:MAPPERCORE|ID00001012_scopeSignalMapper_datapath:SCOPEMAPPER_DP|average:AVGR|dividerSig_core:DVD|dividerSig_datapath:DDP|data_out_reg[33]       ; clk          ; clk         ; 1.000        ; -0.053     ; 7.352      ;
; -6.418 ; ID00001011_aipScopeNoMPU:ID00001011|ID00001011_scopeNoMPU_core:SCOPENOMPU_CORE|ID00001011_scopeNoMPU_datapath:SCOPENOMPU_DP|ID00001012_scopeSignalMapper_core:MAPPERCORE|ID00001012_scopeSignalMapper_datapath:SCOPEMAPPER_DP|altsyncram:dataNormalized_rtl_0|altsyncram_uvg1:auto_generated|ram_block1a0~portb_address_reg0 ; ID00001011_aipScopeNoMPU:ID00001011|ID00001011_scopeNoMPU_core:SCOPENOMPU_CORE|ID00001011_scopeNoMPU_datapath:SCOPENOMPU_DP|ID00001012_scopeSignalMapper_core:MAPPERCORE|ID00001012_scopeSignalMapper_datapath:SCOPEMAPPER_DP|average:AVGR|dividerSig_core:DVD|dividerSig_datapath:DDP|data_out_reg[31]       ; clk          ; clk         ; 1.000        ; -0.053     ; 7.352      ;
; -6.418 ; ID00001011_aipScopeNoMPU:ID00001011|ID00001011_scopeNoMPU_core:SCOPENOMPU_CORE|ID00001011_scopeNoMPU_datapath:SCOPENOMPU_DP|ID00001012_scopeSignalMapper_core:MAPPERCORE|ID00001012_scopeSignalMapper_datapath:SCOPEMAPPER_DP|altsyncram:dataNormalized_rtl_0|altsyncram_uvg1:auto_generated|ram_block1a0~portb_address_reg0 ; ID00001011_aipScopeNoMPU:ID00001011|ID00001011_scopeNoMPU_core:SCOPENOMPU_CORE|ID00001011_scopeNoMPU_datapath:SCOPENOMPU_DP|ID00001012_scopeSignalMapper_core:MAPPERCORE|ID00001012_scopeSignalMapper_datapath:SCOPEMAPPER_DP|average:AVGR|dividerSig_core:DVD|dividerSig_datapath:DDP|data_out_reg[34]       ; clk          ; clk         ; 1.000        ; -0.053     ; 7.352      ;
; -6.418 ; ID00001011_aipScopeNoMPU:ID00001011|ID00001011_scopeNoMPU_core:SCOPENOMPU_CORE|ID00001011_scopeNoMPU_datapath:SCOPENOMPU_DP|ID00001012_scopeSignalMapper_core:MAPPERCORE|ID00001012_scopeSignalMapper_datapath:SCOPEMAPPER_DP|altsyncram:dataNormalized_rtl_0|altsyncram_uvg1:auto_generated|ram_block1a0~portb_address_reg0 ; ID00001011_aipScopeNoMPU:ID00001011|ID00001011_scopeNoMPU_core:SCOPENOMPU_CORE|ID00001011_scopeNoMPU_datapath:SCOPENOMPU_DP|ID00001012_scopeSignalMapper_core:MAPPERCORE|ID00001012_scopeSignalMapper_datapath:SCOPEMAPPER_DP|average:AVGR|dividerSig_core:DVD|dividerSig_datapath:DDP|data_out_reg[35]       ; clk          ; clk         ; 1.000        ; -0.053     ; 7.352      ;
; -6.418 ; ID00001011_aipScopeNoMPU:ID00001011|ID00001011_scopeNoMPU_core:SCOPENOMPU_CORE|ID00001011_scopeNoMPU_datapath:SCOPENOMPU_DP|ID00001012_scopeSignalMapper_core:MAPPERCORE|ID00001012_scopeSignalMapper_datapath:SCOPEMAPPER_DP|altsyncram:dataNormalized_rtl_0|altsyncram_uvg1:auto_generated|ram_block1a0~portb_address_reg0 ; ID00001011_aipScopeNoMPU:ID00001011|ID00001011_scopeNoMPU_core:SCOPENOMPU_CORE|ID00001011_scopeNoMPU_datapath:SCOPENOMPU_DP|ID00001012_scopeSignalMapper_core:MAPPERCORE|ID00001012_scopeSignalMapper_datapath:SCOPEMAPPER_DP|average:AVGR|dividerSig_core:DVD|dividerSig_datapath:DDP|data_out_reg[36]       ; clk          ; clk         ; 1.000        ; -0.053     ; 7.352      ;
; -6.416 ; ID00001011_aipScopeNoMPU:ID00001011|ID00001011_scopeNoMPU_core:SCOPENOMPU_CORE|ID00001011_scopeNoMPU_datapath:SCOPENOMPU_DP|true_dual_port_ram_single_clock:RAM1|altsyncram:ram_rtl_0|altsyncram_k6r1:auto_generated|ram_block1a0~portb_we_reg                                                                               ; ID00001011_aipScopeNoMPU:ID00001011|ID00001011_scopeNoMPU_core:SCOPENOMPU_CORE|ID00001011_scopeNoMPU_datapath:SCOPENOMPU_DP|true_dual_port_ram_single_clock:RAM1|altsyncram:ram_rtl_0|altsyncram_k6r1:auto_generated|ram_block1a1~portb_datain_reg0                                                           ; clk          ; clk         ; 1.000        ; -0.053     ; 7.372      ;
; -6.412 ; ID00001011_aipScopeNoMPU:ID00001011|ID00001011_scopeNoMPU_core:SCOPENOMPU_CORE|ID00001011_scopeNoMPU_datapath:SCOPENOMPU_DP|ID00001012_scopeSignalMapper_core:MAPPERCORE|ID00001012_scopeSignalMapper_datapath:SCOPEMAPPER_DP|maxFound:MAXFD|data_out[0]                                                                     ; ID00001011_aipScopeNoMPU:ID00001011|ID00001011_scopeNoMPU_core:SCOPENOMPU_CORE|ID00001011_scopeNoMPU_datapath:SCOPENOMPU_DP|ID00001012_scopeSignalMapper_core:MAPPERCORE|ID00001012_scopeSignalMapper_datapath:SCOPEMAPPER_DP|scopeScaler:SCALER|dividerSig_core:DVD|dividerSig_datapath:DDP|data_out_reg[48] ; clk          ; clk         ; 1.000        ; -0.076     ; 7.323      ;
; -6.412 ; ID00001011_aipScopeNoMPU:ID00001011|ID00001011_scopeNoMPU_core:SCOPENOMPU_CORE|ID00001011_scopeNoMPU_datapath:SCOPENOMPU_DP|ID00001012_scopeSignalMapper_core:MAPPERCORE|ID00001012_scopeSignalMapper_datapath:SCOPEMAPPER_DP|maxFound:MAXFD|data_out[0]                                                                     ; ID00001011_aipScopeNoMPU:ID00001011|ID00001011_scopeNoMPU_core:SCOPENOMPU_CORE|ID00001011_scopeNoMPU_datapath:SCOPENOMPU_DP|ID00001012_scopeSignalMapper_core:MAPPERCORE|ID00001012_scopeSignalMapper_datapath:SCOPEMAPPER_DP|scopeScaler:SCALER|dividerSig_core:DVD|dividerSig_datapath:DDP|data_out_reg[46] ; clk          ; clk         ; 1.000        ; -0.076     ; 7.323      ;
; -6.412 ; ID00001011_aipScopeNoMPU:ID00001011|ID00001011_scopeNoMPU_core:SCOPENOMPU_CORE|ID00001011_scopeNoMPU_datapath:SCOPENOMPU_DP|ID00001012_scopeSignalMapper_core:MAPPERCORE|ID00001012_scopeSignalMapper_datapath:SCOPEMAPPER_DP|maxFound:MAXFD|data_out[0]                                                                     ; ID00001011_aipScopeNoMPU:ID00001011|ID00001011_scopeNoMPU_core:SCOPENOMPU_CORE|ID00001011_scopeNoMPU_datapath:SCOPENOMPU_DP|ID00001012_scopeSignalMapper_core:MAPPERCORE|ID00001012_scopeSignalMapper_datapath:SCOPEMAPPER_DP|scopeScaler:SCALER|dividerSig_core:DVD|dividerSig_datapath:DDP|data_out_reg[44] ; clk          ; clk         ; 1.000        ; -0.076     ; 7.323      ;
; -6.397 ; ID00001011_aipScopeNoMPU:ID00001011|ID00001011_scopeNoMPU_core:SCOPENOMPU_CORE|ID00001011_scopeNoMPU_datapath:SCOPENOMPU_DP|ID0000204D_FFT_core:FFT_Inst|altsyncram:_510__rtl_0|altsyncram_j181:auto_generated|ram_block1a0~porta_address_reg0                                                                               ; ID00001011_aipScopeNoMPU:ID00001011|ID00001011_scopeNoMPU_core:SCOPENOMPU_CORE|ID00001011_scopeNoMPU_datapath:SCOPENOMPU_DP|true_dual_port_ram_single_clock:RAM1|altsyncram:ram_rtl_0|altsyncram_k6r1:auto_generated|ram_block1a0~porta_datain_reg0                                                           ; clk          ; clk         ; 1.000        ; -0.026     ; 7.380      ;
; -6.363 ; ID00001011_aipScopeNoMPU:ID00001011|ID00001011_scopeNoMPU_core:SCOPENOMPU_CORE|ID00001011_scopeNoMPU_datapath:SCOPENOMPU_DP|ID00001012_scopeSignalMapper_core:MAPPERCORE|ID00001012_scopeSignalMapper_datapath:SCOPEMAPPER_DP|scopeScaler:SCALER|booth_core:B1|booth_datapath:BDP|data_out[31]                               ; ID00001011_aipScopeNoMPU:ID00001011|ID00001011_scopeNoMPU_core:SCOPENOMPU_CORE|ID00001011_scopeNoMPU_datapath:SCOPENOMPU_DP|ID00001012_scopeSignalMapper_core:MAPPERCORE|ID00001012_scopeSignalMapper_datapath:SCOPEMAPPER_DP|scopeScaler:SCALER|dividerSig_core:DVD|dividerSig_datapath:DDP|data_out_reg[47] ; clk          ; clk         ; 1.000        ; -0.082     ; 7.268      ;
; -6.363 ; ID00001011_aipScopeNoMPU:ID00001011|ID00001011_scopeNoMPU_core:SCOPENOMPU_CORE|ID00001011_scopeNoMPU_datapath:SCOPENOMPU_DP|ID00001012_scopeSignalMapper_core:MAPPERCORE|ID00001012_scopeSignalMapper_datapath:SCOPEMAPPER_DP|scopeScaler:SCALER|booth_core:B1|booth_datapath:BDP|data_out[31]                               ; ID00001011_aipScopeNoMPU:ID00001011|ID00001011_scopeNoMPU_core:SCOPENOMPU_CORE|ID00001011_scopeNoMPU_datapath:SCOPENOMPU_DP|ID00001012_scopeSignalMapper_core:MAPPERCORE|ID00001012_scopeSignalMapper_datapath:SCOPEMAPPER_DP|scopeScaler:SCALER|dividerSig_core:DVD|dividerSig_datapath:DDP|data_out_reg[41] ; clk          ; clk         ; 1.000        ; -0.082     ; 7.268      ;
; -6.363 ; ID00001011_aipScopeNoMPU:ID00001011|ID00001011_scopeNoMPU_core:SCOPENOMPU_CORE|ID00001011_scopeNoMPU_datapath:SCOPENOMPU_DP|ID00001012_scopeSignalMapper_core:MAPPERCORE|ID00001012_scopeSignalMapper_datapath:SCOPEMAPPER_DP|scopeScaler:SCALER|booth_core:B1|booth_datapath:BDP|data_out[31]                               ; ID00001011_aipScopeNoMPU:ID00001011|ID00001011_scopeNoMPU_core:SCOPENOMPU_CORE|ID00001011_scopeNoMPU_datapath:SCOPENOMPU_DP|ID00001012_scopeSignalMapper_core:MAPPERCORE|ID00001012_scopeSignalMapper_datapath:SCOPEMAPPER_DP|scopeScaler:SCALER|dividerSig_core:DVD|dividerSig_datapath:DDP|data_out_reg[39] ; clk          ; clk         ; 1.000        ; -0.082     ; 7.268      ;
; -6.363 ; ID00001011_aipScopeNoMPU:ID00001011|ID00001011_scopeNoMPU_core:SCOPENOMPU_CORE|ID00001011_scopeNoMPU_datapath:SCOPENOMPU_DP|ID00001012_scopeSignalMapper_core:MAPPERCORE|ID00001012_scopeSignalMapper_datapath:SCOPEMAPPER_DP|scopeScaler:SCALER|booth_core:B1|booth_datapath:BDP|data_out[31]                               ; ID00001011_aipScopeNoMPU:ID00001011|ID00001011_scopeNoMPU_core:SCOPENOMPU_CORE|ID00001011_scopeNoMPU_datapath:SCOPENOMPU_DP|ID00001012_scopeSignalMapper_core:MAPPERCORE|ID00001012_scopeSignalMapper_datapath:SCOPEMAPPER_DP|scopeScaler:SCALER|dividerSig_core:DVD|dividerSig_datapath:DDP|data_out_reg[35] ; clk          ; clk         ; 1.000        ; -0.082     ; 7.268      ;
; -6.363 ; ID00001011_aipScopeNoMPU:ID00001011|ID00001011_scopeNoMPU_core:SCOPENOMPU_CORE|ID00001011_scopeNoMPU_datapath:SCOPENOMPU_DP|ID00001012_scopeSignalMapper_core:MAPPERCORE|ID00001012_scopeSignalMapper_datapath:SCOPEMAPPER_DP|scopeScaler:SCALER|booth_core:B1|booth_datapath:BDP|data_out[31]                               ; ID00001011_aipScopeNoMPU:ID00001011|ID00001011_scopeNoMPU_core:SCOPENOMPU_CORE|ID00001011_scopeNoMPU_datapath:SCOPENOMPU_DP|ID00001012_scopeSignalMapper_core:MAPPERCORE|ID00001012_scopeSignalMapper_datapath:SCOPEMAPPER_DP|scopeScaler:SCALER|dividerSig_core:DVD|dividerSig_datapath:DDP|data_out_reg[33] ; clk          ; clk         ; 1.000        ; -0.082     ; 7.268      ;
; -6.363 ; ID00001011_aipScopeNoMPU:ID00001011|ID00001011_scopeNoMPU_core:SCOPENOMPU_CORE|ID00001011_scopeNoMPU_datapath:SCOPENOMPU_DP|ID00001012_scopeSignalMapper_core:MAPPERCORE|ID00001012_scopeSignalMapper_datapath:SCOPEMAPPER_DP|scopeScaler:SCALER|booth_core:B1|booth_datapath:BDP|data_out[31]                               ; ID00001011_aipScopeNoMPU:ID00001011|ID00001011_scopeNoMPU_core:SCOPENOMPU_CORE|ID00001011_scopeNoMPU_datapath:SCOPENOMPU_DP|ID00001012_scopeSignalMapper_core:MAPPERCORE|ID00001012_scopeSignalMapper_datapath:SCOPEMAPPER_DP|scopeScaler:SCALER|dividerSig_core:DVD|dividerSig_datapath:DDP|data_out_reg[34] ; clk          ; clk         ; 1.000        ; -0.082     ; 7.268      ;
; -6.363 ; ID00001011_aipScopeNoMPU:ID00001011|ID00001011_scopeNoMPU_core:SCOPENOMPU_CORE|ID00001011_scopeNoMPU_datapath:SCOPENOMPU_DP|ID00001012_scopeSignalMapper_core:MAPPERCORE|ID00001012_scopeSignalMapper_datapath:SCOPEMAPPER_DP|scopeScaler:SCALER|booth_core:B1|booth_datapath:BDP|data_out[31]                               ; ID00001011_aipScopeNoMPU:ID00001011|ID00001011_scopeNoMPU_core:SCOPENOMPU_CORE|ID00001011_scopeNoMPU_datapath:SCOPENOMPU_DP|ID00001012_scopeSignalMapper_core:MAPPERCORE|ID00001012_scopeSignalMapper_datapath:SCOPEMAPPER_DP|scopeScaler:SCALER|dividerSig_core:DVD|dividerSig_datapath:DDP|data_out_reg[32] ; clk          ; clk         ; 1.000        ; -0.082     ; 7.268      ;
; -6.350 ; ID00001011_aipScopeNoMPU:ID00001011|ID00001011_scopeNoMPU_core:SCOPENOMPU_CORE|ID00001011_scopeNoMPU_datapath:SCOPENOMPU_DP|ID00001012_scopeSignalMapper_core:MAPPERCORE|ID00001012_scopeSignalMapper_datapath:SCOPEMAPPER_DP|scopeScaler:SCALER|booth_core:B1|booth_datapath:BDP|data_out[31]                               ; ID00001011_aipScopeNoMPU:ID00001011|ID00001011_scopeNoMPU_core:SCOPENOMPU_CORE|ID00001011_scopeNoMPU_datapath:SCOPENOMPU_DP|ID00001012_scopeSignalMapper_core:MAPPERCORE|ID00001012_scopeSignalMapper_datapath:SCOPEMAPPER_DP|scopeScaler:SCALER|dividerSig_core:DVD|dividerSig_datapath:DDP|data_out_reg[49] ; clk          ; clk         ; 1.000        ; -0.080     ; 7.257      ;
; -6.342 ; ID00001011_aipScopeNoMPU:ID00001011|ID00001011_scopeNoMPU_core:SCOPENOMPU_CORE|ID00001011_scopeNoMPU_datapath:SCOPENOMPU_DP|ID0000204D_FFT_core:FFT_Inst|altsyncram:_510__rtl_0|altsyncram_j181:auto_generated|ram_block1a0~porta_address_reg0                                                                               ; ID00001011_aipScopeNoMPU:ID00001011|ID00001011_scopeNoMPU_core:SCOPENOMPU_CORE|ID00001011_scopeNoMPU_datapath:SCOPENOMPU_DP|true_dual_port_ram_single_clock:RAM1|altsyncram:ram_rtl_0|altsyncram_k6r1:auto_generated|ram_block1a1~portb_datain_reg0                                                           ; clk          ; clk         ; 1.000        ; -0.032     ; 7.319      ;
; -6.340 ; ID00001011_aipScopeNoMPU:ID00001011|ID00001011_scopeNoMPU_core:SCOPENOMPU_CORE|ID00001011_scopeNoMPU_datapath:SCOPENOMPU_DP|ID00001012_scopeSignalMapper_core:MAPPERCORE|ID00001012_scopeSignalMapper_datapath:SCOPEMAPPER_DP|scopeScaler:SCALER|booth_core:B1|booth_datapath:BDP|data_out[31]                               ; ID00001011_aipScopeNoMPU:ID00001011|ID00001011_scopeNoMPU_core:SCOPENOMPU_CORE|ID00001011_scopeNoMPU_datapath:SCOPENOMPU_DP|ID00001012_scopeSignalMapper_core:MAPPERCORE|ID00001012_scopeSignalMapper_datapath:SCOPEMAPPER_DP|scopeScaler:SCALER|dividerSig_core:DVD|dividerSig_datapath:DDP|data_out_reg[43] ; clk          ; clk         ; 1.000        ; 0.133      ; 7.460      ;
; -6.340 ; ID00001011_aipScopeNoMPU:ID00001011|ID00001011_scopeNoMPU_core:SCOPENOMPU_CORE|ID00001011_scopeNoMPU_datapath:SCOPENOMPU_DP|ID00001012_scopeSignalMapper_core:MAPPERCORE|ID00001012_scopeSignalMapper_datapath:SCOPEMAPPER_DP|scopeScaler:SCALER|booth_core:B1|booth_datapath:BDP|data_out[31]                               ; ID00001011_aipScopeNoMPU:ID00001011|ID00001011_scopeNoMPU_core:SCOPENOMPU_CORE|ID00001011_scopeNoMPU_datapath:SCOPENOMPU_DP|ID00001012_scopeSignalMapper_core:MAPPERCORE|ID00001012_scopeSignalMapper_datapath:SCOPEMAPPER_DP|scopeScaler:SCALER|dividerSig_core:DVD|dividerSig_datapath:DDP|data_out_reg[36] ; clk          ; clk         ; 1.000        ; 0.133      ; 7.460      ;
; -6.314 ; ID00001011_aipScopeNoMPU:ID00001011|ID00001011_scopeNoMPU_core:SCOPENOMPU_CORE|ID00001011_scopeNoMPU_datapath:SCOPENOMPU_DP|true_dual_port_ram_single_clock:RAM1|altsyncram:ram_rtl_0|altsyncram_k6r1:auto_generated|ram_block1a1~portb_we_reg                                                                               ; ID00001011_aipScopeNoMPU:ID00001011|ID00001011_scopeNoMPU_core:SCOPENOMPU_CORE|ID00001011_scopeNoMPU_datapath:SCOPENOMPU_DP|true_dual_port_ram_single_clock:RAM1|altsyncram:ram_rtl_0|altsyncram_k6r1:auto_generated|ram_block1a1~portb_datain_reg0                                                           ; clk          ; clk         ; 1.000        ; -0.028     ; 7.295      ;
; -6.314 ; ID00001011_aipScopeNoMPU:ID00001011|ID00001011_scopeNoMPU_core:SCOPENOMPU_CORE|ID00001011_scopeNoMPU_datapath:SCOPENOMPU_DP|ID00001012_scopeSignalMapper_core:MAPPERCORE|ID00001012_scopeSignalMapper_datapath:SCOPEMAPPER_DP|maxFound:MAXFD|data_out[0]                                                                     ; ID00001011_aipScopeNoMPU:ID00001011|ID00001011_scopeNoMPU_core:SCOPENOMPU_CORE|ID00001011_scopeNoMPU_datapath:SCOPENOMPU_DP|ID00001012_scopeSignalMapper_core:MAPPERCORE|ID00001012_scopeSignalMapper_datapath:SCOPEMAPPER_DP|scopeScaler:SCALER|dividerSig_core:DVD|dividerSig_datapath:DDP|data_out_reg[47] ; clk          ; clk         ; 1.000        ; -0.082     ; 7.219      ;
; -6.314 ; ID00001011_aipScopeNoMPU:ID00001011|ID00001011_scopeNoMPU_core:SCOPENOMPU_CORE|ID00001011_scopeNoMPU_datapath:SCOPENOMPU_DP|ID00001012_scopeSignalMapper_core:MAPPERCORE|ID00001012_scopeSignalMapper_datapath:SCOPEMAPPER_DP|maxFound:MAXFD|data_out[0]                                                                     ; ID00001011_aipScopeNoMPU:ID00001011|ID00001011_scopeNoMPU_core:SCOPENOMPU_CORE|ID00001011_scopeNoMPU_datapath:SCOPENOMPU_DP|ID00001012_scopeSignalMapper_core:MAPPERCORE|ID00001012_scopeSignalMapper_datapath:SCOPEMAPPER_DP|scopeScaler:SCALER|dividerSig_core:DVD|dividerSig_datapath:DDP|data_out_reg[41] ; clk          ; clk         ; 1.000        ; -0.082     ; 7.219      ;
; -6.314 ; ID00001011_aipScopeNoMPU:ID00001011|ID00001011_scopeNoMPU_core:SCOPENOMPU_CORE|ID00001011_scopeNoMPU_datapath:SCOPENOMPU_DP|ID00001012_scopeSignalMapper_core:MAPPERCORE|ID00001012_scopeSignalMapper_datapath:SCOPEMAPPER_DP|maxFound:MAXFD|data_out[0]                                                                     ; ID00001011_aipScopeNoMPU:ID00001011|ID00001011_scopeNoMPU_core:SCOPENOMPU_CORE|ID00001011_scopeNoMPU_datapath:SCOPENOMPU_DP|ID00001012_scopeSignalMapper_core:MAPPERCORE|ID00001012_scopeSignalMapper_datapath:SCOPEMAPPER_DP|scopeScaler:SCALER|dividerSig_core:DVD|dividerSig_datapath:DDP|data_out_reg[39] ; clk          ; clk         ; 1.000        ; -0.082     ; 7.219      ;
; -6.314 ; ID00001011_aipScopeNoMPU:ID00001011|ID00001011_scopeNoMPU_core:SCOPENOMPU_CORE|ID00001011_scopeNoMPU_datapath:SCOPENOMPU_DP|ID00001012_scopeSignalMapper_core:MAPPERCORE|ID00001012_scopeSignalMapper_datapath:SCOPEMAPPER_DP|maxFound:MAXFD|data_out[0]                                                                     ; ID00001011_aipScopeNoMPU:ID00001011|ID00001011_scopeNoMPU_core:SCOPENOMPU_CORE|ID00001011_scopeNoMPU_datapath:SCOPENOMPU_DP|ID00001012_scopeSignalMapper_core:MAPPERCORE|ID00001012_scopeSignalMapper_datapath:SCOPEMAPPER_DP|scopeScaler:SCALER|dividerSig_core:DVD|dividerSig_datapath:DDP|data_out_reg[35] ; clk          ; clk         ; 1.000        ; -0.082     ; 7.219      ;
; -6.314 ; ID00001011_aipScopeNoMPU:ID00001011|ID00001011_scopeNoMPU_core:SCOPENOMPU_CORE|ID00001011_scopeNoMPU_datapath:SCOPENOMPU_DP|ID00001012_scopeSignalMapper_core:MAPPERCORE|ID00001012_scopeSignalMapper_datapath:SCOPEMAPPER_DP|maxFound:MAXFD|data_out[0]                                                                     ; ID00001011_aipScopeNoMPU:ID00001011|ID00001011_scopeNoMPU_core:SCOPENOMPU_CORE|ID00001011_scopeNoMPU_datapath:SCOPENOMPU_DP|ID00001012_scopeSignalMapper_core:MAPPERCORE|ID00001012_scopeSignalMapper_datapath:SCOPEMAPPER_DP|scopeScaler:SCALER|dividerSig_core:DVD|dividerSig_datapath:DDP|data_out_reg[33] ; clk          ; clk         ; 1.000        ; -0.082     ; 7.219      ;
; -6.314 ; ID00001011_aipScopeNoMPU:ID00001011|ID00001011_scopeNoMPU_core:SCOPENOMPU_CORE|ID00001011_scopeNoMPU_datapath:SCOPENOMPU_DP|ID00001012_scopeSignalMapper_core:MAPPERCORE|ID00001012_scopeSignalMapper_datapath:SCOPEMAPPER_DP|maxFound:MAXFD|data_out[0]                                                                     ; ID00001011_aipScopeNoMPU:ID00001011|ID00001011_scopeNoMPU_core:SCOPENOMPU_CORE|ID00001011_scopeNoMPU_datapath:SCOPENOMPU_DP|ID00001012_scopeSignalMapper_core:MAPPERCORE|ID00001012_scopeSignalMapper_datapath:SCOPEMAPPER_DP|scopeScaler:SCALER|dividerSig_core:DVD|dividerSig_datapath:DDP|data_out_reg[34] ; clk          ; clk         ; 1.000        ; -0.082     ; 7.219      ;
; -6.314 ; ID00001011_aipScopeNoMPU:ID00001011|ID00001011_scopeNoMPU_core:SCOPENOMPU_CORE|ID00001011_scopeNoMPU_datapath:SCOPENOMPU_DP|ID00001012_scopeSignalMapper_core:MAPPERCORE|ID00001012_scopeSignalMapper_datapath:SCOPEMAPPER_DP|maxFound:MAXFD|data_out[0]                                                                     ; ID00001011_aipScopeNoMPU:ID00001011|ID00001011_scopeNoMPU_core:SCOPENOMPU_CORE|ID00001011_scopeNoMPU_datapath:SCOPENOMPU_DP|ID00001012_scopeSignalMapper_core:MAPPERCORE|ID00001012_scopeSignalMapper_datapath:SCOPEMAPPER_DP|scopeScaler:SCALER|dividerSig_core:DVD|dividerSig_datapath:DDP|data_out_reg[32] ; clk          ; clk         ; 1.000        ; -0.082     ; 7.219      ;
; -6.308 ; ID00001011_aipScopeNoMPU:ID00001011|ID00001011_scopeNoMPU_core:SCOPENOMPU_CORE|ID00001011_scopeNoMPU_datapath:SCOPENOMPU_DP|ID00001012_scopeSignalMapper_core:MAPPERCORE|ID00001012_scopeSignalMapper_datapath:SCOPEMAPPER_DP|scopeScaler:SCALER|booth_core:B1|booth_datapath:BDP|data_out[31]                               ; ID00001011_aipScopeNoMPU:ID00001011|ID00001011_scopeNoMPU_core:SCOPENOMPU_CORE|ID00001011_scopeNoMPU_datapath:SCOPENOMPU_DP|ID00001012_scopeSignalMapper_core:MAPPERCORE|ID00001012_scopeSignalMapper_datapath:SCOPEMAPPER_DP|scopeScaler:SCALER|dividerSig_core:DVD|dividerSig_datapath:DDP|data_out_reg[51] ; clk          ; clk         ; 1.000        ; 0.148      ; 7.443      ;
; -6.308 ; ID00001011_aipScopeNoMPU:ID00001011|ID00001011_scopeNoMPU_core:SCOPENOMPU_CORE|ID00001011_scopeNoMPU_datapath:SCOPENOMPU_DP|ID00001012_scopeSignalMapper_core:MAPPERCORE|ID00001012_scopeSignalMapper_datapath:SCOPEMAPPER_DP|scopeScaler:SCALER|booth_core:B1|booth_datapath:BDP|data_out[31]                               ; ID00001011_aipScopeNoMPU:ID00001011|ID00001011_scopeNoMPU_core:SCOPENOMPU_CORE|ID00001011_scopeNoMPU_datapath:SCOPENOMPU_DP|ID00001012_scopeSignalMapper_core:MAPPERCORE|ID00001012_scopeSignalMapper_datapath:SCOPEMAPPER_DP|scopeScaler:SCALER|dividerSig_core:DVD|dividerSig_datapath:DDP|data_out_reg[54] ; clk          ; clk         ; 1.000        ; 0.148      ; 7.443      ;
; -6.308 ; ID00001011_aipScopeNoMPU:ID00001011|ID00001011_scopeNoMPU_core:SCOPENOMPU_CORE|ID00001011_scopeNoMPU_datapath:SCOPENOMPU_DP|ID00001012_scopeSignalMapper_core:MAPPERCORE|ID00001012_scopeSignalMapper_datapath:SCOPEMAPPER_DP|scopeScaler:SCALER|booth_core:B1|booth_datapath:BDP|data_out[31]                               ; ID00001011_aipScopeNoMPU:ID00001011|ID00001011_scopeNoMPU_core:SCOPENOMPU_CORE|ID00001011_scopeNoMPU_datapath:SCOPENOMPU_DP|ID00001012_scopeSignalMapper_core:MAPPERCORE|ID00001012_scopeSignalMapper_datapath:SCOPEMAPPER_DP|scopeScaler:SCALER|dividerSig_core:DVD|dividerSig_datapath:DDP|data_out_reg[56] ; clk          ; clk         ; 1.000        ; 0.148      ; 7.443      ;
; -6.307 ; ID00001011_aipScopeNoMPU:ID00001011|ID00001011_scopeNoMPU_core:SCOPENOMPU_CORE|ID00001011_scopeNoMPU_datapath:SCOPENOMPU_DP|ID00001012_scopeSignalMapper_core:MAPPERCORE|ID00001012_scopeSignalMapper_datapath:SCOPEMAPPER_DP|altsyncram:dataNormalized_rtl_0|altsyncram_uvg1:auto_generated|ram_block1a0~portb_address_reg0 ; ID00001011_aipScopeNoMPU:ID00001011|ID00001011_scopeNoMPU_core:SCOPENOMPU_CORE|ID00001011_scopeNoMPU_datapath:SCOPENOMPU_DP|ID00001012_scopeSignalMapper_core:MAPPERCORE|ID00001012_scopeSignalMapper_datapath:SCOPEMAPPER_DP|average:AVGR|dividerSig_core:DVD|dividerSig_datapath:DDP|data_out_reg[23]       ; clk          ; clk         ; 1.000        ; -0.051     ; 7.243      ;
; -6.307 ; ID00001011_aipScopeNoMPU:ID00001011|ID00001011_scopeNoMPU_core:SCOPENOMPU_CORE|ID00001011_scopeNoMPU_datapath:SCOPENOMPU_DP|ID00001012_scopeSignalMapper_core:MAPPERCORE|ID00001012_scopeSignalMapper_datapath:SCOPEMAPPER_DP|altsyncram:dataNormalized_rtl_0|altsyncram_uvg1:auto_generated|ram_block1a0~portb_address_reg0 ; ID00001011_aipScopeNoMPU:ID00001011|ID00001011_scopeNoMPU_core:SCOPENOMPU_CORE|ID00001011_scopeNoMPU_datapath:SCOPENOMPU_DP|ID00001012_scopeSignalMapper_core:MAPPERCORE|ID00001012_scopeSignalMapper_datapath:SCOPEMAPPER_DP|average:AVGR|dividerSig_core:DVD|dividerSig_datapath:DDP|data_out_reg[37]       ; clk          ; clk         ; 1.000        ; -0.051     ; 7.243      ;
; -6.301 ; ID00001011_aipScopeNoMPU:ID00001011|ID00001011_scopeNoMPU_core:SCOPENOMPU_CORE|ID00001011_scopeNoMPU_datapath:SCOPENOMPU_DP|ID00001012_scopeSignalMapper_core:MAPPERCORE|ID00001012_scopeSignalMapper_datapath:SCOPEMAPPER_DP|maxFound:MAXFD|data_out[0]                                                                     ; ID00001011_aipScopeNoMPU:ID00001011|ID00001011_scopeNoMPU_core:SCOPENOMPU_CORE|ID00001011_scopeNoMPU_datapath:SCOPENOMPU_DP|ID00001012_scopeSignalMapper_core:MAPPERCORE|ID00001012_scopeSignalMapper_datapath:SCOPEMAPPER_DP|scopeScaler:SCALER|dividerSig_core:DVD|dividerSig_datapath:DDP|data_out_reg[49] ; clk          ; clk         ; 1.000        ; -0.080     ; 7.208      ;
; -6.291 ; ID00001011_aipScopeNoMPU:ID00001011|ID00001011_scopeNoMPU_core:SCOPENOMPU_CORE|ID00001011_scopeNoMPU_datapath:SCOPENOMPU_DP|ID00001012_scopeSignalMapper_core:MAPPERCORE|ID00001012_scopeSignalMapper_datapath:SCOPEMAPPER_DP|maxFound:MAXFD|data_out[0]                                                                     ; ID00001011_aipScopeNoMPU:ID00001011|ID00001011_scopeNoMPU_core:SCOPENOMPU_CORE|ID00001011_scopeNoMPU_datapath:SCOPENOMPU_DP|ID00001012_scopeSignalMapper_core:MAPPERCORE|ID00001012_scopeSignalMapper_datapath:SCOPEMAPPER_DP|scopeScaler:SCALER|dividerSig_core:DVD|dividerSig_datapath:DDP|data_out_reg[43] ; clk          ; clk         ; 1.000        ; 0.133      ; 7.411      ;
; -6.291 ; ID00001011_aipScopeNoMPU:ID00001011|ID00001011_scopeNoMPU_core:SCOPENOMPU_CORE|ID00001011_scopeNoMPU_datapath:SCOPENOMPU_DP|ID00001012_scopeSignalMapper_core:MAPPERCORE|ID00001012_scopeSignalMapper_datapath:SCOPEMAPPER_DP|maxFound:MAXFD|data_out[0]                                                                     ; ID00001011_aipScopeNoMPU:ID00001011|ID00001011_scopeNoMPU_core:SCOPENOMPU_CORE|ID00001011_scopeNoMPU_datapath:SCOPENOMPU_DP|ID00001012_scopeSignalMapper_core:MAPPERCORE|ID00001012_scopeSignalMapper_datapath:SCOPEMAPPER_DP|scopeScaler:SCALER|dividerSig_core:DVD|dividerSig_datapath:DDP|data_out_reg[36] ; clk          ; clk         ; 1.000        ; 0.133      ; 7.411      ;
; -6.283 ; ID00001011_aipScopeNoMPU:ID00001011|ID00001011_scopeNoMPU_core:SCOPENOMPU_CORE|ID00001011_scopeNoMPU_datapath:SCOPENOMPU_DP|ID00001012_scopeSignalMapper_core:MAPPERCORE|ID00001012_scopeSignalMapper_datapath:SCOPEMAPPER_DP|scopeScaler:SCALER|booth_core:B1|booth_datapath:BDP|data_out[31]                               ; ID00001011_aipScopeNoMPU:ID00001011|ID00001011_scopeNoMPU_core:SCOPENOMPU_CORE|ID00001011_scopeNoMPU_datapath:SCOPENOMPU_DP|ID00001012_scopeSignalMapper_core:MAPPERCORE|ID00001012_scopeSignalMapper_datapath:SCOPEMAPPER_DP|scopeScaler:SCALER|dividerSig_core:DVD|dividerSig_datapath:DDP|data_out_reg[50] ; clk          ; clk         ; 1.000        ; 0.102      ; 7.372      ;
; -6.283 ; ID00001011_aipScopeNoMPU:ID00001011|ID00001011_scopeNoMPU_core:SCOPENOMPU_CORE|ID00001011_scopeNoMPU_datapath:SCOPENOMPU_DP|ID00001012_scopeSignalMapper_core:MAPPERCORE|ID00001012_scopeSignalMapper_datapath:SCOPEMAPPER_DP|scopeScaler:SCALER|booth_core:B1|booth_datapath:BDP|data_out[31]                               ; ID00001011_aipScopeNoMPU:ID00001011|ID00001011_scopeNoMPU_core:SCOPENOMPU_CORE|ID00001011_scopeNoMPU_datapath:SCOPENOMPU_DP|ID00001012_scopeSignalMapper_core:MAPPERCORE|ID00001012_scopeSignalMapper_datapath:SCOPEMAPPER_DP|scopeScaler:SCALER|dividerSig_core:DVD|dividerSig_datapath:DDP|data_out_reg[42] ; clk          ; clk         ; 1.000        ; 0.102      ; 7.372      ;
; -6.283 ; ID00001011_aipScopeNoMPU:ID00001011|ID00001011_scopeNoMPU_core:SCOPENOMPU_CORE|ID00001011_scopeNoMPU_datapath:SCOPENOMPU_DP|ID00001012_scopeSignalMapper_core:MAPPERCORE|ID00001012_scopeSignalMapper_datapath:SCOPEMAPPER_DP|scopeScaler:SCALER|booth_core:B1|booth_datapath:BDP|data_out[31]                               ; ID00001011_aipScopeNoMPU:ID00001011|ID00001011_scopeNoMPU_core:SCOPENOMPU_CORE|ID00001011_scopeNoMPU_datapath:SCOPENOMPU_DP|ID00001012_scopeSignalMapper_core:MAPPERCORE|ID00001012_scopeSignalMapper_datapath:SCOPEMAPPER_DP|scopeScaler:SCALER|dividerSig_core:DVD|dividerSig_datapath:DDP|data_out_reg[40] ; clk          ; clk         ; 1.000        ; 0.102      ; 7.372      ;
; -6.259 ; ID00001011_aipScopeNoMPU:ID00001011|ID00001011_scopeNoMPU_core:SCOPENOMPU_CORE|ID00001011_scopeNoMPU_datapath:SCOPENOMPU_DP|ID00001012_scopeSignalMapper_core:MAPPERCORE|ID00001012_scopeSignalMapper_datapath:SCOPEMAPPER_DP|maxFound:MAXFD|data_out[0]                                                                     ; ID00001011_aipScopeNoMPU:ID00001011|ID00001011_scopeNoMPU_core:SCOPENOMPU_CORE|ID00001011_scopeNoMPU_datapath:SCOPENOMPU_DP|ID00001012_scopeSignalMapper_core:MAPPERCORE|ID00001012_scopeSignalMapper_datapath:SCOPEMAPPER_DP|scopeScaler:SCALER|dividerSig_core:DVD|dividerSig_datapath:DDP|data_out_reg[51] ; clk          ; clk         ; 1.000        ; 0.148      ; 7.394      ;
; -6.259 ; ID00001011_aipScopeNoMPU:ID00001011|ID00001011_scopeNoMPU_core:SCOPENOMPU_CORE|ID00001011_scopeNoMPU_datapath:SCOPENOMPU_DP|ID00001012_scopeSignalMapper_core:MAPPERCORE|ID00001012_scopeSignalMapper_datapath:SCOPEMAPPER_DP|maxFound:MAXFD|data_out[0]                                                                     ; ID00001011_aipScopeNoMPU:ID00001011|ID00001011_scopeNoMPU_core:SCOPENOMPU_CORE|ID00001011_scopeNoMPU_datapath:SCOPENOMPU_DP|ID00001012_scopeSignalMapper_core:MAPPERCORE|ID00001012_scopeSignalMapper_datapath:SCOPEMAPPER_DP|scopeScaler:SCALER|dividerSig_core:DVD|dividerSig_datapath:DDP|data_out_reg[54] ; clk          ; clk         ; 1.000        ; 0.148      ; 7.394      ;
; -6.259 ; ID00001011_aipScopeNoMPU:ID00001011|ID00001011_scopeNoMPU_core:SCOPENOMPU_CORE|ID00001011_scopeNoMPU_datapath:SCOPENOMPU_DP|ID00001012_scopeSignalMapper_core:MAPPERCORE|ID00001012_scopeSignalMapper_datapath:SCOPEMAPPER_DP|maxFound:MAXFD|data_out[0]                                                                     ; ID00001011_aipScopeNoMPU:ID00001011|ID00001011_scopeNoMPU_core:SCOPENOMPU_CORE|ID00001011_scopeNoMPU_datapath:SCOPENOMPU_DP|ID00001012_scopeSignalMapper_core:MAPPERCORE|ID00001012_scopeSignalMapper_datapath:SCOPEMAPPER_DP|scopeScaler:SCALER|dividerSig_core:DVD|dividerSig_datapath:DDP|data_out_reg[56] ; clk          ; clk         ; 1.000        ; 0.148      ; 7.394      ;
; -6.234 ; ID00001011_aipScopeNoMPU:ID00001011|ID00001011_scopeNoMPU_core:SCOPENOMPU_CORE|ID00001011_scopeNoMPU_datapath:SCOPENOMPU_DP|altsyncram:dataFFTSaved_rtl_0|altsyncram_vvg1:auto_generated|ram_block1a0~portb_address_reg0                                                                                                     ; ID00001011_aipScopeNoMPU:ID00001011|ID00001011_scopeNoMPU_core:SCOPENOMPU_CORE|ID00001011_scopeNoMPU_datapath:SCOPENOMPU_DP|ID0000100C_modCuad_core:MODCUAD_CORE|ID0000100C_modCuad_datapath:modCuad_DP|ID0000100C_modCuad_power2:PW2_REAL|booth_core:DUT|booth_datapath:BDP|data_out[25]                     ; clk          ; clk         ; 1.000        ; -0.215     ; 7.006      ;
; -6.234 ; ID00001011_aipScopeNoMPU:ID00001011|ID00001011_scopeNoMPU_core:SCOPENOMPU_CORE|ID00001011_scopeNoMPU_datapath:SCOPENOMPU_DP|ID00001012_scopeSignalMapper_core:MAPPERCORE|ID00001012_scopeSignalMapper_datapath:SCOPEMAPPER_DP|maxFound:MAXFD|data_out[0]                                                                     ; ID00001011_aipScopeNoMPU:ID00001011|ID00001011_scopeNoMPU_core:SCOPENOMPU_CORE|ID00001011_scopeNoMPU_datapath:SCOPENOMPU_DP|ID00001012_scopeSignalMapper_core:MAPPERCORE|ID00001012_scopeSignalMapper_datapath:SCOPEMAPPER_DP|scopeScaler:SCALER|dividerSig_core:DVD|dividerSig_datapath:DDP|data_out_reg[50] ; clk          ; clk         ; 1.000        ; 0.102      ; 7.323      ;
; -6.234 ; ID00001011_aipScopeNoMPU:ID00001011|ID00001011_scopeNoMPU_core:SCOPENOMPU_CORE|ID00001011_scopeNoMPU_datapath:SCOPENOMPU_DP|ID00001012_scopeSignalMapper_core:MAPPERCORE|ID00001012_scopeSignalMapper_datapath:SCOPEMAPPER_DP|maxFound:MAXFD|data_out[0]                                                                     ; ID00001011_aipScopeNoMPU:ID00001011|ID00001011_scopeNoMPU_core:SCOPENOMPU_CORE|ID00001011_scopeNoMPU_datapath:SCOPENOMPU_DP|ID00001012_scopeSignalMapper_core:MAPPERCORE|ID00001012_scopeSignalMapper_datapath:SCOPEMAPPER_DP|scopeScaler:SCALER|dividerSig_core:DVD|dividerSig_datapath:DDP|data_out_reg[42] ; clk          ; clk         ; 1.000        ; 0.102      ; 7.323      ;
; -6.234 ; ID00001011_aipScopeNoMPU:ID00001011|ID00001011_scopeNoMPU_core:SCOPENOMPU_CORE|ID00001011_scopeNoMPU_datapath:SCOPENOMPU_DP|ID00001012_scopeSignalMapper_core:MAPPERCORE|ID00001012_scopeSignalMapper_datapath:SCOPEMAPPER_DP|maxFound:MAXFD|data_out[0]                                                                     ; ID00001011_aipScopeNoMPU:ID00001011|ID00001011_scopeNoMPU_core:SCOPENOMPU_CORE|ID00001011_scopeNoMPU_datapath:SCOPENOMPU_DP|ID00001012_scopeSignalMapper_core:MAPPERCORE|ID00001012_scopeSignalMapper_datapath:SCOPEMAPPER_DP|scopeScaler:SCALER|dividerSig_core:DVD|dividerSig_datapath:DDP|data_out_reg[40] ; clk          ; clk         ; 1.000        ; 0.102      ; 7.323      ;
; -6.207 ; ID00001011_aipScopeNoMPU:ID00001011|ID00001011_scopeNoMPU_core:SCOPENOMPU_CORE|ID00001011_scopeNoMPU_datapath:SCOPENOMPU_DP|altsyncram:dataColl_rtl_0|altsyncram_vvg1:auto_generated|ram_block1a0~portb_address_reg0                                                                                                         ; ID00001011_aipScopeNoMPU:ID00001011|ID00001011_scopeNoMPU_core:SCOPENOMPU_CORE|ID00001011_scopeNoMPU_datapath:SCOPENOMPU_DP|ID0000100C_modCuad_core:MODCUAD_CORE|ID0000100C_modCuad_datapath:modCuad_DP|ID0000100C_modCuad_power2:PW2_REAL|booth_core:DUT|booth_datapath:BDP|data_out[25]                     ; clk          ; clk         ; 1.000        ; -0.210     ; 6.984      ;
; -6.206 ; ID00001011_aipScopeNoMPU:ID00001011|ID00001011_scopeNoMPU_core:SCOPENOMPU_CORE|ID00001011_scopeNoMPU_datapath:SCOPENOMPU_DP|altsyncram:dataFFTSaved_rtl_0|altsyncram_vvg1:auto_generated|ram_block1a0~portb_address_reg0                                                                                                     ; ID00001011_aipScopeNoMPU:ID00001011|ID00001011_scopeNoMPU_core:SCOPENOMPU_CORE|ID00001011_scopeNoMPU_datapath:SCOPENOMPU_DP|ID0000100C_modCuad_core:MODCUAD_CORE|ID0000100C_modCuad_datapath:modCuad_DP|ID0000100C_modCuad_power2:PW2_REAL|booth_core:DUT|booth_datapath:BDP|data_out[31]                     ; clk          ; clk         ; 1.000        ; -0.020     ; 7.173      ;
; -6.197 ; ID00001011_aipScopeNoMPU:ID00001011|ID00001011_scopeNoMPU_core:SCOPENOMPU_CORE|ID00001011_scopeNoMPU_datapath:SCOPENOMPU_DP|altsyncram:dataFFTSaved_rtl_0|altsyncram_vvg1:auto_generated|ram_block1a0~portb_address_reg0                                                                                                     ; ID00001011_aipScopeNoMPU:ID00001011|ID00001011_scopeNoMPU_core:SCOPENOMPU_CORE|ID00001011_scopeNoMPU_datapath:SCOPENOMPU_DP|ID0000100C_modCuad_core:MODCUAD_CORE|ID0000100C_modCuad_datapath:modCuad_DP|ID0000100C_modCuad_power2:PW2_REAL|booth_core:DUT|booth_datapath:BDP|data_out[29]                     ; clk          ; clk         ; 1.000        ; -0.020     ; 7.164      ;
; -6.185 ; ID00001011_aipScopeNoMPU:ID00001011|ID00001011_scopeNoMPU_core:SCOPENOMPU_CORE|ID00001011_scopeNoMPU_datapath:SCOPENOMPU_DP|ID00001012_scopeSignalMapper_core:MAPPERCORE|ID00001012_scopeSignalMapper_datapath:SCOPEMAPPER_DP|scopeScaler:SCALER|booth_core:B1|booth_datapath:BDP|data_out[31]                               ; ID00001011_aipScopeNoMPU:ID00001011|ID00001011_scopeNoMPU_core:SCOPENOMPU_CORE|ID00001011_scopeNoMPU_datapath:SCOPENOMPU_DP|ID00001012_scopeSignalMapper_core:MAPPERCORE|ID00001012_scopeSignalMapper_datapath:SCOPEMAPPER_DP|scopeScaler:SCALER|dividerSig_core:DVD|dividerSig_datapath:DDP|data_out_reg[62] ; clk          ; clk         ; 1.000        ; 0.096      ; 7.268      ;
; -6.179 ; ID00001011_aipScopeNoMPU:ID00001011|ID00001011_scopeNoMPU_core:SCOPENOMPU_CORE|ID00001011_scopeNoMPU_datapath:SCOPENOMPU_DP|altsyncram:dataColl_rtl_0|altsyncram_vvg1:auto_generated|ram_block1a0~portb_address_reg0                                                                                                         ; ID00001011_aipScopeNoMPU:ID00001011|ID00001011_scopeNoMPU_core:SCOPENOMPU_CORE|ID00001011_scopeNoMPU_datapath:SCOPENOMPU_DP|ID0000100C_modCuad_core:MODCUAD_CORE|ID0000100C_modCuad_datapath:modCuad_DP|ID0000100C_modCuad_power2:PW2_REAL|booth_core:DUT|booth_datapath:BDP|data_out[31]                     ; clk          ; clk         ; 1.000        ; -0.015     ; 7.151      ;
; -6.170 ; ID00001011_aipScopeNoMPU:ID00001011|ID00001011_scopeNoMPU_core:SCOPENOMPU_CORE|ID00001011_scopeNoMPU_datapath:SCOPENOMPU_DP|altsyncram:dataColl_rtl_0|altsyncram_vvg1:auto_generated|ram_block1a0~portb_address_reg0                                                                                                         ; ID00001011_aipScopeNoMPU:ID00001011|ID00001011_scopeNoMPU_core:SCOPENOMPU_CORE|ID00001011_scopeNoMPU_datapath:SCOPENOMPU_DP|ID0000100C_modCuad_core:MODCUAD_CORE|ID0000100C_modCuad_datapath:modCuad_DP|ID0000100C_modCuad_power2:PW2_REAL|booth_core:DUT|booth_datapath:BDP|data_out[29]                     ; clk          ; clk         ; 1.000        ; -0.015     ; 7.142      ;
; -6.136 ; ID00001011_aipScopeNoMPU:ID00001011|ID00001011_scopeNoMPU_core:SCOPENOMPU_CORE|ID00001011_scopeNoMPU_datapath:SCOPENOMPU_DP|ID00001012_scopeSignalMapper_core:MAPPERCORE|ID00001012_scopeSignalMapper_datapath:SCOPEMAPPER_DP|maxFound:MAXFD|data_out[0]                                                                     ; ID00001011_aipScopeNoMPU:ID00001011|ID00001011_scopeNoMPU_core:SCOPENOMPU_CORE|ID00001011_scopeNoMPU_datapath:SCOPENOMPU_DP|ID00001012_scopeSignalMapper_core:MAPPERCORE|ID00001012_scopeSignalMapper_datapath:SCOPEMAPPER_DP|scopeScaler:SCALER|dividerSig_core:DVD|dividerSig_datapath:DDP|data_out_reg[62] ; clk          ; clk         ; 1.000        ; 0.096      ; 7.219      ;
; -6.097 ; ID00001011_aipScopeNoMPU:ID00001011|ID00001011_scopeNoMPU_core:SCOPENOMPU_CORE|ID00001011_scopeNoMPU_datapath:SCOPENOMPU_DP|true_dual_port_ram_single_clock:RAM1|altsyncram:ram_rtl_0|altsyncram_k6r1:auto_generated|ram_block1a0~portb_we_reg                                                                               ; ID00001011_aipScopeNoMPU:ID00001011|ID00001011_scopeNoMPU_core:SCOPENOMPU_CORE|ID00001011_scopeNoMPU_datapath:SCOPENOMPU_DP|true_dual_port_ram_single_clock:RAM1|altsyncram:ram_rtl_0|altsyncram_k6r1:auto_generated|ram_block1a0~portb_datain_reg0                                                           ; clk          ; clk         ; 1.000        ; -0.028     ; 7.078      ;
; -6.090 ; ID00001011_aipScopeNoMPU:ID00001011|ID00001011_scopeNoMPU_core:SCOPENOMPU_CORE|ID00001011_scopeNoMPU_datapath:SCOPENOMPU_DP|true_dual_port_ram_single_clock:RAM1|altsyncram:ram_rtl_0|altsyncram_k6r1:auto_generated|ram_block1a1~portb_we_reg                                                                               ; ID00001011_aipScopeNoMPU:ID00001011|ID00001011_scopeNoMPU_core:SCOPENOMPU_CORE|ID00001011_scopeNoMPU_datapath:SCOPENOMPU_DP|true_dual_port_ram_single_clock:RAM1|altsyncram:ram_rtl_0|altsyncram_k6r1:auto_generated|ram_block1a0~portb_datain_reg0                                                           ; clk          ; clk         ; 1.000        ; -0.038     ; 7.061      ;
; -6.082 ; ID00001011_aipScopeNoMPU:ID00001011|ID00001011_scopeNoMPU_core:SCOPENOMPU_CORE|ID00001011_scopeNoMPU_datapath:SCOPENOMPU_DP|ID00001012_scopeSignalMapper_core:MAPPERCORE|ID00001012_scopeSignalMapper_datapath:SCOPEMAPPER_DP|scopeScaler:SCALER|dividerSig_core:DVD|dividerSig_controlpath:DCP|cnt[1]                       ; ID00001011_aipScopeNoMPU:ID00001011|ID00001011_scopeNoMPU_core:SCOPENOMPU_CORE|ID00001011_scopeNoMPU_datapath:SCOPENOMPU_DP|ID00001012_scopeSignalMapper_core:MAPPERCORE|ID00001012_scopeSignalMapper_datapath:SCOPEMAPPER_DP|scopeScaler:SCALER|dividerSig_core:DVD|dividerSig_datapath:DDP|data_out_reg[45] ; clk          ; clk         ; 1.000        ; -0.024     ; 7.045      ;
+--------+------------------------------------------------------------------------------------------------------------------------------------------------------------------------------------------------------------------------------------------------------------------------------------------------------------------------------+---------------------------------------------------------------------------------------------------------------------------------------------------------------------------------------------------------------------------------------------------------------------------------------------------------------+--------------+-------------+--------------+------------+------------+


+-----------------------------------------------------------------------------------------------------------------------------------------------------------------------------------------------------------------------------------------------------------------------------------------------------------------------------------------------------------------------------------------------------------------------------------------------------------------------------------------------------------------------------------------------------------------------------------------------------------------------------------------------------------------------------------------------------------------------------------------------------+
; Fast 1200mV 0C Model Hold: 'clk'                                                                                                                                                                                                                                                                                                                                                                                                                                                                                                                                                                                                                                                                                                                    ;
+-------+---------------------------------------------------------------------------------------------------------------------------------------------------------------------------------------------------------------------------------------------------------------------------------------------------------------------------------+-------------------------------------------------------------------------------------------------------------------------------------------------------------------------------------------------------------------------------------------------------------------------------------------------------------------------------------+--------------+-------------+--------------+------------+------------+
; Slack ; From Node                                                                                                                                                                                                                                                                                                                       ; To Node                                                                                                                                                                                                                                                                                                                             ; Launch Clock ; Latch Clock ; Relationship ; Clock Skew ; Data Delay ;
+-------+---------------------------------------------------------------------------------------------------------------------------------------------------------------------------------------------------------------------------------------------------------------------------------------------------------------------------------+-------------------------------------------------------------------------------------------------------------------------------------------------------------------------------------------------------------------------------------------------------------------------------------------------------------------------------------+--------------+-------------+--------------+------------+------------+
; 0.110 ; ID00001011_aipScopeNoMPU:ID00001011|ID00001011_scopeNoMPU_core:SCOPENOMPU_CORE|ID00001011_scopeNoMPU_datapath:SCOPENOMPU_DP|ID00001009_decim2scope_core:ID00001009_DECIM_CORE|ID00001009_decim2scope_controlpath:ID00001009_DCM_CP|cnt_wr_mem_out_addr[6]                                                                       ; ID00001011_aipScopeNoMPU:ID00001011|ID00001011_scopeNoMPU_core:SCOPENOMPU_CORE|ID00001011_scopeNoMPU_datapath:SCOPENOMPU_DP|altsyncram:dataDecim_rtl_0|altsyncram_vvg1:auto_generated|ram_block1a0~porta_address_reg0                                                                                                               ; clk          ; clk         ; 0.000        ; 0.221      ; 0.435      ;
; 0.112 ; ID00001011_aipScopeNoMPU:ID00001011|ID00001011_scopeNoMPU_core:SCOPENOMPU_CORE|ID00001011_scopeNoMPU_datapath:SCOPENOMPU_DP|intpolFrac_core:INTPOLFRAC_CORE|intpolFrac_datapath:INTFRAC_DP|intpol2scope_core:INTPOL_CORE|intpol2scope_fsm:FSM1|w_addr_mem_out_out_reg[0]                                                        ; ID00001011_aipScopeNoMPU:ID00001011|ID00001011_scopeNoMPU_core:SCOPENOMPU_CORE|ID00001011_scopeNoMPU_datapath:SCOPENOMPU_DP|intpolFrac_core:INTPOLFRAC_CORE|intpolFrac_datapath:INTFRAC_DP|altsyncram:local_mem_rtl_0|altsyncram_e6h1:auto_generated|ram_block1a15~porta_address_reg0                                               ; clk          ; clk         ; 0.000        ; 0.218      ; 0.434      ;
; 0.115 ; ID00001011_aipScopeNoMPU:ID00001011|ID00001011_scopeNoMPU_core:SCOPENOMPU_CORE|ID00001011_scopeNoMPU_datapath:SCOPENOMPU_DP|ID00001009_decim2scope_core:ID00001009_DECIM_CORE|ID00001009_decim2scope_controlpath:ID00001009_DCM_CP|cnt_wr_mem_out_addr[1]                                                                       ; ID00001011_aipScopeNoMPU:ID00001011|ID00001011_scopeNoMPU_core:SCOPENOMPU_CORE|ID00001011_scopeNoMPU_datapath:SCOPENOMPU_DP|altsyncram:dataDecim_rtl_0|altsyncram_vvg1:auto_generated|ram_block1a0~porta_address_reg0                                                                                                               ; clk          ; clk         ; 0.000        ; 0.221      ; 0.440      ;
; 0.115 ; ID00001011_aipScopeNoMPU:ID00001011|ID00001011_scopeNoMPU_core:SCOPENOMPU_CORE|ID00001011_scopeNoMPU_datapath:SCOPENOMPU_DP|ID00001009_decim2scope_core:ID00001009_DECIM_CORE|ID00001009_decim2scope_controlpath:ID00001009_DCM_CP|cnt_wr_mem_out_addr[2]                                                                       ; ID00001011_aipScopeNoMPU:ID00001011|ID00001011_scopeNoMPU_core:SCOPENOMPU_CORE|ID00001011_scopeNoMPU_datapath:SCOPENOMPU_DP|altsyncram:dataDecim_rtl_0|altsyncram_vvg1:auto_generated|ram_block1a0~porta_address_reg0                                                                                                               ; clk          ; clk         ; 0.000        ; 0.221      ; 0.440      ;
; 0.119 ; ID00001011_aipScopeNoMPU:ID00001011|ID00001011_scopeNoMPU_core:SCOPENOMPU_CORE|ID00001011_scopeNoMPU_datapath:SCOPENOMPU_DP|ID00001009_decim2scope_core:ID00001009_DECIM_CORE|ID00001009_decim2scope_controlpath:ID00001009_DCM_CP|cnt_wr_mem_out_addr[5]                                                                       ; ID00001011_aipScopeNoMPU:ID00001011|ID00001011_scopeNoMPU_core:SCOPENOMPU_CORE|ID00001011_scopeNoMPU_datapath:SCOPENOMPU_DP|altsyncram:dataDecim_rtl_0|altsyncram_vvg1:auto_generated|ram_block1a0~porta_address_reg0                                                                                                               ; clk          ; clk         ; 0.000        ; 0.221      ; 0.444      ;
; 0.124 ; ID00001011_aipScopeNoMPU:ID00001011|ID00001011_scopeNoMPU_core:SCOPENOMPU_CORE|ID00001011_scopeNoMPU_datapath:SCOPENOMPU_DP|ID00001009_decim2scope_core:ID00001009_DECIM_CORE|ID00001009_decim2scope_controlpath:ID00001009_DCM_CP|cnt_wr_mem_out_addr[4]                                                                       ; ID00001011_aipScopeNoMPU:ID00001011|ID00001011_scopeNoMPU_core:SCOPENOMPU_CORE|ID00001011_scopeNoMPU_datapath:SCOPENOMPU_DP|altsyncram:dataDecim_rtl_0|altsyncram_vvg1:auto_generated|ram_block1a0~porta_address_reg0                                                                                                               ; clk          ; clk         ; 0.000        ; 0.221      ; 0.449      ;
; 0.130 ; ID00001011_aipScopeNoMPU:ID00001011|ID00001011_scopeNoMPU_core:SCOPENOMPU_CORE|ID00001011_scopeNoMPU_datapath:SCOPENOMPU_DP|regBitMem:RBM|data_out[11]                                                                                                                                                                          ; ID00001011_aipScopeNoMPU:ID00001011|ID00001011_scopeNoMPU_core:SCOPENOMPU_CORE|ID00001011_scopeNoMPU_datapath:SCOPENOMPU_DP|altsyncram:dataMapped_localMem_rtl_0|altsyncram_65h1:auto_generated|ram_block1a11~porta_datain_reg0                                                                                                     ; clk          ; clk         ; 0.000        ; 0.230      ; 0.464      ;
; 0.132 ; ID00001011_aipScopeNoMPU:ID00001011|ID00001011_scopeNoMPU_core:SCOPENOMPU_CORE|ID00001011_scopeNoMPU_datapath:SCOPENOMPU_DP|intpolFrac_core:INTPOLFRAC_CORE|intpolFrac_datapath:INTFRAC_DP|intpol2scope_core:INTPOL_CORE|intpol2scope_fsm:FSM1|r_addr_mem_in_0_out_reg[1]                                                       ; ID00001011_aipScopeNoMPU:ID00001011|ID00001011_scopeNoMPU_core:SCOPENOMPU_CORE|ID00001011_scopeNoMPU_datapath:SCOPENOMPU_DP|altsyncram:dataCuadSaved_rtl_0|altsyncram_40h1:auto_generated|ram_block1a0~portb_address_reg0                                                                                                           ; clk          ; clk         ; 0.000        ; 0.231      ; 0.467      ;
; 0.136 ; ID00001011_aipScopeNoMPU:ID00001011|ID00001011_scopeNoMPU_core:SCOPENOMPU_CORE|ID00001011_scopeNoMPU_datapath:SCOPENOMPU_DP|intpolFrac_core:INTPOLFRAC_CORE|intpolFrac_datapath:INTFRAC_DP|intpol2scope_core:INTPOL_CORE|intpol2scope_fsm:FSM1|r_addr_mem_in_0_out_reg[4]                                                       ; ID00001011_aipScopeNoMPU:ID00001011|ID00001011_scopeNoMPU_core:SCOPENOMPU_CORE|ID00001011_scopeNoMPU_datapath:SCOPENOMPU_DP|altsyncram:dataCuadSaved_rtl_0|altsyncram_40h1:auto_generated|ram_block1a0~portb_address_reg0                                                                                                           ; clk          ; clk         ; 0.000        ; 0.231      ; 0.471      ;
; 0.138 ; ID00001011_aipScopeNoMPU:ID00001011|ID00001011_scopeNoMPU_core:SCOPENOMPU_CORE|ID00001011_scopeNoMPU_datapath:SCOPENOMPU_DP|regBitMem:RBM|data_out[30]                                                                                                                                                                          ; ID00001011_aipScopeNoMPU:ID00001011|ID00001011_scopeNoMPU_core:SCOPENOMPU_CORE|ID00001011_scopeNoMPU_datapath:SCOPENOMPU_DP|altsyncram:dataMapped_localMem_rtl_0|altsyncram_65h1:auto_generated|ram_block1a28~porta_datain_reg0                                                                                                     ; clk          ; clk         ; 0.000        ; 0.229      ; 0.471      ;
; 0.138 ; ID00001011_aipScopeNoMPU:ID00001011|ID00001011_scopeNoMPU_core:SCOPENOMPU_CORE|ID00001011_scopeNoMPU_datapath:SCOPENOMPU_DP|intpolFrac_core:INTPOLFRAC_CORE|intpolFrac_datapath:INTFRAC_DP|intpol2scope_core:INTPOL_CORE|intpol2scope_fsm:FSM1|r_addr_mem_in_0_out_reg[3]                                                       ; ID00001011_aipScopeNoMPU:ID00001011|ID00001011_scopeNoMPU_core:SCOPENOMPU_CORE|ID00001011_scopeNoMPU_datapath:SCOPENOMPU_DP|altsyncram:dataCuadSaved_rtl_0|altsyncram_40h1:auto_generated|ram_block1a0~portb_address_reg0                                                                                                           ; clk          ; clk         ; 0.000        ; 0.231      ; 0.473      ;
; 0.139 ; ID00001011_aipScopeNoMPU:ID00001011|ID00001011_scopeNoMPU_core:SCOPENOMPU_CORE|ID00001011_scopeNoMPU_datapath:SCOPENOMPU_DP|ID0000100D_collector2scope_core:ID0000100D_COLLECTOR_CORE|ID0000100D_collector2scope_datapath:ID0000100D_DP|intpol2scope_core:COLLECT_INTPOL_CORE0|intpol2scope_fsm:FSM1|w_addr_mem_out_out_reg[1]  ; ID00001011_aipScopeNoMPU:ID00001011|ID00001011_scopeNoMPU_core:SCOPENOMPU_CORE|ID00001011_scopeNoMPU_datapath:SCOPENOMPU_DP|altsyncram:dataColl_rtl_0|altsyncram_vvg1:auto_generated|ram_block1a0~porta_address_reg0                                                                                                                ; clk          ; clk         ; 0.000        ; 0.224      ; 0.467      ;
; 0.141 ; ID00001011_aipScopeNoMPU:ID00001011|ID00001011_scopeNoMPU_core:SCOPENOMPU_CORE|ID00001011_scopeNoMPU_datapath:SCOPENOMPU_DP|ID0000100D_collector2scope_core:ID0000100D_COLLECTOR_CORE|ID0000100D_collector2scope_datapath:ID0000100D_DP|intpol2scope_core:COLLECT_INTPOL_CORE0|intpol2scope_fsm:FSM1|w_addr_mem_out_out_reg[6]  ; ID00001011_aipScopeNoMPU:ID00001011|ID00001011_scopeNoMPU_core:SCOPENOMPU_CORE|ID00001011_scopeNoMPU_datapath:SCOPENOMPU_DP|altsyncram:dataColl_rtl_0|altsyncram_vvg1:auto_generated|ram_block1a0~porta_address_reg0                                                                                                                ; clk          ; clk         ; 0.000        ; 0.224      ; 0.469      ;
; 0.142 ; ID00001011_aipScopeNoMPU:ID00001011|ID00001011_scopeNoMPU_core:SCOPENOMPU_CORE|ID00001011_scopeNoMPU_datapath:SCOPENOMPU_DP|ID0000100D_collector2scope_core:ID0000100D_COLLECTOR_CORE|ID0000100D_collector2scope_datapath:ID0000100D_DP|intpol2scope_core:COLLECT_INTPOL_CORE0|intpol2scope_fsm:FSM1|w_addr_mem_out_out_reg[4]  ; ID00001011_aipScopeNoMPU:ID00001011|ID00001011_scopeNoMPU_core:SCOPENOMPU_CORE|ID00001011_scopeNoMPU_datapath:SCOPENOMPU_DP|altsyncram:dataColl_rtl_0|altsyncram_vvg1:auto_generated|ram_block1a0~porta_address_reg0                                                                                                                ; clk          ; clk         ; 0.000        ; 0.224      ; 0.470      ;
; 0.143 ; ID00001011_aipScopeNoMPU:ID00001011|ID00001011_scopeNoMPU_core:SCOPENOMPU_CORE|ID00001011_scopeNoMPU_datapath:SCOPENOMPU_DP|wr_addr_mapped_localMem_reg[2]                                                                                                                                                                      ; ID00001011_aipScopeNoMPU:ID00001011|ID00001011_scopeNoMPU_core:SCOPENOMPU_CORE|ID00001011_scopeNoMPU_datapath:SCOPENOMPU_DP|altsyncram:dataMapped_localMem_rtl_0|altsyncram_65h1:auto_generated|ram_block1a11~porta_address_reg0                                                                                                    ; clk          ; clk         ; 0.000        ; 0.228      ; 0.475      ;
; 0.144 ; ID00001011_aipScopeNoMPU:ID00001011|ID00001011_scopeNoMPU_core:SCOPENOMPU_CORE|ID00001011_scopeNoMPU_datapath:SCOPENOMPU_DP|wr_addr_mapped_localMem_reg[11]                                                                                                                                                                     ; ID00001011_aipScopeNoMPU:ID00001011|ID00001011_scopeNoMPU_core:SCOPENOMPU_CORE|ID00001011_scopeNoMPU_datapath:SCOPENOMPU_DP|altsyncram:dataMapped_localMem_rtl_0|altsyncram_65h1:auto_generated|ram_block1a11~porta_address_reg0                                                                                                    ; clk          ; clk         ; 0.000        ; 0.228      ; 0.476      ;
; 0.147 ; ID00001011_aipScopeNoMPU:ID00001011|ID00001011_scopeNoMPU_core:SCOPENOMPU_CORE|ID00001011_scopeNoMPU_datapath:SCOPENOMPU_DP|ID00001012_scopeSignalMapper_core:MAPPERCORE|ID00001012_scopeSignalMapper_controlpath:SCOPEMAPPER_CP|rd_addr_local[8]                                                                               ; ID00001011_aipScopeNoMPU:ID00001011|ID00001011_scopeNoMPU_core:SCOPENOMPU_CORE|ID00001011_scopeNoMPU_datapath:SCOPENOMPU_DP|ID00001012_scopeSignalMapper_core:MAPPERCORE|ID00001012_scopeSignalMapper_datapath:SCOPEMAPPER_DP|altsyncram:dataNormalized_rtl_0|altsyncram_uvg1:auto_generated|ram_block1a0~portb_address_reg0        ; clk          ; clk         ; 0.000        ; 0.252      ; 0.503      ;
; 0.150 ; ID00001011_aipScopeNoMPU:ID00001011|ID00001011_scopeNoMPU_core:SCOPENOMPU_CORE|ID00001011_scopeNoMPU_datapath:SCOPENOMPU_DP|intpolFrac_core:INTPOLFRAC_CORE|intpolFrac_datapath:INTFRAC_DP|intpol2scope_core:INTPOL_CORE|intpol2scope_fsm:FSM1|r_addr_mem_in_0_out_reg[0]                                                       ; ID00001011_aipScopeNoMPU:ID00001011|ID00001011_scopeNoMPU_core:SCOPENOMPU_CORE|ID00001011_scopeNoMPU_datapath:SCOPENOMPU_DP|altsyncram:dataCuadSaved_rtl_0|altsyncram_40h1:auto_generated|ram_block1a0~portb_address_reg0                                                                                                           ; clk          ; clk         ; 0.000        ; 0.231      ; 0.485      ;
; 0.151 ; ID00001011_aipScopeNoMPU:ID00001011|ID00001011_scopeNoMPU_core:SCOPENOMPU_CORE|ID00001011_scopeNoMPU_datapath:SCOPENOMPU_DP|intpolFrac_core:INTPOLFRAC_CORE|intpolFrac_datapath:INTFRAC_DP|ID0000100F_decim2frac_core:DECIM_CORE|ID0000100F_decim2frac_controlpath:DCM_CP|cnt_rd_addr[4]                                        ; ID00001011_aipScopeNoMPU:ID00001011|ID00001011_scopeNoMPU_core:SCOPENOMPU_CORE|ID00001011_scopeNoMPU_datapath:SCOPENOMPU_DP|intpolFrac_core:INTPOLFRAC_CORE|intpolFrac_datapath:INTFRAC_DP|altsyncram:local_mem_rtl_0|altsyncram_e6h1:auto_generated|ram_block1a11~portb_address_reg0                                               ; clk          ; clk         ; 0.000        ; 0.229      ; 0.484      ;
; 0.152 ; ID00001011_aipScopeNoMPU:ID00001011|ID00001011_scopeNoMPU_core:SCOPENOMPU_CORE|ID00001011_scopeNoMPU_datapath:SCOPENOMPU_DP|ID00001009_decim2scope_core:ID00001009_DECIM_CORE|ID00001009_decim2scope_controlpath:ID00001009_DCM_CP|cnt_wr_mem_out_addr[0]                                                                       ; ID00001011_aipScopeNoMPU:ID00001011|ID00001011_scopeNoMPU_core:SCOPENOMPU_CORE|ID00001011_scopeNoMPU_datapath:SCOPENOMPU_DP|altsyncram:dataDecim_rtl_0|altsyncram_vvg1:auto_generated|ram_block1a0~porta_address_reg0                                                                                                               ; clk          ; clk         ; 0.000        ; 0.221      ; 0.477      ;
; 0.152 ; ID00001011_aipScopeNoMPU:ID00001011|ID00001011_scopeNoMPU_core:SCOPENOMPU_CORE|ID00001011_scopeNoMPU_datapath:SCOPENOMPU_DP|intpolFrac_core:INTPOLFRAC_CORE|intpolFrac_datapath:INTFRAC_DP|ID0000100F_decim2frac_core:DECIM_CORE|ID0000100F_decim2frac_controlpath:DCM_CP|cnt_rd_addr[2]                                        ; ID00001011_aipScopeNoMPU:ID00001011|ID00001011_scopeNoMPU_core:SCOPENOMPU_CORE|ID00001011_scopeNoMPU_datapath:SCOPENOMPU_DP|intpolFrac_core:INTPOLFRAC_CORE|intpolFrac_datapath:INTFRAC_DP|altsyncram:local_mem_rtl_0|altsyncram_e6h1:auto_generated|ram_block1a11~portb_address_reg0                                               ; clk          ; clk         ; 0.000        ; 0.229      ; 0.485      ;
; 0.153 ; ID00001011_aipScopeNoMPU:ID00001011|ID00001011_scopeNoMPU_core:SCOPENOMPU_CORE|ID00001011_scopeNoMPU_datapath:SCOPENOMPU_DP|wr_addr_mapped_localMem_reg[4]                                                                                                                                                                      ; ID00001011_aipScopeNoMPU:ID00001011|ID00001011_scopeNoMPU_core:SCOPENOMPU_CORE|ID00001011_scopeNoMPU_datapath:SCOPENOMPU_DP|altsyncram:dataMapped_localMem_rtl_0|altsyncram_65h1:auto_generated|ram_block1a11~porta_address_reg0                                                                                                    ; clk          ; clk         ; 0.000        ; 0.228      ; 0.485      ;
; 0.153 ; ID00001011_aipScopeNoMPU:ID00001011|ID00001011_scopeNoMPU_core:SCOPENOMPU_CORE|ID00001011_scopeNoMPU_datapath:SCOPENOMPU_DP|ID0000100D_collector2scope_core:ID0000100D_COLLECTOR_CORE|ID0000100D_collector2scope_datapath:ID0000100D_DP|intpol2scope_core:COLLECT_INTPOL_CORE0|intpol2scope_fsm:FSM1|w_addr_mem_out_out_reg[0]  ; ID00001011_aipScopeNoMPU:ID00001011|ID00001011_scopeNoMPU_core:SCOPENOMPU_CORE|ID00001011_scopeNoMPU_datapath:SCOPENOMPU_DP|altsyncram:dataColl_rtl_0|altsyncram_vvg1:auto_generated|ram_block1a0~porta_address_reg0                                                                                                                ; clk          ; clk         ; 0.000        ; 0.224      ; 0.481      ;
; 0.154 ; ID00001011_aipScopeNoMPU:ID00001011|ID00001011_scopeNoMPU_core:SCOPENOMPU_CORE|ID00001011_scopeNoMPU_datapath:SCOPENOMPU_DP|ID0000100D_collector2scope_core:ID0000100D_COLLECTOR_CORE|ID0000100D_collector2scope_datapath:ID0000100D_DP|intpol2scope_core:COLLECT_INTPOL_CORE0|intpol2scope_fsm:FSM1|w_addr_mem_out_out_reg[2]  ; ID00001011_aipScopeNoMPU:ID00001011|ID00001011_scopeNoMPU_core:SCOPENOMPU_CORE|ID00001011_scopeNoMPU_datapath:SCOPENOMPU_DP|altsyncram:dataColl_rtl_0|altsyncram_vvg1:auto_generated|ram_block1a0~porta_address_reg0                                                                                                                ; clk          ; clk         ; 0.000        ; 0.224      ; 0.482      ;
; 0.155 ; ID00001011_aipScopeNoMPU:ID00001011|ID00001011_scopeNoMPU_core:SCOPENOMPU_CORE|ID00001011_scopeNoMPU_datapath:SCOPENOMPU_DP|intpolFrac_core:INTPOLFRAC_CORE|intpolFrac_datapath:INTFRAC_DP|intpol2scope_core:INTPOL_CORE|intpol2scope_fsm:FSM1|w_addr_mem_out_out_reg[7]                                                        ; ID00001011_aipScopeNoMPU:ID00001011|ID00001011_scopeNoMPU_core:SCOPENOMPU_CORE|ID00001011_scopeNoMPU_datapath:SCOPENOMPU_DP|intpolFrac_core:INTPOLFRAC_CORE|intpolFrac_datapath:INTFRAC_DP|altsyncram:local_mem_rtl_0|altsyncram_e6h1:auto_generated|ram_block1a15~porta_address_reg0                                               ; clk          ; clk         ; 0.000        ; 0.219      ; 0.478      ;
; 0.156 ; ID00001011_aipScopeNoMPU:ID00001011|ID00001011_scopeNoMPU_core:SCOPENOMPU_CORE|ID00001011_scopeNoMPU_datapath:SCOPENOMPU_DP|wr_addr_mapped_localMem_reg[3]                                                                                                                                                                      ; ID00001011_aipScopeNoMPU:ID00001011|ID00001011_scopeNoMPU_core:SCOPENOMPU_CORE|ID00001011_scopeNoMPU_datapath:SCOPENOMPU_DP|altsyncram:dataMapped_localMem_rtl_0|altsyncram_65h1:auto_generated|ram_block1a11~porta_address_reg0                                                                                                    ; clk          ; clk         ; 0.000        ; 0.228      ; 0.488      ;
; 0.157 ; ID00001011_aipScopeNoMPU:ID00001011|ID00001011_scopeNoMPU_core:SCOPENOMPU_CORE|ID00001011_scopeNoMPU_datapath:SCOPENOMPU_DP|ID00001012_scopeSignalMapper_core:MAPPERCORE|ID00001012_scopeSignalMapper_controlpath:SCOPEMAPPER_CP|wr_addr_local[1]                                                                               ; ID00001011_aipScopeNoMPU:ID00001011|ID00001011_scopeNoMPU_core:SCOPENOMPU_CORE|ID00001011_scopeNoMPU_datapath:SCOPENOMPU_DP|ID00001012_scopeSignalMapper_core:MAPPERCORE|ID00001012_scopeSignalMapper_datapath:SCOPEMAPPER_DP|altsyncram:dataNormalized_rtl_0|altsyncram_uvg1:auto_generated|ram_block1a0~porta_address_reg0        ; clk          ; clk         ; 0.000        ; 0.228      ; 0.489      ;
; 0.157 ; ID00001011_aipScopeNoMPU:ID00001011|ID00001011_scopeNoMPU_core:SCOPENOMPU_CORE|ID00001011_scopeNoMPU_datapath:SCOPENOMPU_DP|ID00001012_scopeSignalMapper_core:MAPPERCORE|ID00001012_scopeSignalMapper_controlpath:SCOPEMAPPER_CP|rd_addr_local[1]                                                                               ; ID00001011_aipScopeNoMPU:ID00001011|ID00001011_scopeNoMPU_core:SCOPENOMPU_CORE|ID00001011_scopeNoMPU_datapath:SCOPENOMPU_DP|ID00001012_scopeSignalMapper_core:MAPPERCORE|ID00001012_scopeSignalMapper_datapath:SCOPEMAPPER_DP|altsyncram:dataNormalized_rtl_0|altsyncram_uvg1:auto_generated|ram_block1a0~portb_address_reg0        ; clk          ; clk         ; 0.000        ; 0.229      ; 0.490      ;
; 0.158 ; ID00001011_aipScopeNoMPU:ID00001011|ID00001011_scopeNoMPU_core:SCOPENOMPU_CORE|ID00001011_scopeNoMPU_datapath:SCOPENOMPU_DP|wr_addr_mapped_localMem_reg[1]                                                                                                                                                                      ; ID00001011_aipScopeNoMPU:ID00001011|ID00001011_scopeNoMPU_core:SCOPENOMPU_CORE|ID00001011_scopeNoMPU_datapath:SCOPENOMPU_DP|altsyncram:dataMapped_localMem_rtl_0|altsyncram_65h1:auto_generated|ram_block1a11~porta_address_reg0                                                                                                    ; clk          ; clk         ; 0.000        ; 0.228      ; 0.490      ;
; 0.158 ; ID00001011_aipScopeNoMPU:ID00001011|ID00001011_scopeNoMPU_core:SCOPENOMPU_CORE|ID00001011_scopeNoMPU_datapath:SCOPENOMPU_DP|wr_addr_mapped_localMem_reg[9]                                                                                                                                                                      ; ID00001011_aipScopeNoMPU:ID00001011|ID00001011_scopeNoMPU_core:SCOPENOMPU_CORE|ID00001011_scopeNoMPU_datapath:SCOPENOMPU_DP|altsyncram:dataMapped_localMem_rtl_0|altsyncram_65h1:auto_generated|ram_block1a11~porta_address_reg0                                                                                                    ; clk          ; clk         ; 0.000        ; 0.228      ; 0.490      ;
; 0.158 ; ID00001011_aipScopeNoMPU:ID00001011|ID00001011_scopeNoMPU_core:SCOPENOMPU_CORE|ID00001011_scopeNoMPU_datapath:SCOPENOMPU_DP|intpolFrac_core:INTPOLFRAC_CORE|intpolFrac_datapath:INTFRAC_DP|ID0000100F_decim2frac_core:DECIM_CORE|ID0000100F_decim2frac_controlpath:DCM_CP|cnt_rd_addr[0]                                        ; ID00001011_aipScopeNoMPU:ID00001011|ID00001011_scopeNoMPU_core:SCOPENOMPU_CORE|ID00001011_scopeNoMPU_datapath:SCOPENOMPU_DP|intpolFrac_core:INTPOLFRAC_CORE|intpolFrac_datapath:INTFRAC_DP|altsyncram:local_mem_rtl_0|altsyncram_e6h1:auto_generated|ram_block1a11~portb_address_reg0                                               ; clk          ; clk         ; 0.000        ; 0.229      ; 0.491      ;
; 0.159 ; ID00001011_aipScopeNoMPU:ID00001011|ID00001011_scopeNoMPU_core:SCOPENOMPU_CORE|ID00001011_scopeNoMPU_datapath:SCOPENOMPU_DP|ID0000100C_modCuad_core:MODCUAD_CORE|ID0000100C_modCuad_controlpath:modCuad_CP|cnt_rd[2]                                                                                                            ; ID00001011_aipScopeNoMPU:ID00001011|ID00001011_scopeNoMPU_core:SCOPENOMPU_CORE|ID00001011_scopeNoMPU_datapath:SCOPENOMPU_DP|altsyncram:dataFFTSaved_rtl_0|altsyncram_vvg1:auto_generated|ram_block1a0~portb_address_reg0                                                                                                            ; clk          ; clk         ; 0.000        ; 0.227      ; 0.490      ;
; 0.159 ; ID00001011_aipScopeNoMPU:ID00001011|ID00001011_scopeNoMPU_core:SCOPENOMPU_CORE|ID00001011_scopeNoMPU_datapath:SCOPENOMPU_DP|intpolFrac_core:INTPOLFRAC_CORE|intpolFrac_datapath:INTFRAC_DP|ID0000100F_decim2frac_core:DECIM_CORE|ID0000100F_decim2frac_controlpath:DCM_CP|cnt_wr_mem_out_addr[6]                                ; ID00001011_aipScopeNoMPU:ID00001011|ID00001011_scopeNoMPU_core:SCOPENOMPU_CORE|ID00001011_scopeNoMPU_datapath:SCOPENOMPU_DP|altsyncram:dataMultirateSaved_rtl_0|altsyncram_60h1:auto_generated|ram_block1a0~porta_address_reg0                                                                                                      ; clk          ; clk         ; 0.000        ; 0.219      ; 0.482      ;
; 0.159 ; ID00001011_aipScopeNoMPU:ID00001011|ID00001011_scopeNoMPU_core:SCOPENOMPU_CORE|ID00001011_scopeNoMPU_datapath:SCOPENOMPU_DP|ID00001012_scopeSignalMapper_core:MAPPERCORE|ID00001012_scopeSignalMapper_controlpath:SCOPEMAPPER_CP|rd_addr[7]                                                                                     ; ID00001011_aipScopeNoMPU:ID00001011|ID00001011_scopeNoMPU_core:SCOPENOMPU_CORE|ID00001011_scopeNoMPU_datapath:SCOPENOMPU_DP|altsyncram:dataMultirateSaved_rtl_0|altsyncram_60h1:auto_generated|ram_block1a0~portb_address_reg0                                                                                                      ; clk          ; clk         ; 0.000        ; 0.225      ; 0.488      ;
; 0.160 ; ID00001011_aipScopeNoMPU:ID00001011|ID00001011_scopeNoMPU_core:SCOPENOMPU_CORE|ID00001011_scopeNoMPU_datapath:SCOPENOMPU_DP|ID00001012_scopeSignalMapper_core:MAPPERCORE|ID00001012_scopeSignalMapper_controlpath:SCOPEMAPPER_CP|wr_addr_local[4]                                                                               ; ID00001011_aipScopeNoMPU:ID00001011|ID00001011_scopeNoMPU_core:SCOPENOMPU_CORE|ID00001011_scopeNoMPU_datapath:SCOPENOMPU_DP|ID00001012_scopeSignalMapper_core:MAPPERCORE|ID00001012_scopeSignalMapper_datapath:SCOPEMAPPER_DP|altsyncram:dataNormalized_rtl_0|altsyncram_uvg1:auto_generated|ram_block1a0~porta_address_reg0        ; clk          ; clk         ; 0.000        ; 0.228      ; 0.492      ;
; 0.160 ; ID00001011_aipScopeNoMPU:ID00001011|ID00001011_scopeNoMPU_core:SCOPENOMPU_CORE|ID00001011_scopeNoMPU_datapath:SCOPENOMPU_DP|intpolFrac_core:INTPOLFRAC_CORE|intpolFrac_datapath:INTFRAC_DP|ID0000100F_decim2frac_core:DECIM_CORE|ID0000100F_decim2frac_controlpath:DCM_CP|cnt_wr_mem_out_addr[5]                                ; ID00001011_aipScopeNoMPU:ID00001011|ID00001011_scopeNoMPU_core:SCOPENOMPU_CORE|ID00001011_scopeNoMPU_datapath:SCOPENOMPU_DP|altsyncram:dataMultirateSaved_rtl_0|altsyncram_60h1:auto_generated|ram_block1a0~porta_address_reg0                                                                                                      ; clk          ; clk         ; 0.000        ; 0.219      ; 0.483      ;
; 0.161 ; ID00001011_aipScopeNoMPU:ID00001011|ID00001011_scopeNoMPU_core:SCOPENOMPU_CORE|ID00001011_scopeNoMPU_datapath:SCOPENOMPU_DP|ID00001012_scopeSignalMapper_core:MAPPERCORE|ID00001012_scopeSignalMapper_controlpath:SCOPEMAPPER_CP|rd_addr[2]                                                                                     ; ID00001011_aipScopeNoMPU:ID00001011|ID00001011_scopeNoMPU_core:SCOPENOMPU_CORE|ID00001011_scopeNoMPU_datapath:SCOPENOMPU_DP|altsyncram:dataMultirateSaved_rtl_0|altsyncram_60h1:auto_generated|ram_block1a0~portb_address_reg0                                                                                                      ; clk          ; clk         ; 0.000        ; 0.225      ; 0.490      ;
; 0.163 ; ID00001011_aipScopeNoMPU:ID00001011|ID00001011_scopeNoMPU_core:SCOPENOMPU_CORE|ID00001011_scopeNoMPU_datapath:SCOPENOMPU_DP|intpolFrac_core:INTPOLFRAC_CORE|intpolFrac_datapath:INTFRAC_DP|ID0000100F_decim2frac_core:DECIM_CORE|ID0000100F_decim2frac_controlpath:DCM_CP|cnt_wr_mem_out_addr[0]                                ; ID00001011_aipScopeNoMPU:ID00001011|ID00001011_scopeNoMPU_core:SCOPENOMPU_CORE|ID00001011_scopeNoMPU_datapath:SCOPENOMPU_DP|altsyncram:dataMultirateSaved_rtl_0|altsyncram_60h1:auto_generated|ram_block1a0~porta_address_reg0                                                                                                      ; clk          ; clk         ; 0.000        ; 0.219      ; 0.486      ;
; 0.163 ; ID00001011_aipScopeNoMPU:ID00001011|ID00001011_scopeNoMPU_core:SCOPENOMPU_CORE|ID00001011_scopeNoMPU_datapath:SCOPENOMPU_DP|intpolFrac_core:INTPOLFRAC_CORE|intpolFrac_datapath:INTFRAC_DP|ID0000100F_decim2frac_core:DECIM_CORE|ID0000100F_decim2frac_controlpath:DCM_CP|cnt_rd_addr[3]                                        ; ID00001011_aipScopeNoMPU:ID00001011|ID00001011_scopeNoMPU_core:SCOPENOMPU_CORE|ID00001011_scopeNoMPU_datapath:SCOPENOMPU_DP|intpolFrac_core:INTPOLFRAC_CORE|intpolFrac_datapath:INTFRAC_DP|altsyncram:local_mem_rtl_0|altsyncram_e6h1:auto_generated|ram_block1a11~portb_address_reg0                                               ; clk          ; clk         ; 0.000        ; 0.229      ; 0.496      ;
; 0.164 ; ID00001011_aipScopeNoMPU:ID00001011|ID00001011_scopeNoMPU_core:SCOPENOMPU_CORE|ID00001011_scopeNoMPU_datapath:SCOPENOMPU_DP|ID00001008_ILI9327Core:SCOPECORE|ID00001008_TxVideo:TxVideo|addrMemCnt[3]                                                                                                                           ; ID00001011_aipScopeNoMPU:ID00001011|ID00001011_scopeNoMPU_core:SCOPENOMPU_CORE|ID00001011_scopeNoMPU_datapath:SCOPENOMPU_DP|altsyncram:dataMapped_localMem_rtl_0|altsyncram_65h1:auto_generated|ram_block1a11~portb_address_reg0                                                                                                    ; clk          ; clk         ; 0.000        ; 0.226      ; 0.494      ;
; 0.164 ; ID00001011_aipScopeNoMPU:ID00001011|ID00001011_scopeNoMPU_core:SCOPENOMPU_CORE|ID00001011_scopeNoMPU_datapath:SCOPENOMPU_DP|ID00001009_decim2scope_core:ID00001009_DECIM_CORE|ID00001009_decim2scope_controlpath:ID00001009_DCM_CP|cnt_wr_mem_out_addr[3]                                                                       ; ID00001011_aipScopeNoMPU:ID00001011|ID00001011_scopeNoMPU_core:SCOPENOMPU_CORE|ID00001011_scopeNoMPU_datapath:SCOPENOMPU_DP|altsyncram:dataDecim_rtl_0|altsyncram_vvg1:auto_generated|ram_block1a0~porta_address_reg0                                                                                                               ; clk          ; clk         ; 0.000        ; 0.221      ; 0.489      ;
; 0.164 ; ID00001011_aipScopeNoMPU:ID00001011|ID00001011_scopeNoMPU_core:SCOPENOMPU_CORE|ID00001011_scopeNoMPU_datapath:SCOPENOMPU_DP|ID00001012_scopeSignalMapper_core:MAPPERCORE|ID00001012_scopeSignalMapper_controlpath:SCOPEMAPPER_CP|wr_addr_local[6]                                                                               ; ID00001011_aipScopeNoMPU:ID00001011|ID00001011_scopeNoMPU_core:SCOPENOMPU_CORE|ID00001011_scopeNoMPU_datapath:SCOPENOMPU_DP|ID00001012_scopeSignalMapper_core:MAPPERCORE|ID00001012_scopeSignalMapper_datapath:SCOPEMAPPER_DP|altsyncram:dataNormalized_rtl_0|altsyncram_uvg1:auto_generated|ram_block1a6~porta_address_reg0        ; clk          ; clk         ; 0.000        ; 0.227      ; 0.495      ;
; 0.164 ; ID00001011_aipScopeNoMPU:ID00001011|ID00001011_scopeNoMPU_core:SCOPENOMPU_CORE|ID00001011_scopeNoMPU_datapath:SCOPENOMPU_DP|intpolFrac_core:INTPOLFRAC_CORE|intpolFrac_datapath:INTFRAC_DP|ID0000100F_decim2frac_core:DECIM_CORE|ID0000100F_decim2frac_controlpath:DCM_CP|cnt_wr_mem_out_addr[4]                                ; ID00001011_aipScopeNoMPU:ID00001011|ID00001011_scopeNoMPU_core:SCOPENOMPU_CORE|ID00001011_scopeNoMPU_datapath:SCOPENOMPU_DP|altsyncram:dataMultirateSaved_rtl_0|altsyncram_60h1:auto_generated|ram_block1a0~porta_address_reg0                                                                                                      ; clk          ; clk         ; 0.000        ; 0.219      ; 0.487      ;
; 0.164 ; ID00001011_aipScopeNoMPU:ID00001011|ID00001011_scopeNoMPU_core:SCOPENOMPU_CORE|ID00001011_scopeNoMPU_datapath:SCOPENOMPU_DP|ID00001012_scopeSignalMapper_core:MAPPERCORE|ID00001012_scopeSignalMapper_controlpath:SCOPEMAPPER_CP|rd_addr[4]                                                                                     ; ID00001011_aipScopeNoMPU:ID00001011|ID00001011_scopeNoMPU_core:SCOPENOMPU_CORE|ID00001011_scopeNoMPU_datapath:SCOPENOMPU_DP|altsyncram:dataMultirateSaved_rtl_0|altsyncram_60h1:auto_generated|ram_block1a0~portb_address_reg0                                                                                                      ; clk          ; clk         ; 0.000        ; 0.225      ; 0.493      ;
; 0.165 ; ID00001011_aipScopeNoMPU:ID00001011|ID00001011_scopeNoMPU_aip:INTERFACE|ID00001011_scopeNoMPU_aipModules:AIP|ID00001011_scopeNoMPU_aipCtrl:CNTRL|regWrAddrMemIn[0][7]                                                                                                                                                           ; ID00001011_aipScopeNoMPU:ID00001011|ID00001011_scopeNoMPU_aip:INTERFACE|ID00001011_scopeNoMPU_aipModules:AIP|simple_dual_port_ram_single_clk:MEMIN[0].MEMIN|altsyncram:RAM_Structure_rtl_0|altsyncram_imc1:auto_generated|ram_block1a2~porta_address_reg0                                                                           ; clk          ; clk         ; 0.000        ; 0.222      ; 0.491      ;
; 0.165 ; ID00001011_aipScopeNoMPU:ID00001011|ID00001011_scopeNoMPU_aip:INTERFACE|ID00001011_scopeNoMPU_aipModules:AIP|ID00001011_scopeNoMPU_aipCtrl:CNTRL|regWrAddrMemIn[0][9]                                                                                                                                                           ; ID00001011_aipScopeNoMPU:ID00001011|ID00001011_scopeNoMPU_aip:INTERFACE|ID00001011_scopeNoMPU_aipModules:AIP|simple_dual_port_ram_single_clk:MEMIN[0].MEMIN|altsyncram:RAM_Structure_rtl_0|altsyncram_imc1:auto_generated|ram_block1a2~porta_address_reg0                                                                           ; clk          ; clk         ; 0.000        ; 0.222      ; 0.491      ;
; 0.166 ; ID00001011_aipScopeNoMPU:ID00001011|ID00001011_scopeNoMPU_core:SCOPENOMPU_CORE|ID00001011_scopeNoMPU_datapath:SCOPENOMPU_DP|ID00001008_ILI9327Core:SCOPECORE|ID00001008_TxVideo:TxVideo|addrMemCnt[10]                                                                                                                          ; ID00001011_aipScopeNoMPU:ID00001011|ID00001011_scopeNoMPU_core:SCOPENOMPU_CORE|ID00001011_scopeNoMPU_datapath:SCOPENOMPU_DP|altsyncram:dataMapped_localMem_rtl_0|altsyncram_65h1:auto_generated|ram_block1a11~portb_address_reg0                                                                                                    ; clk          ; clk         ; 0.000        ; 0.226      ; 0.496      ;
; 0.166 ; ID00001011_aipScopeNoMPU:ID00001011|ID00001011_scopeNoMPU_core:SCOPENOMPU_CORE|ID00001011_scopeNoMPU_datapath:SCOPENOMPU_DP|ID00001012_scopeSignalMapper_core:MAPPERCORE|ID00001012_scopeSignalMapper_controlpath:SCOPEMAPPER_CP|rd_addr[0]                                                                                     ; ID00001011_aipScopeNoMPU:ID00001011|ID00001011_scopeNoMPU_core:SCOPENOMPU_CORE|ID00001011_scopeNoMPU_datapath:SCOPENOMPU_DP|altsyncram:dataMultirateSaved_rtl_0|altsyncram_60h1:auto_generated|ram_block1a0~portb_address_reg0                                                                                                      ; clk          ; clk         ; 0.000        ; 0.225      ; 0.495      ;
; 0.167 ; ID00001011_aipScopeNoMPU:ID00001011|ID00001011_scopeNoMPU_core:SCOPENOMPU_CORE|ID00001011_scopeNoMPU_datapath:SCOPENOMPU_DP|ID0000100C_modCuad_core:MODCUAD_CORE|ID0000100C_modCuad_controlpath:modCuad_CP|cnt_rd[0]                                                                                                            ; ID00001011_aipScopeNoMPU:ID00001011|ID00001011_scopeNoMPU_core:SCOPENOMPU_CORE|ID00001011_scopeNoMPU_datapath:SCOPENOMPU_DP|altsyncram:dataFFTSaved_rtl_0|altsyncram_vvg1:auto_generated|ram_block1a0~portb_address_reg0                                                                                                            ; clk          ; clk         ; 0.000        ; 0.227      ; 0.498      ;
; 0.167 ; ID00001011_aipScopeNoMPU:ID00001011|ID00001011_scopeNoMPU_core:SCOPENOMPU_CORE|ID00001011_scopeNoMPU_datapath:SCOPENOMPU_DP|ID00001012_scopeSignalMapper_core:MAPPERCORE|ID00001012_scopeSignalMapper_controlpath:SCOPEMAPPER_CP|wr_addr_local[1]                                                                               ; ID00001011_aipScopeNoMPU:ID00001011|ID00001011_scopeNoMPU_core:SCOPENOMPU_CORE|ID00001011_scopeNoMPU_datapath:SCOPENOMPU_DP|ID00001012_scopeSignalMapper_core:MAPPERCORE|ID00001012_scopeSignalMapper_datapath:SCOPEMAPPER_DP|altsyncram:dataAverage_rtl_0|altsyncram_atg1:auto_generated|ram_block1a0~porta_address_reg0           ; clk          ; clk         ; 0.000        ; 0.226      ; 0.497      ;
; 0.167 ; ID00001011_aipScopeNoMPU:ID00001011|ID00001011_scopeNoMPU_core:SCOPENOMPU_CORE|ID00001011_scopeNoMPU_datapath:SCOPENOMPU_DP|ID00001012_scopeSignalMapper_core:MAPPERCORE|ID00001012_scopeSignalMapper_controlpath:SCOPEMAPPER_CP|rd_addr_local[4]                                                                               ; ID00001011_aipScopeNoMPU:ID00001011|ID00001011_scopeNoMPU_core:SCOPENOMPU_CORE|ID00001011_scopeNoMPU_datapath:SCOPENOMPU_DP|ID00001012_scopeSignalMapper_core:MAPPERCORE|ID00001012_scopeSignalMapper_datapath:SCOPEMAPPER_DP|altsyncram:dataNormalized_rtl_0|altsyncram_uvg1:auto_generated|ram_block1a0~portb_address_reg0        ; clk          ; clk         ; 0.000        ; 0.229      ; 0.500      ;
; 0.169 ; ID00001011_aipScopeNoMPU:ID00001011|ID00001011_scopeNoMPU_core:SCOPENOMPU_CORE|ID00001011_scopeNoMPU_datapath:SCOPENOMPU_DP|ID00001012_scopeSignalMapper_core:MAPPERCORE|ID00001012_scopeSignalMapper_controlpath:SCOPEMAPPER_CP|wr_addr_local[3]                                                                               ; ID00001011_aipScopeNoMPU:ID00001011|ID00001011_scopeNoMPU_core:SCOPENOMPU_CORE|ID00001011_scopeNoMPU_datapath:SCOPENOMPU_DP|ID00001012_scopeSignalMapper_core:MAPPERCORE|ID00001012_scopeSignalMapper_datapath:SCOPEMAPPER_DP|altsyncram:dataNormalized_rtl_0|altsyncram_uvg1:auto_generated|ram_block1a6~porta_address_reg0        ; clk          ; clk         ; 0.000        ; 0.227      ; 0.500      ;
; 0.169 ; ID00001011_aipScopeNoMPU:ID00001011|ID00001011_scopeNoMPU_core:SCOPENOMPU_CORE|ID00001011_scopeNoMPU_datapath:SCOPENOMPU_DP|intpolFrac_core:INTPOLFRAC_CORE|intpolFrac_datapath:INTFRAC_DP|intpol2scope_core:INTPOL_CORE|intpol2scope_fsm:FSM1|w_addr_mem_out_out_reg[2]                                                        ; ID00001011_aipScopeNoMPU:ID00001011|ID00001011_scopeNoMPU_core:SCOPENOMPU_CORE|ID00001011_scopeNoMPU_datapath:SCOPENOMPU_DP|intpolFrac_core:INTPOLFRAC_CORE|intpolFrac_datapath:INTFRAC_DP|altsyncram:local_mem_rtl_0|altsyncram_e6h1:auto_generated|ram_block1a15~porta_address_reg0                                               ; clk          ; clk         ; 0.000        ; 0.219      ; 0.492      ;
; 0.169 ; ID00001011_aipScopeNoMPU:ID00001011|ID00001011_scopeNoMPU_core:SCOPENOMPU_CORE|ID00001011_scopeNoMPU_datapath:SCOPENOMPU_DP|ID00001012_scopeSignalMapper_core:MAPPERCORE|ID00001012_scopeSignalMapper_controlpath:SCOPEMAPPER_CP|rd_addr_local[7]                                                                               ; ID00001011_aipScopeNoMPU:ID00001011|ID00001011_scopeNoMPU_core:SCOPENOMPU_CORE|ID00001011_scopeNoMPU_datapath:SCOPENOMPU_DP|ID00001012_scopeSignalMapper_core:MAPPERCORE|ID00001012_scopeSignalMapper_datapath:SCOPEMAPPER_DP|altsyncram:dataNormalized_rtl_0|altsyncram_uvg1:auto_generated|ram_block1a0~portb_address_reg0        ; clk          ; clk         ; 0.000        ; 0.229      ; 0.502      ;
; 0.169 ; ID00001011_aipScopeNoMPU:ID00001011|ID00001011_scopeNoMPU_core:SCOPENOMPU_CORE|ID00001011_scopeNoMPU_datapath:SCOPENOMPU_DP|ID00001012_scopeSignalMapper_core:MAPPERCORE|ID00001012_scopeSignalMapper_controlpath:SCOPEMAPPER_CP|rd_addr_local[1]                                                                               ; ID00001011_aipScopeNoMPU:ID00001011|ID00001011_scopeNoMPU_core:SCOPENOMPU_CORE|ID00001011_scopeNoMPU_datapath:SCOPENOMPU_DP|ID00001012_scopeSignalMapper_core:MAPPERCORE|ID00001012_scopeSignalMapper_datapath:SCOPEMAPPER_DP|altsyncram:dataNormalized_rtl_0|altsyncram_uvg1:auto_generated|ram_block1a6~portb_address_reg0        ; clk          ; clk         ; 0.000        ; 0.228      ; 0.501      ;
; 0.169 ; ID00001011_aipScopeNoMPU:ID00001011|ID00001011_scopeNoMPU_core:SCOPENOMPU_CORE|ID00001011_scopeNoMPU_datapath:SCOPENOMPU_DP|intpolFrac_core:INTPOLFRAC_CORE|intpolFrac_datapath:INTFRAC_DP|ID0000100F_decim2frac_core:DECIM_CORE|ID0000100F_decim2frac_controlpath:DCM_CP|cnt_rd_addr[10]                                       ; ID00001011_aipScopeNoMPU:ID00001011|ID00001011_scopeNoMPU_core:SCOPENOMPU_CORE|ID00001011_scopeNoMPU_datapath:SCOPENOMPU_DP|intpolFrac_core:INTPOLFRAC_CORE|intpolFrac_datapath:INTFRAC_DP|altsyncram:local_mem_rtl_0|altsyncram_e6h1:auto_generated|ram_block1a11~portb_address_reg0                                               ; clk          ; clk         ; 0.000        ; 0.229      ; 0.502      ;
; 0.170 ; ID00001011_aipScopeNoMPU:ID00001011|ID00001011_scopeNoMPU_core:SCOPENOMPU_CORE|ID00001011_scopeNoMPU_datapath:SCOPENOMPU_DP|ID00001012_scopeSignalMapper_core:MAPPERCORE|ID00001012_scopeSignalMapper_controlpath:SCOPEMAPPER_CP|wr_addr_local[5]                                                                               ; ID00001011_aipScopeNoMPU:ID00001011|ID00001011_scopeNoMPU_core:SCOPENOMPU_CORE|ID00001011_scopeNoMPU_datapath:SCOPENOMPU_DP|ID00001012_scopeSignalMapper_core:MAPPERCORE|ID00001012_scopeSignalMapper_datapath:SCOPEMAPPER_DP|altsyncram:dataAverage_rtl_0|altsyncram_atg1:auto_generated|ram_block1a0~porta_address_reg0           ; clk          ; clk         ; 0.000        ; 0.226      ; 0.500      ;
; 0.171 ; ID00001011_aipScopeNoMPU:ID00001011|ID00001011_scopeNoMPU_core:SCOPENOMPU_CORE|ID00001011_scopeNoMPU_datapath:SCOPENOMPU_DP|ID00001008_ILI9327Core:SCOPECORE|ID00001008_TxVideo:TxVideo|addrMemCnt[4]                                                                                                                           ; ID00001011_aipScopeNoMPU:ID00001011|ID00001011_scopeNoMPU_core:SCOPENOMPU_CORE|ID00001011_scopeNoMPU_datapath:SCOPENOMPU_DP|altsyncram:dataMapped_localMem_rtl_0|altsyncram_65h1:auto_generated|ram_block1a11~portb_address_reg0                                                                                                    ; clk          ; clk         ; 0.000        ; 0.226      ; 0.501      ;
; 0.171 ; ID00001011_aipScopeNoMPU:ID00001011|ID00001011_scopeNoMPU_core:SCOPENOMPU_CORE|ID00001011_scopeNoMPU_datapath:SCOPENOMPU_DP|intpolFrac_core:INTPOLFRAC_CORE|intpolFrac_datapath:INTFRAC_DP|ID0000100F_decim2frac_core:DECIM_CORE|ID0000100F_decim2frac_controlpath:DCM_CP|cnt_wr_mem_out_addr[8]                                ; ID00001011_aipScopeNoMPU:ID00001011|ID00001011_scopeNoMPU_core:SCOPENOMPU_CORE|ID00001011_scopeNoMPU_datapath:SCOPENOMPU_DP|altsyncram:dataMultirateSaved_rtl_0|altsyncram_60h1:auto_generated|ram_block1a0~porta_address_reg0                                                                                                      ; clk          ; clk         ; 0.000        ; 0.219      ; 0.494      ;
; 0.172 ; ID00001011_aipScopeNoMPU:ID00001011|ID00001011_scopeNoMPU_core:SCOPENOMPU_CORE|ID00001011_scopeNoMPU_datapath:SCOPENOMPU_DP|ID0000100D_collector2scope_core:ID0000100D_COLLECTOR_CORE|ID0000100D_collector2scope_datapath:ID0000100D_DP|intpol2scope_core:COLLECT_INTPOL_CORE0|intpol2scope_fsm:FSM1|r_addr_mem_in_0_out_reg[0] ; ID00001011_aipScopeNoMPU:ID00001011|ID00001011_scopeNoMPU_core:SCOPENOMPU_CORE|ID00001011_scopeNoMPU_datapath:SCOPENOMPU_DP|ID0000100D_collector2scope_core:ID0000100D_COLLECTOR_CORE|ID0000100D_collector2scope_datapath:ID0000100D_DP|altsyncram:dataCollect_rtl_0|altsyncram_isg1:auto_generated|ram_block1a0~portb_address_reg0 ; clk          ; clk         ; 0.000        ; 0.210      ; 0.486      ;
; 0.172 ; ID00001011_aipScopeNoMPU:ID00001011|ID00001011_scopeNoMPU_core:SCOPENOMPU_CORE|ID00001011_scopeNoMPU_datapath:SCOPENOMPU_DP|ID00001012_scopeSignalMapper_core:MAPPERCORE|ID00001012_scopeSignalMapper_controlpath:SCOPEMAPPER_CP|rd_addr[6]                                                                                     ; ID00001011_aipScopeNoMPU:ID00001011|ID00001011_scopeNoMPU_core:SCOPENOMPU_CORE|ID00001011_scopeNoMPU_datapath:SCOPENOMPU_DP|altsyncram:dataMultirateSaved_rtl_0|altsyncram_60h1:auto_generated|ram_block1a0~portb_address_reg0                                                                                                      ; clk          ; clk         ; 0.000        ; 0.225      ; 0.501      ;
; 0.173 ; ID00001011_aipScopeNoMPU:ID00001011|ID00001011_scopeNoMPU_aip:INTERFACE|ID00001011_scopeNoMPU_aipModules:AIP|ID00001011_scopeNoMPU_aipCtrl:CNTRL|regWrAddrMemIn[0][2]                                                                                                                                                           ; ID00001011_aipScopeNoMPU:ID00001011|ID00001011_scopeNoMPU_aip:INTERFACE|ID00001011_scopeNoMPU_aipModules:AIP|simple_dual_port_ram_single_clk:MEMIN[0].MEMIN|altsyncram:RAM_Structure_rtl_0|altsyncram_imc1:auto_generated|ram_block1a2~porta_address_reg0                                                                           ; clk          ; clk         ; 0.000        ; 0.222      ; 0.499      ;
; 0.174 ; ID00001011_aipScopeNoMPU:ID00001011|ID00001011_scopeNoMPU_core:SCOPENOMPU_CORE|ID00001011_scopeNoMPU_datapath:SCOPENOMPU_DP|ID0000100C_modCuad_core:MODCUAD_CORE|ID0000100C_modCuad_controlpath:modCuad_CP|cnt_rd[2]                                                                                                            ; ID00001011_aipScopeNoMPU:ID00001011|ID00001011_scopeNoMPU_core:SCOPENOMPU_CORE|ID00001011_scopeNoMPU_datapath:SCOPENOMPU_DP|altsyncram:dataColl_rtl_0|altsyncram_vvg1:auto_generated|ram_block1a0~portb_address_reg0                                                                                                                ; clk          ; clk         ; 0.000        ; 0.222      ; 0.500      ;
; 0.174 ; ID00001011_aipScopeNoMPU:ID00001011|ID00001011_scopeNoMPU_core:SCOPENOMPU_CORE|ID00001011_scopeNoMPU_datapath:SCOPENOMPU_DP|ID0000204D_FFT_core:FFT_Inst|_069_[0]                                                                                                                                                               ; ID00001011_aipScopeNoMPU:ID00001011|ID00001011_scopeNoMPU_core:SCOPENOMPU_CORE|ID00001011_scopeNoMPU_datapath:SCOPENOMPU_DP|ID0000204D_FFT_core:FFT_Inst|_069_[0]                                                                                                                                                                   ; clk          ; clk         ; 0.000        ; 0.049      ; 0.307      ;
; 0.174 ; ID00001011_aipScopeNoMPU:ID00001011|ID00001011_scopeNoMPU_core:SCOPENOMPU_CORE|ID00001011_scopeNoMPU_datapath:SCOPENOMPU_DP|ID0000204D_FFT_core:FFT_Inst|_069_[6]                                                                                                                                                               ; ID00001011_aipScopeNoMPU:ID00001011|ID00001011_scopeNoMPU_core:SCOPENOMPU_CORE|ID00001011_scopeNoMPU_datapath:SCOPENOMPU_DP|ID0000204D_FFT_core:FFT_Inst|_069_[6]                                                                                                                                                                   ; clk          ; clk         ; 0.000        ; 0.049      ; 0.307      ;
; 0.175 ; ID00001011_aipScopeNoMPU:ID00001011|ID00001011_scopeNoMPU_core:SCOPENOMPU_CORE|ID00001011_scopeNoMPU_datapath:SCOPENOMPU_DP|ID0000204D_FFT_core:FFT_Inst|_082_[0]                                                                                                                                                               ; ID00001011_aipScopeNoMPU:ID00001011|ID00001011_scopeNoMPU_core:SCOPENOMPU_CORE|ID00001011_scopeNoMPU_datapath:SCOPENOMPU_DP|ID0000204D_FFT_core:FFT_Inst|_082_[0]                                                                                                                                                                   ; clk          ; clk         ; 0.000        ; 0.048      ; 0.307      ;
; 0.175 ; ID00001011_aipScopeNoMPU:ID00001011|ID00001011_scopeNoMPU_core:SCOPENOMPU_CORE|ID00001011_scopeNoMPU_datapath:SCOPENOMPU_DP|ID0000204D_FFT_core:FFT_Inst|_071_                                                                                                                                                                  ; ID00001011_aipScopeNoMPU:ID00001011|ID00001011_scopeNoMPU_core:SCOPENOMPU_CORE|ID00001011_scopeNoMPU_datapath:SCOPENOMPU_DP|ID0000204D_FFT_core:FFT_Inst|_071_                                                                                                                                                                      ; clk          ; clk         ; 0.000        ; 0.048      ; 0.307      ;
; 0.175 ; ID00001011_aipScopeNoMPU:ID00001011|ID00001011_scopeNoMPU_core:SCOPENOMPU_CORE|ID00001011_scopeNoMPU_datapath:SCOPENOMPU_DP|ID0000204D_FFT_core:FFT_Inst|_164_[1]                                                                                                                                                               ; ID00001011_aipScopeNoMPU:ID00001011|ID00001011_scopeNoMPU_core:SCOPENOMPU_CORE|ID00001011_scopeNoMPU_datapath:SCOPENOMPU_DP|ID0000204D_FFT_core:FFT_Inst|_164_[1]                                                                                                                                                                   ; clk          ; clk         ; 0.000        ; 0.048      ; 0.307      ;
; 0.175 ; ID00001011_aipScopeNoMPU:ID00001011|ID00001011_scopeNoMPU_core:SCOPENOMPU_CORE|ID00001011_scopeNoMPU_datapath:SCOPENOMPU_DP|ID0000204D_FFT_core:FFT_Inst|_069_[4]                                                                                                                                                               ; ID00001011_aipScopeNoMPU:ID00001011|ID00001011_scopeNoMPU_core:SCOPENOMPU_CORE|ID00001011_scopeNoMPU_datapath:SCOPENOMPU_DP|ID0000204D_FFT_core:FFT_Inst|_069_[4]                                                                                                                                                                   ; clk          ; clk         ; 0.000        ; 0.048      ; 0.307      ;
; 0.175 ; ID00001011_aipScopeNoMPU:ID00001011|ID00001011_scopeNoMPU_core:SCOPENOMPU_CORE|ID00001011_scopeNoMPU_datapath:SCOPENOMPU_DP|intpolFrac_core:INTPOLFRAC_CORE|intpolFrac_datapath:INTFRAC_DP|ID0000100F_decim2frac_core:DECIM_CORE|ID0000100F_decim2frac_controlpath:DCM_CP|cnt_wr_mem_out_addr[1]                                ; ID00001011_aipScopeNoMPU:ID00001011|ID00001011_scopeNoMPU_core:SCOPENOMPU_CORE|ID00001011_scopeNoMPU_datapath:SCOPENOMPU_DP|altsyncram:dataMultirateSaved_rtl_0|altsyncram_60h1:auto_generated|ram_block1a0~porta_address_reg0                                                                                                      ; clk          ; clk         ; 0.000        ; 0.219      ; 0.498      ;
; 0.175 ; ID00001011_aipScopeNoMPU:ID00001011|ID00001011_scopeNoMPU_core:SCOPENOMPU_CORE|ID00001011_scopeNoMPU_datapath:SCOPENOMPU_DP|intpolFrac_core:INTPOLFRAC_CORE|intpolFrac_datapath:INTFRAC_DP|intpol2scope_core:INTPOL_CORE|intpol2scope_fsm:FSM1|w_addr_mem_out_out_reg[4]                                                        ; ID00001011_aipScopeNoMPU:ID00001011|ID00001011_scopeNoMPU_core:SCOPENOMPU_CORE|ID00001011_scopeNoMPU_datapath:SCOPENOMPU_DP|intpolFrac_core:INTPOLFRAC_CORE|intpolFrac_datapath:INTFRAC_DP|altsyncram:local_mem_rtl_0|altsyncram_e6h1:auto_generated|ram_block1a15~porta_address_reg0                                               ; clk          ; clk         ; 0.000        ; 0.219      ; 0.498      ;
; 0.175 ; ID00001011_aipScopeNoMPU:ID00001011|ID00001011_scopeNoMPU_core:SCOPENOMPU_CORE|ID00001011_scopeNoMPU_datapath:SCOPENOMPU_DP|intpolFrac_core:INTPOLFRAC_CORE|intpolFrac_datapath:INTFRAC_DP|intpol2scope_core:INTPOL_CORE|intpol2scope_fsm:FSM1|w_addr_mem_out_out_reg[11]                                                       ; ID00001011_aipScopeNoMPU:ID00001011|ID00001011_scopeNoMPU_core:SCOPENOMPU_CORE|ID00001011_scopeNoMPU_datapath:SCOPENOMPU_DP|intpolFrac_core:INTPOLFRAC_CORE|intpolFrac_datapath:INTFRAC_DP|altsyncram:local_mem_rtl_0|altsyncram_e6h1:auto_generated|ram_block1a15~porta_address_reg0                                               ; clk          ; clk         ; 0.000        ; 0.219      ; 0.498      ;
; 0.176 ; ID00001011_aipScopeNoMPU:ID00001011|ID00001011_scopeNoMPU_core:SCOPENOMPU_CORE|ID00001011_scopeNoMPU_datapath:SCOPENOMPU_DP|ID00001008_ILI9327Core:SCOPECORE|ID00001008_TxVideo:TxVideo|addrMemCnt[0]                                                                                                                           ; ID00001011_aipScopeNoMPU:ID00001011|ID00001011_scopeNoMPU_core:SCOPENOMPU_CORE|ID00001011_scopeNoMPU_datapath:SCOPENOMPU_DP|altsyncram:dataMapped_localMem_rtl_0|altsyncram_65h1:auto_generated|ram_block1a11~portb_address_reg0                                                                                                    ; clk          ; clk         ; 0.000        ; 0.226      ; 0.506      ;
; 0.176 ; ID00001011_aipScopeNoMPU:ID00001011|ID00001011_scopeNoMPU_core:SCOPENOMPU_CORE|ID00001011_scopeNoMPU_datapath:SCOPENOMPU_DP|ID0000100C_modCuad_core:MODCUAD_CORE|ID0000100C_modCuad_controlpath:modCuad_CP|cnt_rd[5]                                                                                                            ; ID00001011_aipScopeNoMPU:ID00001011|ID00001011_scopeNoMPU_core:SCOPENOMPU_CORE|ID00001011_scopeNoMPU_datapath:SCOPENOMPU_DP|altsyncram:dataColl_rtl_0|altsyncram_vvg1:auto_generated|ram_block1a0~portb_address_reg0                                                                                                                ; clk          ; clk         ; 0.000        ; 0.222      ; 0.502      ;
; 0.177 ; ID00001011_aipScopeNoMPU:ID00001011|ID00001011_scopeNoMPU_core:SCOPENOMPU_CORE|ID00001011_scopeNoMPU_datapath:SCOPENOMPU_DP|ID0000100C_modCuad_core:MODCUAD_CORE|ID0000100C_modCuad_controlpath:modCuad_CP|cnt_rd[6]                                                                                                            ; ID00001011_aipScopeNoMPU:ID00001011|ID00001011_scopeNoMPU_core:SCOPENOMPU_CORE|ID00001011_scopeNoMPU_datapath:SCOPENOMPU_DP|altsyncram:dataColl_rtl_0|altsyncram_vvg1:auto_generated|ram_block1a0~portb_address_reg0                                                                                                                ; clk          ; clk         ; 0.000        ; 0.222      ; 0.503      ;
; 0.177 ; ID00001011_aipScopeNoMPU:ID00001011|ID00001011_scopeNoMPU_core:SCOPENOMPU_CORE|ID00001011_scopeNoMPU_datapath:SCOPENOMPU_DP|ID00001012_scopeSignalMapper_core:MAPPERCORE|ID00001012_scopeSignalMapper_controlpath:SCOPEMAPPER_CP|wr_addr_local[5]                                                                               ; ID00001011_aipScopeNoMPU:ID00001011|ID00001011_scopeNoMPU_core:SCOPENOMPU_CORE|ID00001011_scopeNoMPU_datapath:SCOPENOMPU_DP|ID00001012_scopeSignalMapper_core:MAPPERCORE|ID00001012_scopeSignalMapper_datapath:SCOPEMAPPER_DP|altsyncram:dataNormalized_rtl_0|altsyncram_uvg1:auto_generated|ram_block1a0~porta_address_reg0        ; clk          ; clk         ; 0.000        ; 0.228      ; 0.509      ;
; 0.178 ; ID00001011_aipScopeNoMPU:ID00001011|ID00001011_scopeNoMPU_core:SCOPENOMPU_CORE|ID00001011_scopeNoMPU_datapath:SCOPENOMPU_DP|ID00001012_scopeSignalMapper_core:MAPPERCORE|ID00001012_scopeSignalMapper_controlpath:SCOPEMAPPER_CP|rd_addr_local[6]                                                                               ; ID00001011_aipScopeNoMPU:ID00001011|ID00001011_scopeNoMPU_core:SCOPENOMPU_CORE|ID00001011_scopeNoMPU_datapath:SCOPENOMPU_DP|ID00001012_scopeSignalMapper_core:MAPPERCORE|ID00001012_scopeSignalMapper_datapath:SCOPEMAPPER_DP|altsyncram:dataNormalized_rtl_0|altsyncram_uvg1:auto_generated|ram_block1a0~portb_address_reg0        ; clk          ; clk         ; 0.000        ; 0.229      ; 0.511      ;
; 0.179 ; ID00001011_aipScopeNoMPU:ID00001011|ID00001011_scopeNoMPU_core:SCOPENOMPU_CORE|ID00001011_scopeNoMPU_datapath:SCOPENOMPU_DP|ID00001012_scopeSignalMapper_core:MAPPERCORE|ID00001012_scopeSignalMapper_controlpath:SCOPEMAPPER_CP|rd_addr_local[2]                                                                               ; ID00001011_aipScopeNoMPU:ID00001011|ID00001011_scopeNoMPU_core:SCOPENOMPU_CORE|ID00001011_scopeNoMPU_datapath:SCOPENOMPU_DP|ID00001012_scopeSignalMapper_core:MAPPERCORE|ID00001012_scopeSignalMapper_datapath:SCOPEMAPPER_DP|altsyncram:dataNormalized_rtl_0|altsyncram_uvg1:auto_generated|ram_block1a0~portb_address_reg0        ; clk          ; clk         ; 0.000        ; 0.252      ; 0.535      ;
; 0.179 ; ID00001011_aipScopeNoMPU:ID00001011|ID00001011_scopeNoMPU_core:SCOPENOMPU_CORE|ID00001011_scopeNoMPU_datapath:SCOPENOMPU_DP|intpolFrac_core:INTPOLFRAC_CORE|intpolFrac_datapath:INTFRAC_DP|intpol2scope_core:INTPOL_CORE|intpol2scope_fsm:FSM1|w_addr_mem_out_out_reg[6]                                                        ; ID00001011_aipScopeNoMPU:ID00001011|ID00001011_scopeNoMPU_core:SCOPENOMPU_CORE|ID00001011_scopeNoMPU_datapath:SCOPENOMPU_DP|intpolFrac_core:INTPOLFRAC_CORE|intpolFrac_datapath:INTFRAC_DP|altsyncram:local_mem_rtl_0|altsyncram_e6h1:auto_generated|ram_block1a15~porta_address_reg0                                               ; clk          ; clk         ; 0.000        ; 0.219      ; 0.502      ;
; 0.179 ; ID00001011_aipScopeNoMPU:ID00001011|ID00001011_scopeNoMPU_core:SCOPENOMPU_CORE|ID00001011_scopeNoMPU_datapath:SCOPENOMPU_DP|ID00001012_scopeSignalMapper_core:MAPPERCORE|ID00001012_scopeSignalMapper_controlpath:SCOPEMAPPER_CP|rd_addr_local[4]                                                                               ; ID00001011_aipScopeNoMPU:ID00001011|ID00001011_scopeNoMPU_core:SCOPENOMPU_CORE|ID00001011_scopeNoMPU_datapath:SCOPENOMPU_DP|ID00001012_scopeSignalMapper_core:MAPPERCORE|ID00001012_scopeSignalMapper_datapath:SCOPEMAPPER_DP|altsyncram:dataNormalized_rtl_0|altsyncram_uvg1:auto_generated|ram_block1a6~portb_address_reg0        ; clk          ; clk         ; 0.000        ; 0.228      ; 0.511      ;
; 0.180 ; ID00001011_aipScopeNoMPU:ID00001011|ID00001011_scopeNoMPU_core:SCOPENOMPU_CORE|ID00001011_scopeNoMPU_datapath:SCOPENOMPU_DP|ID00001008_ILI9327Core:SCOPECORE|ID00001008_TxCmd:TxCmd|currStCmd.TX_PARAM_BYTE4                                                                                                                    ; ID00001011_aipScopeNoMPU:ID00001011|ID00001011_scopeNoMPU_core:SCOPENOMPU_CORE|ID00001011_scopeNoMPU_datapath:SCOPENOMPU_DP|ID00001008_ILI9327Core:SCOPECORE|ID00001008_TxCmd:TxCmd|currStCmd.TX_PARAM_BYTE4                                                                                                                        ; clk          ; clk         ; 0.000        ; 0.043      ; 0.307      ;
; 0.180 ; ID00001011_aipScopeNoMPU:ID00001011|ID00001011_scopeNoMPU_core:SCOPENOMPU_CORE|ID00001011_scopeNoMPU_datapath:SCOPENOMPU_DP|ID00001008_ILI9327Core:SCOPECORE|ID00001008_TxCmd:TxCmd|currStCmd.TX_PARAM_BYTE3                                                                                                                    ; ID00001011_aipScopeNoMPU:ID00001011|ID00001011_scopeNoMPU_core:SCOPENOMPU_CORE|ID00001011_scopeNoMPU_datapath:SCOPENOMPU_DP|ID00001008_ILI9327Core:SCOPECORE|ID00001008_TxCmd:TxCmd|currStCmd.TX_PARAM_BYTE3                                                                                                                        ; clk          ; clk         ; 0.000        ; 0.043      ; 0.307      ;
; 0.180 ; ID00001011_aipScopeNoMPU:ID00001011|ID00001011_scopeNoMPU_core:SCOPENOMPU_CORE|ID00001011_scopeNoMPU_datapath:SCOPENOMPU_DP|ID00001008_ILI9327Core:SCOPECORE|ID00001008_TxCmd:TxCmd|currStCmd.TX_PARAM_BYTE2                                                                                                                    ; ID00001011_aipScopeNoMPU:ID00001011|ID00001011_scopeNoMPU_core:SCOPENOMPU_CORE|ID00001011_scopeNoMPU_datapath:SCOPENOMPU_DP|ID00001008_ILI9327Core:SCOPECORE|ID00001008_TxCmd:TxCmd|currStCmd.TX_PARAM_BYTE2                                                                                                                        ; clk          ; clk         ; 0.000        ; 0.043      ; 0.307      ;
; 0.180 ; ID00001011_aipScopeNoMPU:ID00001011|ID00001011_scopeNoMPU_core:SCOPENOMPU_CORE|ID00001011_scopeNoMPU_datapath:SCOPENOMPU_DP|ID00001012_scopeSignalMapper_core:MAPPERCORE|ID00001012_scopeSignalMapper_controlpath:SCOPEMAPPER_CP|rd_addr_local[8]                                                                               ; ID00001011_aipScopeNoMPU:ID00001011|ID00001011_scopeNoMPU_core:SCOPENOMPU_CORE|ID00001011_scopeNoMPU_datapath:SCOPENOMPU_DP|ID00001012_scopeSignalMapper_core:MAPPERCORE|ID00001012_scopeSignalMapper_controlpath:SCOPEMAPPER_CP|rd_addr_local[8]                                                                                   ; clk          ; clk         ; 0.000        ; 0.043      ; 0.307      ;
; 0.180 ; ID00001011_aipScopeNoMPU:ID00001011|ID00001011_scopeNoMPU_core:SCOPENOMPU_CORE|ID00001011_scopeNoMPU_datapath:SCOPENOMPU_DP|ID0000100D_collector2scope_core:ID0000100D_COLLECTOR_CORE|ID0000100D_collector2scope_datapath:ID0000100D_DP|intpol2scope_core:COLLECT_INTPOL_CORE1|config_reg_0[0]                                  ; ID00001011_aipScopeNoMPU:ID00001011|ID00001011_scopeNoMPU_core:SCOPENOMPU_CORE|ID00001011_scopeNoMPU_datapath:SCOPENOMPU_DP|ID0000100D_collector2scope_core:ID0000100D_COLLECTOR_CORE|ID0000100D_collector2scope_datapath:ID0000100D_DP|intpol2scope_core:COLLECT_INTPOL_CORE1|config_reg_0[0]                                      ; clk          ; clk         ; 0.000        ; 0.043      ; 0.307      ;
; 0.180 ; ID00001011_aipScopeNoMPU:ID00001011|ID00001011_scopeNoMPU_core:SCOPENOMPU_CORE|ID00001011_scopeNoMPU_datapath:SCOPENOMPU_DP|ID0000100D_collector2scope_core:ID0000100D_COLLECTOR_CORE|ID0000100D_collector2scope_datapath:ID0000100D_DP|intpol2scope_core:COLLECT_INTPOL_CORE0|intpol2scope_fsm:FSM1|r_addr_mem_in_0_out_reg[1] ; ID00001011_aipScopeNoMPU:ID00001011|ID00001011_scopeNoMPU_core:SCOPENOMPU_CORE|ID00001011_scopeNoMPU_datapath:SCOPENOMPU_DP|ID0000100D_collector2scope_core:ID0000100D_COLLECTOR_CORE|ID0000100D_collector2scope_datapath:ID0000100D_DP|altsyncram:dataCollect_rtl_0|altsyncram_isg1:auto_generated|ram_block1a0~portb_address_reg0 ; clk          ; clk         ; 0.000        ; 0.210      ; 0.494      ;
; 0.180 ; ID00001011_aipScopeNoMPU:ID00001011|ID00001011_scopeNoMPU_core:SCOPENOMPU_CORE|ID00001011_scopeNoMPU_controlpath:SCOPENOMPU_CP|state_reg.WAITRST_DONE                                                                                                                                                                           ; ID00001011_aipScopeNoMPU:ID00001011|ID00001011_scopeNoMPU_core:SCOPENOMPU_CORE|ID00001011_scopeNoMPU_controlpath:SCOPENOMPU_CP|state_reg.WAITRST_DONE                                                                                                                                                                               ; clk          ; clk         ; 0.000        ; 0.043      ; 0.307      ;
; 0.180 ; ID00001011_aipScopeNoMPU:ID00001011|ID00001011_scopeNoMPU_core:SCOPENOMPU_CORE|ID00001011_scopeNoMPU_datapath:SCOPENOMPU_DP|ID00001012_scopeSignalMapper_core:MAPPERCORE|ID00001012_scopeSignalMapper_datapath:SCOPEMAPPER_DP|average:AVGR|dividerSig_core:DVD|dividerSig_controlpath:DCP|state_reg.COUNT                       ; ID00001011_aipScopeNoMPU:ID00001011|ID00001011_scopeNoMPU_core:SCOPENOMPU_CORE|ID00001011_scopeNoMPU_datapath:SCOPENOMPU_DP|ID00001012_scopeSignalMapper_core:MAPPERCORE|ID00001012_scopeSignalMapper_datapath:SCOPEMAPPER_DP|average:AVGR|dividerSig_core:DVD|dividerSig_controlpath:DCP|state_reg.COUNT                           ; clk          ; clk         ; 0.000        ; 0.043      ; 0.307      ;
; 0.180 ; ID00001011_aipScopeNoMPU:ID00001011|ID00001011_scopeNoMPU_core:SCOPENOMPU_CORE|ID00001011_scopeNoMPU_datapath:SCOPENOMPU_DP|ID00001012_scopeSignalMapper_core:MAPPERCORE|ID00001012_scopeSignalMapper_datapath:SCOPEMAPPER_DP|average:AVGR|dividerSig_core:DVD|dividerSig_controlpath:DCP|cnt[1]                                ; ID00001011_aipScopeNoMPU:ID00001011|ID00001011_scopeNoMPU_core:SCOPENOMPU_CORE|ID00001011_scopeNoMPU_datapath:SCOPENOMPU_DP|ID00001012_scopeSignalMapper_core:MAPPERCORE|ID00001012_scopeSignalMapper_datapath:SCOPEMAPPER_DP|average:AVGR|dividerSig_core:DVD|dividerSig_controlpath:DCP|cnt[1]                                    ; clk          ; clk         ; 0.000        ; 0.043      ; 0.307      ;
; 0.180 ; ID00001011_aipScopeNoMPU:ID00001011|ID00001011_scopeNoMPU_core:SCOPENOMPU_CORE|ID00001011_scopeNoMPU_datapath:SCOPENOMPU_DP|ID00001012_scopeSignalMapper_core:MAPPERCORE|ID00001012_scopeSignalMapper_datapath:SCOPEMAPPER_DP|average:AVGR|dividerSig_core:DVD|dividerSig_controlpath:DCP|cnt[2]                                ; ID00001011_aipScopeNoMPU:ID00001011|ID00001011_scopeNoMPU_core:SCOPENOMPU_CORE|ID00001011_scopeNoMPU_datapath:SCOPENOMPU_DP|ID00001012_scopeSignalMapper_core:MAPPERCORE|ID00001012_scopeSignalMapper_datapath:SCOPEMAPPER_DP|average:AVGR|dividerSig_core:DVD|dividerSig_controlpath:DCP|cnt[2]                                    ; clk          ; clk         ; 0.000        ; 0.043      ; 0.307      ;
; 0.180 ; ID00001011_aipScopeNoMPU:ID00001011|ID00001011_scopeNoMPU_core:SCOPENOMPU_CORE|ID00001011_scopeNoMPU_datapath:SCOPENOMPU_DP|ID00001012_scopeSignalMapper_core:MAPPERCORE|ID00001012_scopeSignalMapper_datapath:SCOPEMAPPER_DP|average:AVGR|dividerSig_core:DVD|dividerSig_controlpath:DCP|cnt[3]                                ; ID00001011_aipScopeNoMPU:ID00001011|ID00001011_scopeNoMPU_core:SCOPENOMPU_CORE|ID00001011_scopeNoMPU_datapath:SCOPENOMPU_DP|ID00001012_scopeSignalMapper_core:MAPPERCORE|ID00001012_scopeSignalMapper_datapath:SCOPEMAPPER_DP|average:AVGR|dividerSig_core:DVD|dividerSig_controlpath:DCP|cnt[3]                                    ; clk          ; clk         ; 0.000        ; 0.043      ; 0.307      ;
; 0.180 ; ID00001011_aipScopeNoMPU:ID00001011|ID00001011_scopeNoMPU_core:SCOPENOMPU_CORE|ID00001011_scopeNoMPU_datapath:SCOPENOMPU_DP|ID0000100D_collector2scope_core:ID0000100D_COLLECTOR_CORE|ID0000100D_collector2scope_datapath:ID0000100D_DP|intpol2scope_core:COLLECT_INTPOL_CORE0|config_reg_0[0]                                  ; ID00001011_aipScopeNoMPU:ID00001011|ID00001011_scopeNoMPU_core:SCOPENOMPU_CORE|ID00001011_scopeNoMPU_datapath:SCOPENOMPU_DP|ID0000100D_collector2scope_core:ID0000100D_COLLECTOR_CORE|ID0000100D_collector2scope_datapath:ID0000100D_DP|intpol2scope_core:COLLECT_INTPOL_CORE0|config_reg_0[0]                                      ; clk          ; clk         ; 0.000        ; 0.043      ; 0.307      ;
; 0.180 ; ID00001011_aipScopeNoMPU:ID00001011|ID00001011_scopeNoMPU_core:SCOPENOMPU_CORE|ID00001011_scopeNoMPU_datapath:SCOPENOMPU_DP|ID00001012_scopeSignalMapper_core:MAPPERCORE|ID00001012_scopeSignalMapper_controlpath:SCOPEMAPPER_CP|acc_on                                                                                         ; ID00001011_aipScopeNoMPU:ID00001011|ID00001011_scopeNoMPU_core:SCOPENOMPU_CORE|ID00001011_scopeNoMPU_datapath:SCOPENOMPU_DP|ID00001012_scopeSignalMapper_core:MAPPERCORE|ID00001012_scopeSignalMapper_controlpath:SCOPEMAPPER_CP|acc_on                                                                                             ; clk          ; clk         ; 0.000        ; 0.043      ; 0.307      ;
; 0.180 ; ID00001011_aipScopeNoMPU:ID00001011|ID00001011_scopeNoMPU_core:SCOPENOMPU_CORE|ID00001011_scopeNoMPU_datapath:SCOPENOMPU_DP|ID00001012_scopeSignalMapper_core:MAPPERCORE|ID00001012_scopeSignalMapper_controlpath:SCOPEMAPPER_CP|rd_addr[1]                                                                                     ; ID00001011_aipScopeNoMPU:ID00001011|ID00001011_scopeNoMPU_core:SCOPENOMPU_CORE|ID00001011_scopeNoMPU_datapath:SCOPENOMPU_DP|altsyncram:dataMultirateSaved_rtl_0|altsyncram_60h1:auto_generated|ram_block1a0~portb_address_reg0                                                                                                      ; clk          ; clk         ; 0.000        ; 0.225      ; 0.509      ;
; 0.180 ; ID00001011_aipScopeNoMPU:ID00001011|ID00001011_scopeNoMPU_core:SCOPENOMPU_CORE|ID00001011_scopeNoMPU_controlpath:SCOPENOMPU_CP|avgRound1Cmp                                                                                                                                                                                     ; ID00001011_aipScopeNoMPU:ID00001011|ID00001011_scopeNoMPU_core:SCOPENOMPU_CORE|ID00001011_scopeNoMPU_controlpath:SCOPENOMPU_CP|avgRound1Cmp                                                                                                                                                                                         ; clk          ; clk         ; 0.000        ; 0.043      ; 0.307      ;
; 0.181 ; ID00001011_aipScopeNoMPU:ID00001011|ID00001011_scopeNoMPU_core:SCOPENOMPU_CORE|ID00001011_scopeNoMPU_datapath:SCOPENOMPU_DP|regBitMem:RBM|data_out[1]                                                                                                                                                                           ; ID00001011_aipScopeNoMPU:ID00001011|ID00001011_scopeNoMPU_core:SCOPENOMPU_CORE|ID00001011_scopeNoMPU_datapath:SCOPENOMPU_DP|regBitMem:RBM|data_out[1]                                                                                                                                                                               ; clk          ; clk         ; 0.000        ; 0.042      ; 0.307      ;
; 0.181 ; ID00001011_aipScopeNoMPU:ID00001011|ID00001011_scopeNoMPU_core:SCOPENOMPU_CORE|ID00001011_scopeNoMPU_datapath:SCOPENOMPU_DP|regBitMem:RBM|data_out[3]                                                                                                                                                                           ; ID00001011_aipScopeNoMPU:ID00001011|ID00001011_scopeNoMPU_core:SCOPENOMPU_CORE|ID00001011_scopeNoMPU_datapath:SCOPENOMPU_DP|regBitMem:RBM|data_out[3]                                                                                                                                                                               ; clk          ; clk         ; 0.000        ; 0.042      ; 0.307      ;
; 0.181 ; ID00001011_aipScopeNoMPU:ID00001011|ID00001011_scopeNoMPU_core:SCOPENOMPU_CORE|ID00001011_scopeNoMPU_datapath:SCOPENOMPU_DP|regBitMem:RBM|data_out[11]                                                                                                                                                                          ; ID00001011_aipScopeNoMPU:ID00001011|ID00001011_scopeNoMPU_core:SCOPENOMPU_CORE|ID00001011_scopeNoMPU_datapath:SCOPENOMPU_DP|regBitMem:RBM|data_out[11]                                                                                                                                                                              ; clk          ; clk         ; 0.000        ; 0.042      ; 0.307      ;
; 0.181 ; ID00001011_aipScopeNoMPU:ID00001011|ID00001011_scopeNoMPU_core:SCOPENOMPU_CORE|ID00001011_scopeNoMPU_datapath:SCOPENOMPU_DP|regBitMem:RBM|data_out[17]                                                                                                                                                                          ; ID00001011_aipScopeNoMPU:ID00001011|ID00001011_scopeNoMPU_core:SCOPENOMPU_CORE|ID00001011_scopeNoMPU_datapath:SCOPENOMPU_DP|regBitMem:RBM|data_out[17]                                                                                                                                                                              ; clk          ; clk         ; 0.000        ; 0.042      ; 0.307      ;
; 0.181 ; ID00001011_aipScopeNoMPU:ID00001011|ID00001011_scopeNoMPU_core:SCOPENOMPU_CORE|ID00001011_scopeNoMPU_datapath:SCOPENOMPU_DP|regBitMem:RBM|data_out[13]                                                                                                                                                                          ; ID00001011_aipScopeNoMPU:ID00001011|ID00001011_scopeNoMPU_core:SCOPENOMPU_CORE|ID00001011_scopeNoMPU_datapath:SCOPENOMPU_DP|regBitMem:RBM|data_out[13]                                                                                                                                                                              ; clk          ; clk         ; 0.000        ; 0.042      ; 0.307      ;
+-------+---------------------------------------------------------------------------------------------------------------------------------------------------------------------------------------------------------------------------------------------------------------------------------------------------------------------------------+-------------------------------------------------------------------------------------------------------------------------------------------------------------------------------------------------------------------------------------------------------------------------------------------------------------------------------------+--------------+-------------+--------------+------------+------------+


+-----------------------------------------------------------------------------------------------------------------------------------------------------------------------------------------------------------------------------------------------------------------------------------------------------------------------------------------------------------------------------------------------------------------------+
; Fast 1200mV 0C Model Recovery: 'clk'                                                                                                                                                                                                                                                                                                                                                                                  ;
+--------+--------------------------------------------------------------------------------------------------------------------------------------------------------------------+-------------------------------------------------------------------------------------------------------------------------------------------------------------------+--------------+-------------+--------------+------------+------------+
; Slack  ; From Node                                                                                                                                                          ; To Node                                                                                                                                                           ; Launch Clock ; Latch Clock ; Relationship ; Clock Skew ; Data Delay ;
+--------+--------------------------------------------------------------------------------------------------------------------------------------------------------------------+-------------------------------------------------------------------------------------------------------------------------------------------------------------------+--------------+-------------+--------------+------------+------------+
; -1.280 ; ID00001011_aipScopeNoMPU:ID00001011|ID00001011_scopeNoMPU_core:SCOPENOMPU_CORE|ID00001011_scopeNoMPU_datapath:SCOPENOMPU_DP|ID0000204D_FFT_core:FFT_Inst|_245_[9]  ; ID00001011_aipScopeNoMPU:ID00001011|ID00001011_scopeNoMPU_core:SCOPENOMPU_CORE|ID00001011_scopeNoMPU_datapath:SCOPENOMPU_DP|ID0000204D_FFT_core:FFT_Inst|_047_[1] ; clk          ; clk         ; 1.000        ; -0.050     ; 2.217      ;
; -1.263 ; ID00001011_aipScopeNoMPU:ID00001011|ID00001011_scopeNoMPU_core:SCOPENOMPU_CORE|ID00001011_scopeNoMPU_datapath:SCOPENOMPU_DP|ID0000204D_FFT_core:FFT_Inst|_245_[9]  ; ID00001011_aipScopeNoMPU:ID00001011|ID00001011_scopeNoMPU_core:SCOPENOMPU_CORE|ID00001011_scopeNoMPU_datapath:SCOPENOMPU_DP|ID0000204D_FFT_core:FFT_Inst|_164_[2] ; clk          ; clk         ; 1.000        ; -0.051     ; 2.199      ;
; -1.188 ; ID00001011_aipScopeNoMPU:ID00001011|ID00001011_scopeNoMPU_core:SCOPENOMPU_CORE|ID00001011_scopeNoMPU_datapath:SCOPENOMPU_DP|ID0000204D_FFT_core:FFT_Inst|_245_[4]  ; ID00001011_aipScopeNoMPU:ID00001011|ID00001011_scopeNoMPU_core:SCOPENOMPU_CORE|ID00001011_scopeNoMPU_datapath:SCOPENOMPU_DP|ID0000204D_FFT_core:FFT_Inst|_047_[1] ; clk          ; clk         ; 1.000        ; -0.050     ; 2.125      ;
; -1.171 ; ID00001011_aipScopeNoMPU:ID00001011|ID00001011_scopeNoMPU_core:SCOPENOMPU_CORE|ID00001011_scopeNoMPU_datapath:SCOPENOMPU_DP|ID0000204D_FFT_core:FFT_Inst|_245_[4]  ; ID00001011_aipScopeNoMPU:ID00001011|ID00001011_scopeNoMPU_core:SCOPENOMPU_CORE|ID00001011_scopeNoMPU_datapath:SCOPENOMPU_DP|ID0000204D_FFT_core:FFT_Inst|_164_[2] ; clk          ; clk         ; 1.000        ; -0.051     ; 2.107      ;
; -1.146 ; ID00001011_aipScopeNoMPU:ID00001011|ID00001011_scopeNoMPU_core:SCOPENOMPU_CORE|ID00001011_scopeNoMPU_datapath:SCOPENOMPU_DP|ID0000204D_FFT_core:FFT_Inst|_245_[0]  ; ID00001011_aipScopeNoMPU:ID00001011|ID00001011_scopeNoMPU_core:SCOPENOMPU_CORE|ID00001011_scopeNoMPU_datapath:SCOPENOMPU_DP|ID0000204D_FFT_core:FFT_Inst|_047_[1] ; clk          ; clk         ; 1.000        ; -0.050     ; 2.083      ;
; -1.137 ; ID00001011_aipScopeNoMPU:ID00001011|ID00001011_scopeNoMPU_core:SCOPENOMPU_CORE|ID00001011_scopeNoMPU_datapath:SCOPENOMPU_DP|ID0000204D_FFT_core:FFT_Inst|_245_[12] ; ID00001011_aipScopeNoMPU:ID00001011|ID00001011_scopeNoMPU_core:SCOPENOMPU_CORE|ID00001011_scopeNoMPU_datapath:SCOPENOMPU_DP|ID0000204D_FFT_core:FFT_Inst|_047_[1] ; clk          ; clk         ; 1.000        ; -0.044     ; 2.080      ;
; -1.135 ; ID00001011_aipScopeNoMPU:ID00001011|ID00001011_scopeNoMPU_core:SCOPENOMPU_CORE|ID00001011_scopeNoMPU_datapath:SCOPENOMPU_DP|ID0000204D_FFT_core:FFT_Inst|_245_[7]  ; ID00001011_aipScopeNoMPU:ID00001011|ID00001011_scopeNoMPU_core:SCOPENOMPU_CORE|ID00001011_scopeNoMPU_datapath:SCOPENOMPU_DP|ID0000204D_FFT_core:FFT_Inst|_047_[1] ; clk          ; clk         ; 1.000        ; -0.050     ; 2.072      ;
; -1.129 ; ID00001011_aipScopeNoMPU:ID00001011|ID00001011_scopeNoMPU_core:SCOPENOMPU_CORE|ID00001011_scopeNoMPU_datapath:SCOPENOMPU_DP|ID0000204D_FFT_core:FFT_Inst|_245_[0]  ; ID00001011_aipScopeNoMPU:ID00001011|ID00001011_scopeNoMPU_core:SCOPENOMPU_CORE|ID00001011_scopeNoMPU_datapath:SCOPENOMPU_DP|ID0000204D_FFT_core:FFT_Inst|_164_[2] ; clk          ; clk         ; 1.000        ; -0.051     ; 2.065      ;
; -1.129 ; ID00001011_aipScopeNoMPU:ID00001011|ID00001011_scopeNoMPU_core:SCOPENOMPU_CORE|ID00001011_scopeNoMPU_datapath:SCOPENOMPU_DP|ID0000204D_FFT_core:FFT_Inst|_245_[6]  ; ID00001011_aipScopeNoMPU:ID00001011|ID00001011_scopeNoMPU_core:SCOPENOMPU_CORE|ID00001011_scopeNoMPU_datapath:SCOPENOMPU_DP|ID0000204D_FFT_core:FFT_Inst|_047_[1] ; clk          ; clk         ; 1.000        ; -0.050     ; 2.066      ;
; -1.118 ; ID00001011_aipScopeNoMPU:ID00001011|ID00001011_scopeNoMPU_core:SCOPENOMPU_CORE|ID00001011_scopeNoMPU_datapath:SCOPENOMPU_DP|ID0000204D_FFT_core:FFT_Inst|_245_[7]  ; ID00001011_aipScopeNoMPU:ID00001011|ID00001011_scopeNoMPU_core:SCOPENOMPU_CORE|ID00001011_scopeNoMPU_datapath:SCOPENOMPU_DP|ID0000204D_FFT_core:FFT_Inst|_164_[2] ; clk          ; clk         ; 1.000        ; -0.051     ; 2.054      ;
; -1.112 ; ID00001011_aipScopeNoMPU:ID00001011|ID00001011_scopeNoMPU_core:SCOPENOMPU_CORE|ID00001011_scopeNoMPU_datapath:SCOPENOMPU_DP|ID0000204D_FFT_core:FFT_Inst|_245_[24] ; ID00001011_aipScopeNoMPU:ID00001011|ID00001011_scopeNoMPU_core:SCOPENOMPU_CORE|ID00001011_scopeNoMPU_datapath:SCOPENOMPU_DP|ID0000204D_FFT_core:FFT_Inst|_047_[1] ; clk          ; clk         ; 1.000        ; -0.044     ; 2.055      ;
; -1.112 ; ID00001011_aipScopeNoMPU:ID00001011|ID00001011_scopeNoMPU_core:SCOPENOMPU_CORE|ID00001011_scopeNoMPU_datapath:SCOPENOMPU_DP|ID0000204D_FFT_core:FFT_Inst|_245_[6]  ; ID00001011_aipScopeNoMPU:ID00001011|ID00001011_scopeNoMPU_core:SCOPENOMPU_CORE|ID00001011_scopeNoMPU_datapath:SCOPENOMPU_DP|ID0000204D_FFT_core:FFT_Inst|_164_[2] ; clk          ; clk         ; 1.000        ; -0.051     ; 2.048      ;
; -1.111 ; ID00001011_aipScopeNoMPU:ID00001011|ID00001011_scopeNoMPU_core:SCOPENOMPU_CORE|ID00001011_scopeNoMPU_datapath:SCOPENOMPU_DP|ID0000204D_FFT_core:FFT_Inst|_245_[12] ; ID00001011_aipScopeNoMPU:ID00001011|ID00001011_scopeNoMPU_core:SCOPENOMPU_CORE|ID00001011_scopeNoMPU_datapath:SCOPENOMPU_DP|ID0000204D_FFT_core:FFT_Inst|_164_[2] ; clk          ; clk         ; 1.000        ; -0.045     ; 2.053      ;
; -1.110 ; ID00001011_aipScopeNoMPU:ID00001011|ID00001011_scopeNoMPU_core:SCOPENOMPU_CORE|ID00001011_scopeNoMPU_datapath:SCOPENOMPU_DP|ID0000204D_FFT_core:FFT_Inst|_245_[9]  ; ID00001011_aipScopeNoMPU:ID00001011|ID00001011_scopeNoMPU_core:SCOPENOMPU_CORE|ID00001011_scopeNoMPU_datapath:SCOPENOMPU_DP|ID0000204D_FFT_core:FFT_Inst|_082_[0] ; clk          ; clk         ; 1.000        ; 0.132      ; 2.229      ;
; -1.104 ; ID00001011_aipScopeNoMPU:ID00001011|ID00001011_scopeNoMPU_core:SCOPENOMPU_CORE|ID00001011_scopeNoMPU_datapath:SCOPENOMPU_DP|ID0000204D_FFT_core:FFT_Inst|_245_[3]  ; ID00001011_aipScopeNoMPU:ID00001011|ID00001011_scopeNoMPU_core:SCOPENOMPU_CORE|ID00001011_scopeNoMPU_datapath:SCOPENOMPU_DP|ID0000204D_FFT_core:FFT_Inst|_047_[1] ; clk          ; clk         ; 1.000        ; -0.050     ; 2.041      ;
; -1.095 ; ID00001011_aipScopeNoMPU:ID00001011|ID00001011_scopeNoMPU_core:SCOPENOMPU_CORE|ID00001011_scopeNoMPU_datapath:SCOPENOMPU_DP|ID0000204D_FFT_core:FFT_Inst|_245_[24] ; ID00001011_aipScopeNoMPU:ID00001011|ID00001011_scopeNoMPU_core:SCOPENOMPU_CORE|ID00001011_scopeNoMPU_datapath:SCOPENOMPU_DP|ID0000204D_FFT_core:FFT_Inst|_164_[2] ; clk          ; clk         ; 1.000        ; -0.045     ; 2.037      ;
; -1.094 ; ID00001011_aipScopeNoMPU:ID00001011|ID00001011_scopeNoMPU_core:SCOPENOMPU_CORE|ID00001011_scopeNoMPU_datapath:SCOPENOMPU_DP|ID0000204D_FFT_core:FFT_Inst|_245_[9]  ; ID00001011_aipScopeNoMPU:ID00001011|ID00001011_scopeNoMPU_core:SCOPENOMPU_CORE|ID00001011_scopeNoMPU_datapath:SCOPENOMPU_DP|ID0000204D_FFT_core:FFT_Inst|_082_[6] ; clk          ; clk         ; 1.000        ; 0.148      ; 2.229      ;
; -1.094 ; ID00001011_aipScopeNoMPU:ID00001011|ID00001011_scopeNoMPU_core:SCOPENOMPU_CORE|ID00001011_scopeNoMPU_datapath:SCOPENOMPU_DP|ID0000204D_FFT_core:FFT_Inst|_245_[9]  ; ID00001011_aipScopeNoMPU:ID00001011|ID00001011_scopeNoMPU_core:SCOPENOMPU_CORE|ID00001011_scopeNoMPU_datapath:SCOPENOMPU_DP|ID0000204D_FFT_core:FFT_Inst|_082_[5] ; clk          ; clk         ; 1.000        ; 0.148      ; 2.229      ;
; -1.094 ; ID00001011_aipScopeNoMPU:ID00001011|ID00001011_scopeNoMPU_core:SCOPENOMPU_CORE|ID00001011_scopeNoMPU_datapath:SCOPENOMPU_DP|ID0000204D_FFT_core:FFT_Inst|_245_[9]  ; ID00001011_aipScopeNoMPU:ID00001011|ID00001011_scopeNoMPU_core:SCOPENOMPU_CORE|ID00001011_scopeNoMPU_datapath:SCOPENOMPU_DP|ID0000204D_FFT_core:FFT_Inst|_082_[4] ; clk          ; clk         ; 1.000        ; 0.148      ; 2.229      ;
; -1.094 ; ID00001011_aipScopeNoMPU:ID00001011|ID00001011_scopeNoMPU_core:SCOPENOMPU_CORE|ID00001011_scopeNoMPU_datapath:SCOPENOMPU_DP|ID0000204D_FFT_core:FFT_Inst|_245_[9]  ; ID00001011_aipScopeNoMPU:ID00001011|ID00001011_scopeNoMPU_core:SCOPENOMPU_CORE|ID00001011_scopeNoMPU_datapath:SCOPENOMPU_DP|ID0000204D_FFT_core:FFT_Inst|_082_[3] ; clk          ; clk         ; 1.000        ; 0.148      ; 2.229      ;
; -1.094 ; ID00001011_aipScopeNoMPU:ID00001011|ID00001011_scopeNoMPU_core:SCOPENOMPU_CORE|ID00001011_scopeNoMPU_datapath:SCOPENOMPU_DP|ID0000204D_FFT_core:FFT_Inst|_245_[9]  ; ID00001011_aipScopeNoMPU:ID00001011|ID00001011_scopeNoMPU_core:SCOPENOMPU_CORE|ID00001011_scopeNoMPU_datapath:SCOPENOMPU_DP|ID0000204D_FFT_core:FFT_Inst|_082_[2] ; clk          ; clk         ; 1.000        ; 0.148      ; 2.229      ;
; -1.094 ; ID00001011_aipScopeNoMPU:ID00001011|ID00001011_scopeNoMPU_core:SCOPENOMPU_CORE|ID00001011_scopeNoMPU_datapath:SCOPENOMPU_DP|ID0000204D_FFT_core:FFT_Inst|_245_[9]  ; ID00001011_aipScopeNoMPU:ID00001011|ID00001011_scopeNoMPU_core:SCOPENOMPU_CORE|ID00001011_scopeNoMPU_datapath:SCOPENOMPU_DP|ID0000204D_FFT_core:FFT_Inst|_082_[1] ; clk          ; clk         ; 1.000        ; 0.148      ; 2.229      ;
; -1.087 ; ID00001011_aipScopeNoMPU:ID00001011|ID00001011_scopeNoMPU_core:SCOPENOMPU_CORE|ID00001011_scopeNoMPU_datapath:SCOPENOMPU_DP|ID0000204D_FFT_core:FFT_Inst|_245_[3]  ; ID00001011_aipScopeNoMPU:ID00001011|ID00001011_scopeNoMPU_core:SCOPENOMPU_CORE|ID00001011_scopeNoMPU_datapath:SCOPENOMPU_DP|ID0000204D_FFT_core:FFT_Inst|_164_[2] ; clk          ; clk         ; 1.000        ; -0.051     ; 2.023      ;
; -1.085 ; ID00001011_aipScopeNoMPU:ID00001011|ID00001011_scopeNoMPU_core:SCOPENOMPU_CORE|ID00001011_scopeNoMPU_datapath:SCOPENOMPU_DP|ID0000204D_FFT_core:FFT_Inst|_245_[9]  ; ID00001011_aipScopeNoMPU:ID00001011|ID00001011_scopeNoMPU_core:SCOPENOMPU_CORE|ID00001011_scopeNoMPU_datapath:SCOPENOMPU_DP|ID0000204D_FFT_core:FFT_Inst|_047_[6] ; clk          ; clk         ; 1.000        ; 0.145      ; 2.217      ;
; -1.085 ; ID00001011_aipScopeNoMPU:ID00001011|ID00001011_scopeNoMPU_core:SCOPENOMPU_CORE|ID00001011_scopeNoMPU_datapath:SCOPENOMPU_DP|ID0000204D_FFT_core:FFT_Inst|_245_[9]  ; ID00001011_aipScopeNoMPU:ID00001011|ID00001011_scopeNoMPU_core:SCOPENOMPU_CORE|ID00001011_scopeNoMPU_datapath:SCOPENOMPU_DP|ID0000204D_FFT_core:FFT_Inst|_047_[5] ; clk          ; clk         ; 1.000        ; 0.145      ; 2.217      ;
; -1.085 ; ID00001011_aipScopeNoMPU:ID00001011|ID00001011_scopeNoMPU_core:SCOPENOMPU_CORE|ID00001011_scopeNoMPU_datapath:SCOPENOMPU_DP|ID0000204D_FFT_core:FFT_Inst|_245_[9]  ; ID00001011_aipScopeNoMPU:ID00001011|ID00001011_scopeNoMPU_core:SCOPENOMPU_CORE|ID00001011_scopeNoMPU_datapath:SCOPENOMPU_DP|ID0000204D_FFT_core:FFT_Inst|_047_[4] ; clk          ; clk         ; 1.000        ; 0.145      ; 2.217      ;
; -1.085 ; ID00001011_aipScopeNoMPU:ID00001011|ID00001011_scopeNoMPU_core:SCOPENOMPU_CORE|ID00001011_scopeNoMPU_datapath:SCOPENOMPU_DP|ID0000204D_FFT_core:FFT_Inst|_245_[9]  ; ID00001011_aipScopeNoMPU:ID00001011|ID00001011_scopeNoMPU_core:SCOPENOMPU_CORE|ID00001011_scopeNoMPU_datapath:SCOPENOMPU_DP|ID0000204D_FFT_core:FFT_Inst|_047_[3] ; clk          ; clk         ; 1.000        ; 0.145      ; 2.217      ;
; -1.085 ; ID00001011_aipScopeNoMPU:ID00001011|ID00001011_scopeNoMPU_core:SCOPENOMPU_CORE|ID00001011_scopeNoMPU_datapath:SCOPENOMPU_DP|ID0000204D_FFT_core:FFT_Inst|_245_[9]  ; ID00001011_aipScopeNoMPU:ID00001011|ID00001011_scopeNoMPU_core:SCOPENOMPU_CORE|ID00001011_scopeNoMPU_datapath:SCOPENOMPU_DP|ID0000204D_FFT_core:FFT_Inst|_047_[2] ; clk          ; clk         ; 1.000        ; 0.145      ; 2.217      ;
; -1.085 ; ID00001011_aipScopeNoMPU:ID00001011|ID00001011_scopeNoMPU_core:SCOPENOMPU_CORE|ID00001011_scopeNoMPU_datapath:SCOPENOMPU_DP|ID0000204D_FFT_core:FFT_Inst|_245_[9]  ; ID00001011_aipScopeNoMPU:ID00001011|ID00001011_scopeNoMPU_core:SCOPENOMPU_CORE|ID00001011_scopeNoMPU_datapath:SCOPENOMPU_DP|ID0000204D_FFT_core:FFT_Inst|_047_[0] ; clk          ; clk         ; 1.000        ; 0.145      ; 2.217      ;
; -1.085 ; ID00001011_aipScopeNoMPU:ID00001011|ID00001011_scopeNoMPU_core:SCOPENOMPU_CORE|ID00001011_scopeNoMPU_datapath:SCOPENOMPU_DP|ID0000204D_FFT_core:FFT_Inst|_245_[9]  ; ID00001011_aipScopeNoMPU:ID00001011|ID00001011_scopeNoMPU_core:SCOPENOMPU_CORE|ID00001011_scopeNoMPU_datapath:SCOPENOMPU_DP|ID0000204D_FFT_core:FFT_Inst|_071_    ; clk          ; clk         ; 1.000        ; 0.145      ; 2.217      ;
; -1.085 ; ID00001011_aipScopeNoMPU:ID00001011|ID00001011_scopeNoMPU_core:SCOPENOMPU_CORE|ID00001011_scopeNoMPU_datapath:SCOPENOMPU_DP|ID0000204D_FFT_core:FFT_Inst|_245_[9]  ; ID00001011_aipScopeNoMPU:ID00001011|ID00001011_scopeNoMPU_core:SCOPENOMPU_CORE|ID00001011_scopeNoMPU_datapath:SCOPENOMPU_DP|ID0000204D_FFT_core:FFT_Inst|_069_[1] ; clk          ; clk         ; 1.000        ; 0.145      ; 2.217      ;
; -1.083 ; ID00001011_aipScopeNoMPU:ID00001011|ID00001011_scopeNoMPU_core:SCOPENOMPU_CORE|ID00001011_scopeNoMPU_datapath:SCOPENOMPU_DP|ID0000204D_FFT_core:FFT_Inst|_245_[5]  ; ID00001011_aipScopeNoMPU:ID00001011|ID00001011_scopeNoMPU_core:SCOPENOMPU_CORE|ID00001011_scopeNoMPU_datapath:SCOPENOMPU_DP|ID0000204D_FFT_core:FFT_Inst|_047_[1] ; clk          ; clk         ; 1.000        ; -0.050     ; 2.020      ;
; -1.080 ; ID00001011_aipScopeNoMPU:ID00001011|ID00001011_scopeNoMPU_core:SCOPENOMPU_CORE|ID00001011_scopeNoMPU_datapath:SCOPENOMPU_DP|ID0000204D_FFT_core:FFT_Inst|_245_[9]  ; ID00001011_aipScopeNoMPU:ID00001011|ID00001011_scopeNoMPU_core:SCOPENOMPU_CORE|ID00001011_scopeNoMPU_datapath:SCOPENOMPU_DP|ID0000204D_FFT_core:FFT_Inst|_182_    ; clk          ; clk         ; 1.000        ; 0.142      ; 2.209      ;
; -1.080 ; ID00001011_aipScopeNoMPU:ID00001011|ID00001011_scopeNoMPU_core:SCOPENOMPU_CORE|ID00001011_scopeNoMPU_datapath:SCOPENOMPU_DP|ID0000204D_FFT_core:FFT_Inst|_245_[9]  ; ID00001011_aipScopeNoMPU:ID00001011|ID00001011_scopeNoMPU_core:SCOPENOMPU_CORE|ID00001011_scopeNoMPU_datapath:SCOPENOMPU_DP|ID0000204D_FFT_core:FFT_Inst|_181_    ; clk          ; clk         ; 1.000        ; 0.142      ; 2.209      ;
; -1.080 ; ID00001011_aipScopeNoMPU:ID00001011|ID00001011_scopeNoMPU_core:SCOPENOMPU_CORE|ID00001011_scopeNoMPU_datapath:SCOPENOMPU_DP|ID0000204D_FFT_core:FFT_Inst|_245_[9]  ; ID00001011_aipScopeNoMPU:ID00001011|ID00001011_scopeNoMPU_core:SCOPENOMPU_CORE|ID00001011_scopeNoMPU_datapath:SCOPENOMPU_DP|ID0000204D_FFT_core:FFT_Inst|_183_    ; clk          ; clk         ; 1.000        ; 0.142      ; 2.209      ;
; -1.080 ; ID00001011_aipScopeNoMPU:ID00001011|ID00001011_scopeNoMPU_core:SCOPENOMPU_CORE|ID00001011_scopeNoMPU_datapath:SCOPENOMPU_DP|ID0000204D_FFT_core:FFT_Inst|_245_[9]  ; ID00001011_aipScopeNoMPU:ID00001011|ID00001011_scopeNoMPU_core:SCOPENOMPU_CORE|ID00001011_scopeNoMPU_datapath:SCOPENOMPU_DP|ID0000204D_FFT_core:FFT_Inst|_166_[1] ; clk          ; clk         ; 1.000        ; 0.142      ; 2.209      ;
; -1.080 ; ID00001011_aipScopeNoMPU:ID00001011|ID00001011_scopeNoMPU_core:SCOPENOMPU_CORE|ID00001011_scopeNoMPU_datapath:SCOPENOMPU_DP|ID0000204D_FFT_core:FFT_Inst|_245_[17] ; ID00001011_aipScopeNoMPU:ID00001011|ID00001011_scopeNoMPU_core:SCOPENOMPU_CORE|ID00001011_scopeNoMPU_datapath:SCOPENOMPU_DP|ID0000204D_FFT_core:FFT_Inst|_047_[1] ; clk          ; clk         ; 1.000        ; -0.044     ; 2.023      ;
; -1.079 ; ID00001011_aipScopeNoMPU:ID00001011|ID00001011_scopeNoMPU_core:SCOPENOMPU_CORE|ID00001011_scopeNoMPU_datapath:SCOPENOMPU_DP|ID0000204D_FFT_core:FFT_Inst|_245_[9]  ; ID00001011_aipScopeNoMPU:ID00001011|ID00001011_scopeNoMPU_core:SCOPENOMPU_CORE|ID00001011_scopeNoMPU_datapath:SCOPENOMPU_DP|ID0000204D_FFT_core:FFT_Inst|_164_[0] ; clk          ; clk         ; 1.000        ; 0.126      ; 2.192      ;
; -1.075 ; ID00001011_aipScopeNoMPU:ID00001011|ID00001011_scopeNoMPU_core:SCOPENOMPU_CORE|ID00001011_scopeNoMPU_datapath:SCOPENOMPU_DP|ID0000204D_FFT_core:FFT_Inst|_245_[9]  ; ID00001011_aipScopeNoMPU:ID00001011|ID00001011_scopeNoMPU_core:SCOPENOMPU_CORE|ID00001011_scopeNoMPU_datapath:SCOPENOMPU_DP|ID0000204D_FFT_core:FFT_Inst|_165_[1] ; clk          ; clk         ; 1.000        ; 0.152      ; 2.214      ;
; -1.075 ; ID00001011_aipScopeNoMPU:ID00001011|ID00001011_scopeNoMPU_core:SCOPENOMPU_CORE|ID00001011_scopeNoMPU_datapath:SCOPENOMPU_DP|ID0000204D_FFT_core:FFT_Inst|_245_[9]  ; ID00001011_aipScopeNoMPU:ID00001011|ID00001011_scopeNoMPU_core:SCOPENOMPU_CORE|ID00001011_scopeNoMPU_datapath:SCOPENOMPU_DP|ID0000204D_FFT_core:FFT_Inst|_165_[3] ; clk          ; clk         ; 1.000        ; 0.152      ; 2.214      ;
; -1.075 ; ID00001011_aipScopeNoMPU:ID00001011|ID00001011_scopeNoMPU_core:SCOPENOMPU_CORE|ID00001011_scopeNoMPU_datapath:SCOPENOMPU_DP|ID0000204D_FFT_core:FFT_Inst|_245_[9]  ; ID00001011_aipScopeNoMPU:ID00001011|ID00001011_scopeNoMPU_core:SCOPENOMPU_CORE|ID00001011_scopeNoMPU_datapath:SCOPENOMPU_DP|ID0000204D_FFT_core:FFT_Inst|_165_[7] ; clk          ; clk         ; 1.000        ; 0.152      ; 2.214      ;
; -1.073 ; ID00001011_aipScopeNoMPU:ID00001011|ID00001011_scopeNoMPU_core:SCOPENOMPU_CORE|ID00001011_scopeNoMPU_datapath:SCOPENOMPU_DP|ID0000204D_FFT_core:FFT_Inst|_245_[34] ; ID00001011_aipScopeNoMPU:ID00001011|ID00001011_scopeNoMPU_core:SCOPENOMPU_CORE|ID00001011_scopeNoMPU_datapath:SCOPENOMPU_DP|ID0000204D_FFT_core:FFT_Inst|_047_[1] ; clk          ; clk         ; 1.000        ; -0.043     ; 2.017      ;
; -1.068 ; ID00001011_aipScopeNoMPU:ID00001011|ID00001011_scopeNoMPU_core:SCOPENOMPU_CORE|ID00001011_scopeNoMPU_datapath:SCOPENOMPU_DP|ID0000204D_FFT_core:FFT_Inst|_245_[9]  ; ID00001011_aipScopeNoMPU:ID00001011|ID00001011_scopeNoMPU_core:SCOPENOMPU_CORE|ID00001011_scopeNoMPU_datapath:SCOPENOMPU_DP|ID0000204D_FFT_core:FFT_Inst|_164_[1] ; clk          ; clk         ; 1.000        ; 0.144      ; 2.199      ;
; -1.068 ; ID00001011_aipScopeNoMPU:ID00001011|ID00001011_scopeNoMPU_core:SCOPENOMPU_CORE|ID00001011_scopeNoMPU_datapath:SCOPENOMPU_DP|ID0000204D_FFT_core:FFT_Inst|_245_[18] ; ID00001011_aipScopeNoMPU:ID00001011|ID00001011_scopeNoMPU_core:SCOPENOMPU_CORE|ID00001011_scopeNoMPU_datapath:SCOPENOMPU_DP|ID0000204D_FFT_core:FFT_Inst|_047_[1] ; clk          ; clk         ; 1.000        ; -0.044     ; 2.011      ;
; -1.066 ; ID00001011_aipScopeNoMPU:ID00001011|ID00001011_scopeNoMPU_core:SCOPENOMPU_CORE|ID00001011_scopeNoMPU_datapath:SCOPENOMPU_DP|ID0000204D_FFT_core:FFT_Inst|_245_[5]  ; ID00001011_aipScopeNoMPU:ID00001011|ID00001011_scopeNoMPU_core:SCOPENOMPU_CORE|ID00001011_scopeNoMPU_datapath:SCOPENOMPU_DP|ID0000204D_FFT_core:FFT_Inst|_164_[2] ; clk          ; clk         ; 1.000        ; -0.051     ; 2.002      ;
; -1.063 ; ID00001011_aipScopeNoMPU:ID00001011|ID00001011_scopeNoMPU_core:SCOPENOMPU_CORE|ID00001011_scopeNoMPU_datapath:SCOPENOMPU_DP|ID0000204D_FFT_core:FFT_Inst|_245_[17] ; ID00001011_aipScopeNoMPU:ID00001011|ID00001011_scopeNoMPU_core:SCOPENOMPU_CORE|ID00001011_scopeNoMPU_datapath:SCOPENOMPU_DP|ID0000204D_FFT_core:FFT_Inst|_164_[2] ; clk          ; clk         ; 1.000        ; -0.045     ; 2.005      ;
; -1.054 ; ID00001011_aipScopeNoMPU:ID00001011|ID00001011_scopeNoMPU_core:SCOPENOMPU_CORE|ID00001011_scopeNoMPU_datapath:SCOPENOMPU_DP|ID0000204D_FFT_core:FFT_Inst|_245_[9]  ; ID00001011_aipScopeNoMPU:ID00001011|ID00001011_scopeNoMPU_core:SCOPENOMPU_CORE|ID00001011_scopeNoMPU_datapath:SCOPENOMPU_DP|ID0000204D_FFT_core:FFT_Inst|_166_[2] ; clk          ; clk         ; 1.000        ; 0.151      ; 2.192      ;
; -1.054 ; ID00001011_aipScopeNoMPU:ID00001011|ID00001011_scopeNoMPU_core:SCOPENOMPU_CORE|ID00001011_scopeNoMPU_datapath:SCOPENOMPU_DP|ID0000204D_FFT_core:FFT_Inst|_245_[9]  ; ID00001011_aipScopeNoMPU:ID00001011|ID00001011_scopeNoMPU_core:SCOPENOMPU_CORE|ID00001011_scopeNoMPU_datapath:SCOPENOMPU_DP|ID0000204D_FFT_core:FFT_Inst|_165_[0] ; clk          ; clk         ; 1.000        ; 0.151      ; 2.192      ;
; -1.051 ; ID00001011_aipScopeNoMPU:ID00001011|ID00001011_scopeNoMPU_core:SCOPENOMPU_CORE|ID00001011_scopeNoMPU_datapath:SCOPENOMPU_DP|ID0000204D_FFT_core:FFT_Inst|_245_[18] ; ID00001011_aipScopeNoMPU:ID00001011|ID00001011_scopeNoMPU_core:SCOPENOMPU_CORE|ID00001011_scopeNoMPU_datapath:SCOPENOMPU_DP|ID0000204D_FFT_core:FFT_Inst|_164_[2] ; clk          ; clk         ; 1.000        ; -0.045     ; 1.993      ;
; -1.047 ; ID00001011_aipScopeNoMPU:ID00001011|ID00001011_scopeNoMPU_core:SCOPENOMPU_CORE|ID00001011_scopeNoMPU_datapath:SCOPENOMPU_DP|ID0000204D_FFT_core:FFT_Inst|_245_[34] ; ID00001011_aipScopeNoMPU:ID00001011|ID00001011_scopeNoMPU_core:SCOPENOMPU_CORE|ID00001011_scopeNoMPU_datapath:SCOPENOMPU_DP|ID0000204D_FFT_core:FFT_Inst|_164_[2] ; clk          ; clk         ; 1.000        ; -0.044     ; 1.990      ;
; -1.033 ; ID00001011_aipScopeNoMPU:ID00001011|ID00001011_scopeNoMPU_core:SCOPENOMPU_CORE|ID00001011_scopeNoMPU_datapath:SCOPENOMPU_DP|ID0000204D_FFT_core:FFT_Inst|_245_[10] ; ID00001011_aipScopeNoMPU:ID00001011|ID00001011_scopeNoMPU_core:SCOPENOMPU_CORE|ID00001011_scopeNoMPU_datapath:SCOPENOMPU_DP|ID0000204D_FFT_core:FFT_Inst|_047_[1] ; clk          ; clk         ; 1.000        ; -0.044     ; 1.976      ;
; -1.023 ; ID00001011_aipScopeNoMPU:ID00001011|ID00001011_scopeNoMPU_core:SCOPENOMPU_CORE|ID00001011_scopeNoMPU_datapath:SCOPENOMPU_DP|ID0000204D_FFT_core:FFT_Inst|_245_[1]  ; ID00001011_aipScopeNoMPU:ID00001011|ID00001011_scopeNoMPU_core:SCOPENOMPU_CORE|ID00001011_scopeNoMPU_datapath:SCOPENOMPU_DP|ID0000204D_FFT_core:FFT_Inst|_047_[1] ; clk          ; clk         ; 1.000        ; -0.050     ; 1.960      ;
; -1.023 ; ID00001011_aipScopeNoMPU:ID00001011|ID00001011_scopeNoMPU_core:SCOPENOMPU_CORE|ID00001011_scopeNoMPU_datapath:SCOPENOMPU_DP|ID0000204D_FFT_core:FFT_Inst|_245_[19] ; ID00001011_aipScopeNoMPU:ID00001011|ID00001011_scopeNoMPU_core:SCOPENOMPU_CORE|ID00001011_scopeNoMPU_datapath:SCOPENOMPU_DP|ID0000204D_FFT_core:FFT_Inst|_047_[1] ; clk          ; clk         ; 1.000        ; -0.044     ; 1.966      ;
; -1.022 ; ID00001011_aipScopeNoMPU:ID00001011|ID00001011_scopeNoMPU_core:SCOPENOMPU_CORE|ID00001011_scopeNoMPU_datapath:SCOPENOMPU_DP|ID0000204D_FFT_core:FFT_Inst|_245_[32] ; ID00001011_aipScopeNoMPU:ID00001011|ID00001011_scopeNoMPU_core:SCOPENOMPU_CORE|ID00001011_scopeNoMPU_datapath:SCOPENOMPU_DP|ID0000204D_FFT_core:FFT_Inst|_047_[1] ; clk          ; clk         ; 1.000        ; -0.043     ; 1.966      ;
; -1.018 ; ID00001011_aipScopeNoMPU:ID00001011|ID00001011_scopeNoMPU_core:SCOPENOMPU_CORE|ID00001011_scopeNoMPU_datapath:SCOPENOMPU_DP|ID0000204D_FFT_core:FFT_Inst|_245_[4]  ; ID00001011_aipScopeNoMPU:ID00001011|ID00001011_scopeNoMPU_core:SCOPENOMPU_CORE|ID00001011_scopeNoMPU_datapath:SCOPENOMPU_DP|ID0000204D_FFT_core:FFT_Inst|_082_[0] ; clk          ; clk         ; 1.000        ; 0.132      ; 2.137      ;
; -1.007 ; ID00001011_aipScopeNoMPU:ID00001011|ID00001011_scopeNoMPU_core:SCOPENOMPU_CORE|ID00001011_scopeNoMPU_datapath:SCOPENOMPU_DP|ID0000204D_FFT_core:FFT_Inst|_245_[10] ; ID00001011_aipScopeNoMPU:ID00001011|ID00001011_scopeNoMPU_core:SCOPENOMPU_CORE|ID00001011_scopeNoMPU_datapath:SCOPENOMPU_DP|ID0000204D_FFT_core:FFT_Inst|_164_[2] ; clk          ; clk         ; 1.000        ; -0.045     ; 1.949      ;
; -1.006 ; ID00001011_aipScopeNoMPU:ID00001011|ID00001011_scopeNoMPU_core:SCOPENOMPU_CORE|ID00001011_scopeNoMPU_datapath:SCOPENOMPU_DP|ID0000204D_FFT_core:FFT_Inst|_245_[1]  ; ID00001011_aipScopeNoMPU:ID00001011|ID00001011_scopeNoMPU_core:SCOPENOMPU_CORE|ID00001011_scopeNoMPU_datapath:SCOPENOMPU_DP|ID0000204D_FFT_core:FFT_Inst|_164_[2] ; clk          ; clk         ; 1.000        ; -0.051     ; 1.942      ;
; -1.006 ; ID00001011_aipScopeNoMPU:ID00001011|ID00001011_scopeNoMPU_core:SCOPENOMPU_CORE|ID00001011_scopeNoMPU_datapath:SCOPENOMPU_DP|ID0000204D_FFT_core:FFT_Inst|_245_[19] ; ID00001011_aipScopeNoMPU:ID00001011|ID00001011_scopeNoMPU_core:SCOPENOMPU_CORE|ID00001011_scopeNoMPU_datapath:SCOPENOMPU_DP|ID0000204D_FFT_core:FFT_Inst|_164_[2] ; clk          ; clk         ; 1.000        ; -0.045     ; 1.948      ;
; -1.005 ; ID00001011_aipScopeNoMPU:ID00001011|ID00001011_scopeNoMPU_core:SCOPENOMPU_CORE|ID00001011_scopeNoMPU_datapath:SCOPENOMPU_DP|ID0000204D_FFT_core:FFT_Inst|_245_[32] ; ID00001011_aipScopeNoMPU:ID00001011|ID00001011_scopeNoMPU_core:SCOPENOMPU_CORE|ID00001011_scopeNoMPU_datapath:SCOPENOMPU_DP|ID0000204D_FFT_core:FFT_Inst|_164_[2] ; clk          ; clk         ; 1.000        ; -0.044     ; 1.948      ;
; -1.003 ; ID00001011_aipScopeNoMPU:ID00001011|ID00001011_scopeNoMPU_core:SCOPENOMPU_CORE|ID00001011_scopeNoMPU_datapath:SCOPENOMPU_DP|ID0000204D_FFT_core:FFT_Inst|_245_[15] ; ID00001011_aipScopeNoMPU:ID00001011|ID00001011_scopeNoMPU_core:SCOPENOMPU_CORE|ID00001011_scopeNoMPU_datapath:SCOPENOMPU_DP|ID0000204D_FFT_core:FFT_Inst|_047_[1] ; clk          ; clk         ; 1.000        ; -0.044     ; 1.946      ;
; -1.002 ; ID00001011_aipScopeNoMPU:ID00001011|ID00001011_scopeNoMPU_core:SCOPENOMPU_CORE|ID00001011_scopeNoMPU_datapath:SCOPENOMPU_DP|ID0000204D_FFT_core:FFT_Inst|_245_[4]  ; ID00001011_aipScopeNoMPU:ID00001011|ID00001011_scopeNoMPU_core:SCOPENOMPU_CORE|ID00001011_scopeNoMPU_datapath:SCOPENOMPU_DP|ID0000204D_FFT_core:FFT_Inst|_082_[6] ; clk          ; clk         ; 1.000        ; 0.148      ; 2.137      ;
; -1.002 ; ID00001011_aipScopeNoMPU:ID00001011|ID00001011_scopeNoMPU_core:SCOPENOMPU_CORE|ID00001011_scopeNoMPU_datapath:SCOPENOMPU_DP|ID0000204D_FFT_core:FFT_Inst|_245_[4]  ; ID00001011_aipScopeNoMPU:ID00001011|ID00001011_scopeNoMPU_core:SCOPENOMPU_CORE|ID00001011_scopeNoMPU_datapath:SCOPENOMPU_DP|ID0000204D_FFT_core:FFT_Inst|_082_[5] ; clk          ; clk         ; 1.000        ; 0.148      ; 2.137      ;
; -1.002 ; ID00001011_aipScopeNoMPU:ID00001011|ID00001011_scopeNoMPU_core:SCOPENOMPU_CORE|ID00001011_scopeNoMPU_datapath:SCOPENOMPU_DP|ID0000204D_FFT_core:FFT_Inst|_245_[4]  ; ID00001011_aipScopeNoMPU:ID00001011|ID00001011_scopeNoMPU_core:SCOPENOMPU_CORE|ID00001011_scopeNoMPU_datapath:SCOPENOMPU_DP|ID0000204D_FFT_core:FFT_Inst|_082_[4] ; clk          ; clk         ; 1.000        ; 0.148      ; 2.137      ;
; -1.002 ; ID00001011_aipScopeNoMPU:ID00001011|ID00001011_scopeNoMPU_core:SCOPENOMPU_CORE|ID00001011_scopeNoMPU_datapath:SCOPENOMPU_DP|ID0000204D_FFT_core:FFT_Inst|_245_[4]  ; ID00001011_aipScopeNoMPU:ID00001011|ID00001011_scopeNoMPU_core:SCOPENOMPU_CORE|ID00001011_scopeNoMPU_datapath:SCOPENOMPU_DP|ID0000204D_FFT_core:FFT_Inst|_082_[3] ; clk          ; clk         ; 1.000        ; 0.148      ; 2.137      ;
; -1.002 ; ID00001011_aipScopeNoMPU:ID00001011|ID00001011_scopeNoMPU_core:SCOPENOMPU_CORE|ID00001011_scopeNoMPU_datapath:SCOPENOMPU_DP|ID0000204D_FFT_core:FFT_Inst|_245_[4]  ; ID00001011_aipScopeNoMPU:ID00001011|ID00001011_scopeNoMPU_core:SCOPENOMPU_CORE|ID00001011_scopeNoMPU_datapath:SCOPENOMPU_DP|ID0000204D_FFT_core:FFT_Inst|_082_[2] ; clk          ; clk         ; 1.000        ; 0.148      ; 2.137      ;
; -1.002 ; ID00001011_aipScopeNoMPU:ID00001011|ID00001011_scopeNoMPU_core:SCOPENOMPU_CORE|ID00001011_scopeNoMPU_datapath:SCOPENOMPU_DP|ID0000204D_FFT_core:FFT_Inst|_245_[4]  ; ID00001011_aipScopeNoMPU:ID00001011|ID00001011_scopeNoMPU_core:SCOPENOMPU_CORE|ID00001011_scopeNoMPU_datapath:SCOPENOMPU_DP|ID0000204D_FFT_core:FFT_Inst|_082_[1] ; clk          ; clk         ; 1.000        ; 0.148      ; 2.137      ;
; -1.000 ; ID00001011_aipScopeNoMPU:ID00001011|ID00001011_scopeNoMPU_core:SCOPENOMPU_CORE|ID00001011_scopeNoMPU_datapath:SCOPENOMPU_DP|ID0000204D_FFT_core:FFT_Inst|_245_[36] ; ID00001011_aipScopeNoMPU:ID00001011|ID00001011_scopeNoMPU_core:SCOPENOMPU_CORE|ID00001011_scopeNoMPU_datapath:SCOPENOMPU_DP|ID0000204D_FFT_core:FFT_Inst|_047_[1] ; clk          ; clk         ; 1.000        ; -0.044     ; 1.943      ;
; -0.998 ; ID00001011_aipScopeNoMPU:ID00001011|ID00001011_scopeNoMPU_core:SCOPENOMPU_CORE|ID00001011_scopeNoMPU_datapath:SCOPENOMPU_DP|ID0000204D_FFT_core:FFT_Inst|_245_[22] ; ID00001011_aipScopeNoMPU:ID00001011|ID00001011_scopeNoMPU_core:SCOPENOMPU_CORE|ID00001011_scopeNoMPU_datapath:SCOPENOMPU_DP|ID0000204D_FFT_core:FFT_Inst|_047_[1] ; clk          ; clk         ; 1.000        ; -0.044     ; 1.941      ;
; -0.993 ; ID00001011_aipScopeNoMPU:ID00001011|ID00001011_scopeNoMPU_core:SCOPENOMPU_CORE|ID00001011_scopeNoMPU_datapath:SCOPENOMPU_DP|ID0000204D_FFT_core:FFT_Inst|_245_[4]  ; ID00001011_aipScopeNoMPU:ID00001011|ID00001011_scopeNoMPU_core:SCOPENOMPU_CORE|ID00001011_scopeNoMPU_datapath:SCOPENOMPU_DP|ID0000204D_FFT_core:FFT_Inst|_047_[6] ; clk          ; clk         ; 1.000        ; 0.145      ; 2.125      ;
; -0.993 ; ID00001011_aipScopeNoMPU:ID00001011|ID00001011_scopeNoMPU_core:SCOPENOMPU_CORE|ID00001011_scopeNoMPU_datapath:SCOPENOMPU_DP|ID0000204D_FFT_core:FFT_Inst|_245_[4]  ; ID00001011_aipScopeNoMPU:ID00001011|ID00001011_scopeNoMPU_core:SCOPENOMPU_CORE|ID00001011_scopeNoMPU_datapath:SCOPENOMPU_DP|ID0000204D_FFT_core:FFT_Inst|_047_[5] ; clk          ; clk         ; 1.000        ; 0.145      ; 2.125      ;
; -0.993 ; ID00001011_aipScopeNoMPU:ID00001011|ID00001011_scopeNoMPU_core:SCOPENOMPU_CORE|ID00001011_scopeNoMPU_datapath:SCOPENOMPU_DP|ID0000204D_FFT_core:FFT_Inst|_245_[4]  ; ID00001011_aipScopeNoMPU:ID00001011|ID00001011_scopeNoMPU_core:SCOPENOMPU_CORE|ID00001011_scopeNoMPU_datapath:SCOPENOMPU_DP|ID0000204D_FFT_core:FFT_Inst|_047_[4] ; clk          ; clk         ; 1.000        ; 0.145      ; 2.125      ;
; -0.993 ; ID00001011_aipScopeNoMPU:ID00001011|ID00001011_scopeNoMPU_core:SCOPENOMPU_CORE|ID00001011_scopeNoMPU_datapath:SCOPENOMPU_DP|ID0000204D_FFT_core:FFT_Inst|_245_[4]  ; ID00001011_aipScopeNoMPU:ID00001011|ID00001011_scopeNoMPU_core:SCOPENOMPU_CORE|ID00001011_scopeNoMPU_datapath:SCOPENOMPU_DP|ID0000204D_FFT_core:FFT_Inst|_047_[3] ; clk          ; clk         ; 1.000        ; 0.145      ; 2.125      ;
; -0.993 ; ID00001011_aipScopeNoMPU:ID00001011|ID00001011_scopeNoMPU_core:SCOPENOMPU_CORE|ID00001011_scopeNoMPU_datapath:SCOPENOMPU_DP|ID0000204D_FFT_core:FFT_Inst|_245_[4]  ; ID00001011_aipScopeNoMPU:ID00001011|ID00001011_scopeNoMPU_core:SCOPENOMPU_CORE|ID00001011_scopeNoMPU_datapath:SCOPENOMPU_DP|ID0000204D_FFT_core:FFT_Inst|_047_[2] ; clk          ; clk         ; 1.000        ; 0.145      ; 2.125      ;
; -0.993 ; ID00001011_aipScopeNoMPU:ID00001011|ID00001011_scopeNoMPU_core:SCOPENOMPU_CORE|ID00001011_scopeNoMPU_datapath:SCOPENOMPU_DP|ID0000204D_FFT_core:FFT_Inst|_245_[4]  ; ID00001011_aipScopeNoMPU:ID00001011|ID00001011_scopeNoMPU_core:SCOPENOMPU_CORE|ID00001011_scopeNoMPU_datapath:SCOPENOMPU_DP|ID0000204D_FFT_core:FFT_Inst|_047_[0] ; clk          ; clk         ; 1.000        ; 0.145      ; 2.125      ;
; -0.993 ; ID00001011_aipScopeNoMPU:ID00001011|ID00001011_scopeNoMPU_core:SCOPENOMPU_CORE|ID00001011_scopeNoMPU_datapath:SCOPENOMPU_DP|ID0000204D_FFT_core:FFT_Inst|_245_[4]  ; ID00001011_aipScopeNoMPU:ID00001011|ID00001011_scopeNoMPU_core:SCOPENOMPU_CORE|ID00001011_scopeNoMPU_datapath:SCOPENOMPU_DP|ID0000204D_FFT_core:FFT_Inst|_071_    ; clk          ; clk         ; 1.000        ; 0.145      ; 2.125      ;
; -0.993 ; ID00001011_aipScopeNoMPU:ID00001011|ID00001011_scopeNoMPU_core:SCOPENOMPU_CORE|ID00001011_scopeNoMPU_datapath:SCOPENOMPU_DP|ID0000204D_FFT_core:FFT_Inst|_245_[4]  ; ID00001011_aipScopeNoMPU:ID00001011|ID00001011_scopeNoMPU_core:SCOPENOMPU_CORE|ID00001011_scopeNoMPU_datapath:SCOPENOMPU_DP|ID0000204D_FFT_core:FFT_Inst|_069_[1] ; clk          ; clk         ; 1.000        ; 0.145      ; 2.125      ;
; -0.993 ; ID00001011_aipScopeNoMPU:ID00001011|ID00001011_scopeNoMPU_core:SCOPENOMPU_CORE|ID00001011_scopeNoMPU_datapath:SCOPENOMPU_DP|ID0000204D_FFT_core:FFT_Inst|_245_[8]  ; ID00001011_aipScopeNoMPU:ID00001011|ID00001011_scopeNoMPU_core:SCOPENOMPU_CORE|ID00001011_scopeNoMPU_datapath:SCOPENOMPU_DP|ID0000204D_FFT_core:FFT_Inst|_047_[1] ; clk          ; clk         ; 1.000        ; -0.050     ; 1.930      ;
; -0.991 ; ID00001011_aipScopeNoMPU:ID00001011|ID00001011_scopeNoMPU_core:SCOPENOMPU_CORE|ID00001011_scopeNoMPU_datapath:SCOPENOMPU_DP|ID0000204D_FFT_core:FFT_Inst|_245_[11] ; ID00001011_aipScopeNoMPU:ID00001011|ID00001011_scopeNoMPU_core:SCOPENOMPU_CORE|ID00001011_scopeNoMPU_datapath:SCOPENOMPU_DP|ID0000204D_FFT_core:FFT_Inst|_047_[1] ; clk          ; clk         ; 1.000        ; -0.044     ; 1.934      ;
; -0.988 ; ID00001011_aipScopeNoMPU:ID00001011|ID00001011_scopeNoMPU_core:SCOPENOMPU_CORE|ID00001011_scopeNoMPU_datapath:SCOPENOMPU_DP|ID0000204D_FFT_core:FFT_Inst|_245_[4]  ; ID00001011_aipScopeNoMPU:ID00001011|ID00001011_scopeNoMPU_core:SCOPENOMPU_CORE|ID00001011_scopeNoMPU_datapath:SCOPENOMPU_DP|ID0000204D_FFT_core:FFT_Inst|_182_    ; clk          ; clk         ; 1.000        ; 0.142      ; 2.117      ;
; -0.988 ; ID00001011_aipScopeNoMPU:ID00001011|ID00001011_scopeNoMPU_core:SCOPENOMPU_CORE|ID00001011_scopeNoMPU_datapath:SCOPENOMPU_DP|ID0000204D_FFT_core:FFT_Inst|_245_[4]  ; ID00001011_aipScopeNoMPU:ID00001011|ID00001011_scopeNoMPU_core:SCOPENOMPU_CORE|ID00001011_scopeNoMPU_datapath:SCOPENOMPU_DP|ID0000204D_FFT_core:FFT_Inst|_181_    ; clk          ; clk         ; 1.000        ; 0.142      ; 2.117      ;
; -0.988 ; ID00001011_aipScopeNoMPU:ID00001011|ID00001011_scopeNoMPU_core:SCOPENOMPU_CORE|ID00001011_scopeNoMPU_datapath:SCOPENOMPU_DP|ID0000204D_FFT_core:FFT_Inst|_245_[4]  ; ID00001011_aipScopeNoMPU:ID00001011|ID00001011_scopeNoMPU_core:SCOPENOMPU_CORE|ID00001011_scopeNoMPU_datapath:SCOPENOMPU_DP|ID0000204D_FFT_core:FFT_Inst|_183_    ; clk          ; clk         ; 1.000        ; 0.142      ; 2.117      ;
; -0.988 ; ID00001011_aipScopeNoMPU:ID00001011|ID00001011_scopeNoMPU_core:SCOPENOMPU_CORE|ID00001011_scopeNoMPU_datapath:SCOPENOMPU_DP|ID0000204D_FFT_core:FFT_Inst|_245_[4]  ; ID00001011_aipScopeNoMPU:ID00001011|ID00001011_scopeNoMPU_core:SCOPENOMPU_CORE|ID00001011_scopeNoMPU_datapath:SCOPENOMPU_DP|ID0000204D_FFT_core:FFT_Inst|_166_[1] ; clk          ; clk         ; 1.000        ; 0.142      ; 2.117      ;
; -0.987 ; ID00001011_aipScopeNoMPU:ID00001011|ID00001011_scopeNoMPU_core:SCOPENOMPU_CORE|ID00001011_scopeNoMPU_datapath:SCOPENOMPU_DP|ID0000204D_FFT_core:FFT_Inst|_245_[4]  ; ID00001011_aipScopeNoMPU:ID00001011|ID00001011_scopeNoMPU_core:SCOPENOMPU_CORE|ID00001011_scopeNoMPU_datapath:SCOPENOMPU_DP|ID0000204D_FFT_core:FFT_Inst|_164_[0] ; clk          ; clk         ; 1.000        ; 0.126      ; 2.100      ;
; -0.985 ; ID00001011_aipScopeNoMPU:ID00001011|ID00001011_scopeNoMPU_core:SCOPENOMPU_CORE|ID00001011_scopeNoMPU_datapath:SCOPENOMPU_DP|ID0000204D_FFT_core:FFT_Inst|_245_[20] ; ID00001011_aipScopeNoMPU:ID00001011|ID00001011_scopeNoMPU_core:SCOPENOMPU_CORE|ID00001011_scopeNoMPU_datapath:SCOPENOMPU_DP|ID0000204D_FFT_core:FFT_Inst|_047_[1] ; clk          ; clk         ; 1.000        ; -0.044     ; 1.928      ;
; -0.983 ; ID00001011_aipScopeNoMPU:ID00001011|ID00001011_scopeNoMPU_core:SCOPENOMPU_CORE|ID00001011_scopeNoMPU_datapath:SCOPENOMPU_DP|ID0000204D_FFT_core:FFT_Inst|_245_[4]  ; ID00001011_aipScopeNoMPU:ID00001011|ID00001011_scopeNoMPU_core:SCOPENOMPU_CORE|ID00001011_scopeNoMPU_datapath:SCOPENOMPU_DP|ID0000204D_FFT_core:FFT_Inst|_165_[1] ; clk          ; clk         ; 1.000        ; 0.152      ; 2.122      ;
; -0.983 ; ID00001011_aipScopeNoMPU:ID00001011|ID00001011_scopeNoMPU_core:SCOPENOMPU_CORE|ID00001011_scopeNoMPU_datapath:SCOPENOMPU_DP|ID0000204D_FFT_core:FFT_Inst|_245_[4]  ; ID00001011_aipScopeNoMPU:ID00001011|ID00001011_scopeNoMPU_core:SCOPENOMPU_CORE|ID00001011_scopeNoMPU_datapath:SCOPENOMPU_DP|ID0000204D_FFT_core:FFT_Inst|_165_[3] ; clk          ; clk         ; 1.000        ; 0.152      ; 2.122      ;
; -0.983 ; ID00001011_aipScopeNoMPU:ID00001011|ID00001011_scopeNoMPU_core:SCOPENOMPU_CORE|ID00001011_scopeNoMPU_datapath:SCOPENOMPU_DP|ID0000204D_FFT_core:FFT_Inst|_245_[4]  ; ID00001011_aipScopeNoMPU:ID00001011|ID00001011_scopeNoMPU_core:SCOPENOMPU_CORE|ID00001011_scopeNoMPU_datapath:SCOPENOMPU_DP|ID0000204D_FFT_core:FFT_Inst|_165_[7] ; clk          ; clk         ; 1.000        ; 0.152      ; 2.122      ;
; -0.981 ; ID00001011_aipScopeNoMPU:ID00001011|ID00001011_scopeNoMPU_core:SCOPENOMPU_CORE|ID00001011_scopeNoMPU_datapath:SCOPENOMPU_DP|ID0000204D_FFT_core:FFT_Inst|_245_[22] ; ID00001011_aipScopeNoMPU:ID00001011|ID00001011_scopeNoMPU_core:SCOPENOMPU_CORE|ID00001011_scopeNoMPU_datapath:SCOPENOMPU_DP|ID0000204D_FFT_core:FFT_Inst|_164_[2] ; clk          ; clk         ; 1.000        ; -0.045     ; 1.923      ;
; -0.977 ; ID00001011_aipScopeNoMPU:ID00001011|ID00001011_scopeNoMPU_core:SCOPENOMPU_CORE|ID00001011_scopeNoMPU_datapath:SCOPENOMPU_DP|ID0000204D_FFT_core:FFT_Inst|_245_[15] ; ID00001011_aipScopeNoMPU:ID00001011|ID00001011_scopeNoMPU_core:SCOPENOMPU_CORE|ID00001011_scopeNoMPU_datapath:SCOPENOMPU_DP|ID0000204D_FFT_core:FFT_Inst|_164_[2] ; clk          ; clk         ; 1.000        ; -0.045     ; 1.919      ;
; -0.976 ; ID00001011_aipScopeNoMPU:ID00001011|ID00001011_scopeNoMPU_core:SCOPENOMPU_CORE|ID00001011_scopeNoMPU_datapath:SCOPENOMPU_DP|ID0000204D_FFT_core:FFT_Inst|_245_[0]  ; ID00001011_aipScopeNoMPU:ID00001011|ID00001011_scopeNoMPU_core:SCOPENOMPU_CORE|ID00001011_scopeNoMPU_datapath:SCOPENOMPU_DP|ID0000204D_FFT_core:FFT_Inst|_082_[0] ; clk          ; clk         ; 1.000        ; 0.132      ; 2.095      ;
; -0.976 ; ID00001011_aipScopeNoMPU:ID00001011|ID00001011_scopeNoMPU_core:SCOPENOMPU_CORE|ID00001011_scopeNoMPU_datapath:SCOPENOMPU_DP|ID0000204D_FFT_core:FFT_Inst|_245_[4]  ; ID00001011_aipScopeNoMPU:ID00001011|ID00001011_scopeNoMPU_core:SCOPENOMPU_CORE|ID00001011_scopeNoMPU_datapath:SCOPENOMPU_DP|ID0000204D_FFT_core:FFT_Inst|_164_[1] ; clk          ; clk         ; 1.000        ; 0.144      ; 2.107      ;
; -0.975 ; ID00001011_aipScopeNoMPU:ID00001011|ID00001011_scopeNoMPU_core:SCOPENOMPU_CORE|ID00001011_scopeNoMPU_datapath:SCOPENOMPU_DP|ID0000204D_FFT_core:FFT_Inst|_245_[12] ; ID00001011_aipScopeNoMPU:ID00001011|ID00001011_scopeNoMPU_core:SCOPENOMPU_CORE|ID00001011_scopeNoMPU_datapath:SCOPENOMPU_DP|ID0000204D_FFT_core:FFT_Inst|_082_[0] ; clk          ; clk         ; 1.000        ; 0.138      ; 2.100      ;
; -0.974 ; ID00001011_aipScopeNoMPU:ID00001011|ID00001011_scopeNoMPU_core:SCOPENOMPU_CORE|ID00001011_scopeNoMPU_datapath:SCOPENOMPU_DP|ID0000204D_FFT_core:FFT_Inst|_245_[36] ; ID00001011_aipScopeNoMPU:ID00001011|ID00001011_scopeNoMPU_core:SCOPENOMPU_CORE|ID00001011_scopeNoMPU_datapath:SCOPENOMPU_DP|ID0000204D_FFT_core:FFT_Inst|_164_[2] ; clk          ; clk         ; 1.000        ; -0.045     ; 1.916      ;
; -0.967 ; ID00001011_aipScopeNoMPU:ID00001011|ID00001011_scopeNoMPU_core:SCOPENOMPU_CORE|ID00001011_scopeNoMPU_datapath:SCOPENOMPU_DP|ID0000204D_FFT_core:FFT_Inst|_245_[8]  ; ID00001011_aipScopeNoMPU:ID00001011|ID00001011_scopeNoMPU_core:SCOPENOMPU_CORE|ID00001011_scopeNoMPU_datapath:SCOPENOMPU_DP|ID0000204D_FFT_core:FFT_Inst|_164_[2] ; clk          ; clk         ; 1.000        ; -0.051     ; 1.903      ;
; -0.965 ; ID00001011_aipScopeNoMPU:ID00001011|ID00001011_scopeNoMPU_core:SCOPENOMPU_CORE|ID00001011_scopeNoMPU_datapath:SCOPENOMPU_DP|ID0000204D_FFT_core:FFT_Inst|_245_[11] ; ID00001011_aipScopeNoMPU:ID00001011|ID00001011_scopeNoMPU_core:SCOPENOMPU_CORE|ID00001011_scopeNoMPU_datapath:SCOPENOMPU_DP|ID0000204D_FFT_core:FFT_Inst|_164_[2] ; clk          ; clk         ; 1.000        ; -0.045     ; 1.907      ;
; -0.965 ; ID00001011_aipScopeNoMPU:ID00001011|ID00001011_scopeNoMPU_core:SCOPENOMPU_CORE|ID00001011_scopeNoMPU_datapath:SCOPENOMPU_DP|ID0000204D_FFT_core:FFT_Inst|_245_[7]  ; ID00001011_aipScopeNoMPU:ID00001011|ID00001011_scopeNoMPU_core:SCOPENOMPU_CORE|ID00001011_scopeNoMPU_datapath:SCOPENOMPU_DP|ID0000204D_FFT_core:FFT_Inst|_082_[0] ; clk          ; clk         ; 1.000        ; 0.132      ; 2.084      ;
; -0.962 ; ID00001011_aipScopeNoMPU:ID00001011|ID00001011_scopeNoMPU_core:SCOPENOMPU_CORE|ID00001011_scopeNoMPU_datapath:SCOPENOMPU_DP|ID0000204D_FFT_core:FFT_Inst|_245_[4]  ; ID00001011_aipScopeNoMPU:ID00001011|ID00001011_scopeNoMPU_core:SCOPENOMPU_CORE|ID00001011_scopeNoMPU_datapath:SCOPENOMPU_DP|ID0000204D_FFT_core:FFT_Inst|_166_[2] ; clk          ; clk         ; 1.000        ; 0.151      ; 2.100      ;
; -0.962 ; ID00001011_aipScopeNoMPU:ID00001011|ID00001011_scopeNoMPU_core:SCOPENOMPU_CORE|ID00001011_scopeNoMPU_datapath:SCOPENOMPU_DP|ID0000204D_FFT_core:FFT_Inst|_245_[4]  ; ID00001011_aipScopeNoMPU:ID00001011|ID00001011_scopeNoMPU_core:SCOPENOMPU_CORE|ID00001011_scopeNoMPU_datapath:SCOPENOMPU_DP|ID0000204D_FFT_core:FFT_Inst|_165_[0] ; clk          ; clk         ; 1.000        ; 0.151      ; 2.100      ;
; -0.960 ; ID00001011_aipScopeNoMPU:ID00001011|ID00001011_scopeNoMPU_core:SCOPENOMPU_CORE|ID00001011_scopeNoMPU_datapath:SCOPENOMPU_DP|ID0000204D_FFT_core:FFT_Inst|_245_[0]  ; ID00001011_aipScopeNoMPU:ID00001011|ID00001011_scopeNoMPU_core:SCOPENOMPU_CORE|ID00001011_scopeNoMPU_datapath:SCOPENOMPU_DP|ID0000204D_FFT_core:FFT_Inst|_082_[6] ; clk          ; clk         ; 1.000        ; 0.148      ; 2.095      ;
; -0.960 ; ID00001011_aipScopeNoMPU:ID00001011|ID00001011_scopeNoMPU_core:SCOPENOMPU_CORE|ID00001011_scopeNoMPU_datapath:SCOPENOMPU_DP|ID0000204D_FFT_core:FFT_Inst|_245_[0]  ; ID00001011_aipScopeNoMPU:ID00001011|ID00001011_scopeNoMPU_core:SCOPENOMPU_CORE|ID00001011_scopeNoMPU_datapath:SCOPENOMPU_DP|ID0000204D_FFT_core:FFT_Inst|_082_[5] ; clk          ; clk         ; 1.000        ; 0.148      ; 2.095      ;
+--------+--------------------------------------------------------------------------------------------------------------------------------------------------------------------+-------------------------------------------------------------------------------------------------------------------------------------------------------------------+--------------+-------------+--------------+------------+------------+


+----------------------------------------------------------------------------------------------------------------------------------------------------------------------------------------------------------------------------------------------------------------------------------------------------------------------------------------------------------------------------------------------------------------------+
; Fast 1200mV 0C Model Removal: 'clk'                                                                                                                                                                                                                                                                                                                                                                                  ;
+-------+--------------------------------------------------------------------------------------------------------------------------------------------------------------------+-------------------------------------------------------------------------------------------------------------------------------------------------------------------+--------------+-------------+--------------+------------+------------+
; Slack ; From Node                                                                                                                                                          ; To Node                                                                                                                                                           ; Launch Clock ; Latch Clock ; Relationship ; Clock Skew ; Data Delay ;
+-------+--------------------------------------------------------------------------------------------------------------------------------------------------------------------+-------------------------------------------------------------------------------------------------------------------------------------------------------------------+--------------+-------------+--------------+------------+------------+
; 1.071 ; ID00001011_aipScopeNoMPU:ID00001011|ID00001011_scopeNoMPU_core:SCOPENOMPU_CORE|ID00001011_scopeNoMPU_datapath:SCOPENOMPU_DP|ID0000204D_FFT_core:FFT_Inst|_245_[31] ; ID00001011_aipScopeNoMPU:ID00001011|ID00001011_scopeNoMPU_core:SCOPENOMPU_CORE|ID00001011_scopeNoMPU_datapath:SCOPENOMPU_DP|ID0000204D_FFT_core:FFT_Inst|_166_[3] ; clk          ; clk         ; 0.000        ; 0.226      ; 1.381      ;
; 1.071 ; ID00001011_aipScopeNoMPU:ID00001011|ID00001011_scopeNoMPU_core:SCOPENOMPU_CORE|ID00001011_scopeNoMPU_datapath:SCOPENOMPU_DP|ID0000204D_FFT_core:FFT_Inst|_245_[31] ; ID00001011_aipScopeNoMPU:ID00001011|ID00001011_scopeNoMPU_core:SCOPENOMPU_CORE|ID00001011_scopeNoMPU_datapath:SCOPENOMPU_DP|ID0000204D_FFT_core:FFT_Inst|_072_    ; clk          ; clk         ; 0.000        ; 0.226      ; 1.381      ;
; 1.071 ; ID00001011_aipScopeNoMPU:ID00001011|ID00001011_scopeNoMPU_core:SCOPENOMPU_CORE|ID00001011_scopeNoMPU_datapath:SCOPENOMPU_DP|ID0000204D_FFT_core:FFT_Inst|_245_[31] ; ID00001011_aipScopeNoMPU:ID00001011|ID00001011_scopeNoMPU_core:SCOPENOMPU_CORE|ID00001011_scopeNoMPU_datapath:SCOPENOMPU_DP|ID0000204D_FFT_core:FFT_Inst|_069_[4] ; clk          ; clk         ; 0.000        ; 0.226      ; 1.381      ;
; 1.071 ; ID00001011_aipScopeNoMPU:ID00001011|ID00001011_scopeNoMPU_core:SCOPENOMPU_CORE|ID00001011_scopeNoMPU_datapath:SCOPENOMPU_DP|ID0000204D_FFT_core:FFT_Inst|_245_[31] ; ID00001011_aipScopeNoMPU:ID00001011|ID00001011_scopeNoMPU_core:SCOPENOMPU_CORE|ID00001011_scopeNoMPU_datapath:SCOPENOMPU_DP|ID0000204D_FFT_core:FFT_Inst|_065_[6] ; clk          ; clk         ; 0.000        ; 0.226      ; 1.381      ;
; 1.071 ; ID00001011_aipScopeNoMPU:ID00001011|ID00001011_scopeNoMPU_core:SCOPENOMPU_CORE|ID00001011_scopeNoMPU_datapath:SCOPENOMPU_DP|ID0000204D_FFT_core:FFT_Inst|_245_[31] ; ID00001011_aipScopeNoMPU:ID00001011|ID00001011_scopeNoMPU_core:SCOPENOMPU_CORE|ID00001011_scopeNoMPU_datapath:SCOPENOMPU_DP|ID0000204D_FFT_core:FFT_Inst|_065_[5] ; clk          ; clk         ; 0.000        ; 0.226      ; 1.381      ;
; 1.071 ; ID00001011_aipScopeNoMPU:ID00001011|ID00001011_scopeNoMPU_core:SCOPENOMPU_CORE|ID00001011_scopeNoMPU_datapath:SCOPENOMPU_DP|ID0000204D_FFT_core:FFT_Inst|_245_[31] ; ID00001011_aipScopeNoMPU:ID00001011|ID00001011_scopeNoMPU_core:SCOPENOMPU_CORE|ID00001011_scopeNoMPU_datapath:SCOPENOMPU_DP|ID0000204D_FFT_core:FFT_Inst|_065_[4] ; clk          ; clk         ; 0.000        ; 0.226      ; 1.381      ;
; 1.071 ; ID00001011_aipScopeNoMPU:ID00001011|ID00001011_scopeNoMPU_core:SCOPENOMPU_CORE|ID00001011_scopeNoMPU_datapath:SCOPENOMPU_DP|ID0000204D_FFT_core:FFT_Inst|_245_[31] ; ID00001011_aipScopeNoMPU:ID00001011|ID00001011_scopeNoMPU_core:SCOPENOMPU_CORE|ID00001011_scopeNoMPU_datapath:SCOPENOMPU_DP|ID0000204D_FFT_core:FFT_Inst|_069_[2] ; clk          ; clk         ; 0.000        ; 0.226      ; 1.381      ;
; 1.091 ; ID00001011_aipScopeNoMPU:ID00001011|ID00001011_scopeNoMPU_core:SCOPENOMPU_CORE|ID00001011_scopeNoMPU_datapath:SCOPENOMPU_DP|ID0000204D_FFT_core:FFT_Inst|_245_[26] ; ID00001011_aipScopeNoMPU:ID00001011|ID00001011_scopeNoMPU_core:SCOPENOMPU_CORE|ID00001011_scopeNoMPU_datapath:SCOPENOMPU_DP|ID0000204D_FFT_core:FFT_Inst|_166_[3] ; clk          ; clk         ; 0.000        ; 0.226      ; 1.401      ;
; 1.091 ; ID00001011_aipScopeNoMPU:ID00001011|ID00001011_scopeNoMPU_core:SCOPENOMPU_CORE|ID00001011_scopeNoMPU_datapath:SCOPENOMPU_DP|ID0000204D_FFT_core:FFT_Inst|_245_[26] ; ID00001011_aipScopeNoMPU:ID00001011|ID00001011_scopeNoMPU_core:SCOPENOMPU_CORE|ID00001011_scopeNoMPU_datapath:SCOPENOMPU_DP|ID0000204D_FFT_core:FFT_Inst|_072_    ; clk          ; clk         ; 0.000        ; 0.226      ; 1.401      ;
; 1.091 ; ID00001011_aipScopeNoMPU:ID00001011|ID00001011_scopeNoMPU_core:SCOPENOMPU_CORE|ID00001011_scopeNoMPU_datapath:SCOPENOMPU_DP|ID0000204D_FFT_core:FFT_Inst|_245_[26] ; ID00001011_aipScopeNoMPU:ID00001011|ID00001011_scopeNoMPU_core:SCOPENOMPU_CORE|ID00001011_scopeNoMPU_datapath:SCOPENOMPU_DP|ID0000204D_FFT_core:FFT_Inst|_069_[4] ; clk          ; clk         ; 0.000        ; 0.226      ; 1.401      ;
; 1.091 ; ID00001011_aipScopeNoMPU:ID00001011|ID00001011_scopeNoMPU_core:SCOPENOMPU_CORE|ID00001011_scopeNoMPU_datapath:SCOPENOMPU_DP|ID0000204D_FFT_core:FFT_Inst|_245_[26] ; ID00001011_aipScopeNoMPU:ID00001011|ID00001011_scopeNoMPU_core:SCOPENOMPU_CORE|ID00001011_scopeNoMPU_datapath:SCOPENOMPU_DP|ID0000204D_FFT_core:FFT_Inst|_065_[6] ; clk          ; clk         ; 0.000        ; 0.226      ; 1.401      ;
; 1.091 ; ID00001011_aipScopeNoMPU:ID00001011|ID00001011_scopeNoMPU_core:SCOPENOMPU_CORE|ID00001011_scopeNoMPU_datapath:SCOPENOMPU_DP|ID0000204D_FFT_core:FFT_Inst|_245_[26] ; ID00001011_aipScopeNoMPU:ID00001011|ID00001011_scopeNoMPU_core:SCOPENOMPU_CORE|ID00001011_scopeNoMPU_datapath:SCOPENOMPU_DP|ID0000204D_FFT_core:FFT_Inst|_065_[5] ; clk          ; clk         ; 0.000        ; 0.226      ; 1.401      ;
; 1.091 ; ID00001011_aipScopeNoMPU:ID00001011|ID00001011_scopeNoMPU_core:SCOPENOMPU_CORE|ID00001011_scopeNoMPU_datapath:SCOPENOMPU_DP|ID0000204D_FFT_core:FFT_Inst|_245_[26] ; ID00001011_aipScopeNoMPU:ID00001011|ID00001011_scopeNoMPU_core:SCOPENOMPU_CORE|ID00001011_scopeNoMPU_datapath:SCOPENOMPU_DP|ID0000204D_FFT_core:FFT_Inst|_065_[4] ; clk          ; clk         ; 0.000        ; 0.226      ; 1.401      ;
; 1.091 ; ID00001011_aipScopeNoMPU:ID00001011|ID00001011_scopeNoMPU_core:SCOPENOMPU_CORE|ID00001011_scopeNoMPU_datapath:SCOPENOMPU_DP|ID0000204D_FFT_core:FFT_Inst|_245_[26] ; ID00001011_aipScopeNoMPU:ID00001011|ID00001011_scopeNoMPU_core:SCOPENOMPU_CORE|ID00001011_scopeNoMPU_datapath:SCOPENOMPU_DP|ID0000204D_FFT_core:FFT_Inst|_069_[2] ; clk          ; clk         ; 0.000        ; 0.226      ; 1.401      ;
; 1.099 ; ID00001011_aipScopeNoMPU:ID00001011|ID00001011_scopeNoMPU_core:SCOPENOMPU_CORE|ID00001011_scopeNoMPU_datapath:SCOPENOMPU_DP|ID0000204D_FFT_core:FFT_Inst|_245_[14] ; ID00001011_aipScopeNoMPU:ID00001011|ID00001011_scopeNoMPU_core:SCOPENOMPU_CORE|ID00001011_scopeNoMPU_datapath:SCOPENOMPU_DP|ID0000204D_FFT_core:FFT_Inst|_166_[3] ; clk          ; clk         ; 0.000        ; 0.225      ; 1.408      ;
; 1.099 ; ID00001011_aipScopeNoMPU:ID00001011|ID00001011_scopeNoMPU_core:SCOPENOMPU_CORE|ID00001011_scopeNoMPU_datapath:SCOPENOMPU_DP|ID0000204D_FFT_core:FFT_Inst|_245_[14] ; ID00001011_aipScopeNoMPU:ID00001011|ID00001011_scopeNoMPU_core:SCOPENOMPU_CORE|ID00001011_scopeNoMPU_datapath:SCOPENOMPU_DP|ID0000204D_FFT_core:FFT_Inst|_072_    ; clk          ; clk         ; 0.000        ; 0.225      ; 1.408      ;
; 1.099 ; ID00001011_aipScopeNoMPU:ID00001011|ID00001011_scopeNoMPU_core:SCOPENOMPU_CORE|ID00001011_scopeNoMPU_datapath:SCOPENOMPU_DP|ID0000204D_FFT_core:FFT_Inst|_245_[14] ; ID00001011_aipScopeNoMPU:ID00001011|ID00001011_scopeNoMPU_core:SCOPENOMPU_CORE|ID00001011_scopeNoMPU_datapath:SCOPENOMPU_DP|ID0000204D_FFT_core:FFT_Inst|_069_[4] ; clk          ; clk         ; 0.000        ; 0.225      ; 1.408      ;
; 1.099 ; ID00001011_aipScopeNoMPU:ID00001011|ID00001011_scopeNoMPU_core:SCOPENOMPU_CORE|ID00001011_scopeNoMPU_datapath:SCOPENOMPU_DP|ID0000204D_FFT_core:FFT_Inst|_245_[14] ; ID00001011_aipScopeNoMPU:ID00001011|ID00001011_scopeNoMPU_core:SCOPENOMPU_CORE|ID00001011_scopeNoMPU_datapath:SCOPENOMPU_DP|ID0000204D_FFT_core:FFT_Inst|_065_[6] ; clk          ; clk         ; 0.000        ; 0.225      ; 1.408      ;
; 1.099 ; ID00001011_aipScopeNoMPU:ID00001011|ID00001011_scopeNoMPU_core:SCOPENOMPU_CORE|ID00001011_scopeNoMPU_datapath:SCOPENOMPU_DP|ID0000204D_FFT_core:FFT_Inst|_245_[14] ; ID00001011_aipScopeNoMPU:ID00001011|ID00001011_scopeNoMPU_core:SCOPENOMPU_CORE|ID00001011_scopeNoMPU_datapath:SCOPENOMPU_DP|ID0000204D_FFT_core:FFT_Inst|_065_[5] ; clk          ; clk         ; 0.000        ; 0.225      ; 1.408      ;
; 1.099 ; ID00001011_aipScopeNoMPU:ID00001011|ID00001011_scopeNoMPU_core:SCOPENOMPU_CORE|ID00001011_scopeNoMPU_datapath:SCOPENOMPU_DP|ID0000204D_FFT_core:FFT_Inst|_245_[14] ; ID00001011_aipScopeNoMPU:ID00001011|ID00001011_scopeNoMPU_core:SCOPENOMPU_CORE|ID00001011_scopeNoMPU_datapath:SCOPENOMPU_DP|ID0000204D_FFT_core:FFT_Inst|_065_[4] ; clk          ; clk         ; 0.000        ; 0.225      ; 1.408      ;
; 1.099 ; ID00001011_aipScopeNoMPU:ID00001011|ID00001011_scopeNoMPU_core:SCOPENOMPU_CORE|ID00001011_scopeNoMPU_datapath:SCOPENOMPU_DP|ID0000204D_FFT_core:FFT_Inst|_245_[14] ; ID00001011_aipScopeNoMPU:ID00001011|ID00001011_scopeNoMPU_core:SCOPENOMPU_CORE|ID00001011_scopeNoMPU_datapath:SCOPENOMPU_DP|ID0000204D_FFT_core:FFT_Inst|_069_[2] ; clk          ; clk         ; 0.000        ; 0.225      ; 1.408      ;
; 1.108 ; ID00001011_aipScopeNoMPU:ID00001011|ID00001011_scopeNoMPU_core:SCOPENOMPU_CORE|ID00001011_scopeNoMPU_datapath:SCOPENOMPU_DP|ID0000204D_FFT_core:FFT_Inst|_245_[36] ; ID00001011_aipScopeNoMPU:ID00001011|ID00001011_scopeNoMPU_core:SCOPENOMPU_CORE|ID00001011_scopeNoMPU_datapath:SCOPENOMPU_DP|ID0000204D_FFT_core:FFT_Inst|_166_[3] ; clk          ; clk         ; 0.000        ; 0.226      ; 1.418      ;
; 1.108 ; ID00001011_aipScopeNoMPU:ID00001011|ID00001011_scopeNoMPU_core:SCOPENOMPU_CORE|ID00001011_scopeNoMPU_datapath:SCOPENOMPU_DP|ID0000204D_FFT_core:FFT_Inst|_245_[36] ; ID00001011_aipScopeNoMPU:ID00001011|ID00001011_scopeNoMPU_core:SCOPENOMPU_CORE|ID00001011_scopeNoMPU_datapath:SCOPENOMPU_DP|ID0000204D_FFT_core:FFT_Inst|_072_    ; clk          ; clk         ; 0.000        ; 0.226      ; 1.418      ;
; 1.108 ; ID00001011_aipScopeNoMPU:ID00001011|ID00001011_scopeNoMPU_core:SCOPENOMPU_CORE|ID00001011_scopeNoMPU_datapath:SCOPENOMPU_DP|ID0000204D_FFT_core:FFT_Inst|_245_[36] ; ID00001011_aipScopeNoMPU:ID00001011|ID00001011_scopeNoMPU_core:SCOPENOMPU_CORE|ID00001011_scopeNoMPU_datapath:SCOPENOMPU_DP|ID0000204D_FFT_core:FFT_Inst|_069_[4] ; clk          ; clk         ; 0.000        ; 0.226      ; 1.418      ;
; 1.108 ; ID00001011_aipScopeNoMPU:ID00001011|ID00001011_scopeNoMPU_core:SCOPENOMPU_CORE|ID00001011_scopeNoMPU_datapath:SCOPENOMPU_DP|ID0000204D_FFT_core:FFT_Inst|_245_[36] ; ID00001011_aipScopeNoMPU:ID00001011|ID00001011_scopeNoMPU_core:SCOPENOMPU_CORE|ID00001011_scopeNoMPU_datapath:SCOPENOMPU_DP|ID0000204D_FFT_core:FFT_Inst|_065_[6] ; clk          ; clk         ; 0.000        ; 0.226      ; 1.418      ;
; 1.108 ; ID00001011_aipScopeNoMPU:ID00001011|ID00001011_scopeNoMPU_core:SCOPENOMPU_CORE|ID00001011_scopeNoMPU_datapath:SCOPENOMPU_DP|ID0000204D_FFT_core:FFT_Inst|_245_[36] ; ID00001011_aipScopeNoMPU:ID00001011|ID00001011_scopeNoMPU_core:SCOPENOMPU_CORE|ID00001011_scopeNoMPU_datapath:SCOPENOMPU_DP|ID0000204D_FFT_core:FFT_Inst|_065_[5] ; clk          ; clk         ; 0.000        ; 0.226      ; 1.418      ;
; 1.108 ; ID00001011_aipScopeNoMPU:ID00001011|ID00001011_scopeNoMPU_core:SCOPENOMPU_CORE|ID00001011_scopeNoMPU_datapath:SCOPENOMPU_DP|ID0000204D_FFT_core:FFT_Inst|_245_[36] ; ID00001011_aipScopeNoMPU:ID00001011|ID00001011_scopeNoMPU_core:SCOPENOMPU_CORE|ID00001011_scopeNoMPU_datapath:SCOPENOMPU_DP|ID0000204D_FFT_core:FFT_Inst|_065_[4] ; clk          ; clk         ; 0.000        ; 0.226      ; 1.418      ;
; 1.108 ; ID00001011_aipScopeNoMPU:ID00001011|ID00001011_scopeNoMPU_core:SCOPENOMPU_CORE|ID00001011_scopeNoMPU_datapath:SCOPENOMPU_DP|ID0000204D_FFT_core:FFT_Inst|_245_[36] ; ID00001011_aipScopeNoMPU:ID00001011|ID00001011_scopeNoMPU_core:SCOPENOMPU_CORE|ID00001011_scopeNoMPU_datapath:SCOPENOMPU_DP|ID0000204D_FFT_core:FFT_Inst|_069_[2] ; clk          ; clk         ; 0.000        ; 0.226      ; 1.418      ;
; 1.122 ; ID00001011_aipScopeNoMPU:ID00001011|ID00001011_scopeNoMPU_core:SCOPENOMPU_CORE|ID00001011_scopeNoMPU_datapath:SCOPENOMPU_DP|ID0000204D_FFT_core:FFT_Inst|_245_[25] ; ID00001011_aipScopeNoMPU:ID00001011|ID00001011_scopeNoMPU_core:SCOPENOMPU_CORE|ID00001011_scopeNoMPU_datapath:SCOPENOMPU_DP|ID0000204D_FFT_core:FFT_Inst|_166_[3] ; clk          ; clk         ; 0.000        ; 0.226      ; 1.432      ;
; 1.122 ; ID00001011_aipScopeNoMPU:ID00001011|ID00001011_scopeNoMPU_core:SCOPENOMPU_CORE|ID00001011_scopeNoMPU_datapath:SCOPENOMPU_DP|ID0000204D_FFT_core:FFT_Inst|_245_[25] ; ID00001011_aipScopeNoMPU:ID00001011|ID00001011_scopeNoMPU_core:SCOPENOMPU_CORE|ID00001011_scopeNoMPU_datapath:SCOPENOMPU_DP|ID0000204D_FFT_core:FFT_Inst|_072_    ; clk          ; clk         ; 0.000        ; 0.226      ; 1.432      ;
; 1.122 ; ID00001011_aipScopeNoMPU:ID00001011|ID00001011_scopeNoMPU_core:SCOPENOMPU_CORE|ID00001011_scopeNoMPU_datapath:SCOPENOMPU_DP|ID0000204D_FFT_core:FFT_Inst|_245_[25] ; ID00001011_aipScopeNoMPU:ID00001011|ID00001011_scopeNoMPU_core:SCOPENOMPU_CORE|ID00001011_scopeNoMPU_datapath:SCOPENOMPU_DP|ID0000204D_FFT_core:FFT_Inst|_069_[4] ; clk          ; clk         ; 0.000        ; 0.226      ; 1.432      ;
; 1.122 ; ID00001011_aipScopeNoMPU:ID00001011|ID00001011_scopeNoMPU_core:SCOPENOMPU_CORE|ID00001011_scopeNoMPU_datapath:SCOPENOMPU_DP|ID0000204D_FFT_core:FFT_Inst|_245_[25] ; ID00001011_aipScopeNoMPU:ID00001011|ID00001011_scopeNoMPU_core:SCOPENOMPU_CORE|ID00001011_scopeNoMPU_datapath:SCOPENOMPU_DP|ID0000204D_FFT_core:FFT_Inst|_065_[6] ; clk          ; clk         ; 0.000        ; 0.226      ; 1.432      ;
; 1.122 ; ID00001011_aipScopeNoMPU:ID00001011|ID00001011_scopeNoMPU_core:SCOPENOMPU_CORE|ID00001011_scopeNoMPU_datapath:SCOPENOMPU_DP|ID0000204D_FFT_core:FFT_Inst|_245_[25] ; ID00001011_aipScopeNoMPU:ID00001011|ID00001011_scopeNoMPU_core:SCOPENOMPU_CORE|ID00001011_scopeNoMPU_datapath:SCOPENOMPU_DP|ID0000204D_FFT_core:FFT_Inst|_065_[5] ; clk          ; clk         ; 0.000        ; 0.226      ; 1.432      ;
; 1.122 ; ID00001011_aipScopeNoMPU:ID00001011|ID00001011_scopeNoMPU_core:SCOPENOMPU_CORE|ID00001011_scopeNoMPU_datapath:SCOPENOMPU_DP|ID0000204D_FFT_core:FFT_Inst|_245_[25] ; ID00001011_aipScopeNoMPU:ID00001011|ID00001011_scopeNoMPU_core:SCOPENOMPU_CORE|ID00001011_scopeNoMPU_datapath:SCOPENOMPU_DP|ID0000204D_FFT_core:FFT_Inst|_065_[4] ; clk          ; clk         ; 0.000        ; 0.226      ; 1.432      ;
; 1.122 ; ID00001011_aipScopeNoMPU:ID00001011|ID00001011_scopeNoMPU_core:SCOPENOMPU_CORE|ID00001011_scopeNoMPU_datapath:SCOPENOMPU_DP|ID0000204D_FFT_core:FFT_Inst|_245_[25] ; ID00001011_aipScopeNoMPU:ID00001011|ID00001011_scopeNoMPU_core:SCOPENOMPU_CORE|ID00001011_scopeNoMPU_datapath:SCOPENOMPU_DP|ID0000204D_FFT_core:FFT_Inst|_069_[2] ; clk          ; clk         ; 0.000        ; 0.226      ; 1.432      ;
; 1.123 ; ID00001011_aipScopeNoMPU:ID00001011|ID00001011_scopeNoMPU_core:SCOPENOMPU_CORE|ID00001011_scopeNoMPU_datapath:SCOPENOMPU_DP|ID0000204D_FFT_core:FFT_Inst|_245_[30] ; ID00001011_aipScopeNoMPU:ID00001011|ID00001011_scopeNoMPU_core:SCOPENOMPU_CORE|ID00001011_scopeNoMPU_datapath:SCOPENOMPU_DP|ID0000204D_FFT_core:FFT_Inst|_166_[3] ; clk          ; clk         ; 0.000        ; 0.226      ; 1.433      ;
; 1.123 ; ID00001011_aipScopeNoMPU:ID00001011|ID00001011_scopeNoMPU_core:SCOPENOMPU_CORE|ID00001011_scopeNoMPU_datapath:SCOPENOMPU_DP|ID0000204D_FFT_core:FFT_Inst|_245_[30] ; ID00001011_aipScopeNoMPU:ID00001011|ID00001011_scopeNoMPU_core:SCOPENOMPU_CORE|ID00001011_scopeNoMPU_datapath:SCOPENOMPU_DP|ID0000204D_FFT_core:FFT_Inst|_072_    ; clk          ; clk         ; 0.000        ; 0.226      ; 1.433      ;
; 1.123 ; ID00001011_aipScopeNoMPU:ID00001011|ID00001011_scopeNoMPU_core:SCOPENOMPU_CORE|ID00001011_scopeNoMPU_datapath:SCOPENOMPU_DP|ID0000204D_FFT_core:FFT_Inst|_245_[30] ; ID00001011_aipScopeNoMPU:ID00001011|ID00001011_scopeNoMPU_core:SCOPENOMPU_CORE|ID00001011_scopeNoMPU_datapath:SCOPENOMPU_DP|ID0000204D_FFT_core:FFT_Inst|_069_[4] ; clk          ; clk         ; 0.000        ; 0.226      ; 1.433      ;
; 1.123 ; ID00001011_aipScopeNoMPU:ID00001011|ID00001011_scopeNoMPU_core:SCOPENOMPU_CORE|ID00001011_scopeNoMPU_datapath:SCOPENOMPU_DP|ID0000204D_FFT_core:FFT_Inst|_245_[30] ; ID00001011_aipScopeNoMPU:ID00001011|ID00001011_scopeNoMPU_core:SCOPENOMPU_CORE|ID00001011_scopeNoMPU_datapath:SCOPENOMPU_DP|ID0000204D_FFT_core:FFT_Inst|_065_[6] ; clk          ; clk         ; 0.000        ; 0.226      ; 1.433      ;
; 1.123 ; ID00001011_aipScopeNoMPU:ID00001011|ID00001011_scopeNoMPU_core:SCOPENOMPU_CORE|ID00001011_scopeNoMPU_datapath:SCOPENOMPU_DP|ID0000204D_FFT_core:FFT_Inst|_245_[30] ; ID00001011_aipScopeNoMPU:ID00001011|ID00001011_scopeNoMPU_core:SCOPENOMPU_CORE|ID00001011_scopeNoMPU_datapath:SCOPENOMPU_DP|ID0000204D_FFT_core:FFT_Inst|_065_[5] ; clk          ; clk         ; 0.000        ; 0.226      ; 1.433      ;
; 1.123 ; ID00001011_aipScopeNoMPU:ID00001011|ID00001011_scopeNoMPU_core:SCOPENOMPU_CORE|ID00001011_scopeNoMPU_datapath:SCOPENOMPU_DP|ID0000204D_FFT_core:FFT_Inst|_245_[30] ; ID00001011_aipScopeNoMPU:ID00001011|ID00001011_scopeNoMPU_core:SCOPENOMPU_CORE|ID00001011_scopeNoMPU_datapath:SCOPENOMPU_DP|ID0000204D_FFT_core:FFT_Inst|_065_[4] ; clk          ; clk         ; 0.000        ; 0.226      ; 1.433      ;
; 1.123 ; ID00001011_aipScopeNoMPU:ID00001011|ID00001011_scopeNoMPU_core:SCOPENOMPU_CORE|ID00001011_scopeNoMPU_datapath:SCOPENOMPU_DP|ID0000204D_FFT_core:FFT_Inst|_245_[30] ; ID00001011_aipScopeNoMPU:ID00001011|ID00001011_scopeNoMPU_core:SCOPENOMPU_CORE|ID00001011_scopeNoMPU_datapath:SCOPENOMPU_DP|ID0000204D_FFT_core:FFT_Inst|_069_[2] ; clk          ; clk         ; 0.000        ; 0.226      ; 1.433      ;
; 1.123 ; ID00001011_aipScopeNoMPU:ID00001011|ID00001011_scopeNoMPU_core:SCOPENOMPU_CORE|ID00001011_scopeNoMPU_datapath:SCOPENOMPU_DP|ID0000204D_FFT_core:FFT_Inst|_245_[27] ; ID00001011_aipScopeNoMPU:ID00001011|ID00001011_scopeNoMPU_core:SCOPENOMPU_CORE|ID00001011_scopeNoMPU_datapath:SCOPENOMPU_DP|ID0000204D_FFT_core:FFT_Inst|_166_[3] ; clk          ; clk         ; 0.000        ; 0.226      ; 1.433      ;
; 1.123 ; ID00001011_aipScopeNoMPU:ID00001011|ID00001011_scopeNoMPU_core:SCOPENOMPU_CORE|ID00001011_scopeNoMPU_datapath:SCOPENOMPU_DP|ID0000204D_FFT_core:FFT_Inst|_245_[27] ; ID00001011_aipScopeNoMPU:ID00001011|ID00001011_scopeNoMPU_core:SCOPENOMPU_CORE|ID00001011_scopeNoMPU_datapath:SCOPENOMPU_DP|ID0000204D_FFT_core:FFT_Inst|_072_    ; clk          ; clk         ; 0.000        ; 0.226      ; 1.433      ;
; 1.123 ; ID00001011_aipScopeNoMPU:ID00001011|ID00001011_scopeNoMPU_core:SCOPENOMPU_CORE|ID00001011_scopeNoMPU_datapath:SCOPENOMPU_DP|ID0000204D_FFT_core:FFT_Inst|_245_[27] ; ID00001011_aipScopeNoMPU:ID00001011|ID00001011_scopeNoMPU_core:SCOPENOMPU_CORE|ID00001011_scopeNoMPU_datapath:SCOPENOMPU_DP|ID0000204D_FFT_core:FFT_Inst|_069_[4] ; clk          ; clk         ; 0.000        ; 0.226      ; 1.433      ;
; 1.123 ; ID00001011_aipScopeNoMPU:ID00001011|ID00001011_scopeNoMPU_core:SCOPENOMPU_CORE|ID00001011_scopeNoMPU_datapath:SCOPENOMPU_DP|ID0000204D_FFT_core:FFT_Inst|_245_[27] ; ID00001011_aipScopeNoMPU:ID00001011|ID00001011_scopeNoMPU_core:SCOPENOMPU_CORE|ID00001011_scopeNoMPU_datapath:SCOPENOMPU_DP|ID0000204D_FFT_core:FFT_Inst|_065_[6] ; clk          ; clk         ; 0.000        ; 0.226      ; 1.433      ;
; 1.123 ; ID00001011_aipScopeNoMPU:ID00001011|ID00001011_scopeNoMPU_core:SCOPENOMPU_CORE|ID00001011_scopeNoMPU_datapath:SCOPENOMPU_DP|ID0000204D_FFT_core:FFT_Inst|_245_[27] ; ID00001011_aipScopeNoMPU:ID00001011|ID00001011_scopeNoMPU_core:SCOPENOMPU_CORE|ID00001011_scopeNoMPU_datapath:SCOPENOMPU_DP|ID0000204D_FFT_core:FFT_Inst|_065_[5] ; clk          ; clk         ; 0.000        ; 0.226      ; 1.433      ;
; 1.123 ; ID00001011_aipScopeNoMPU:ID00001011|ID00001011_scopeNoMPU_core:SCOPENOMPU_CORE|ID00001011_scopeNoMPU_datapath:SCOPENOMPU_DP|ID0000204D_FFT_core:FFT_Inst|_245_[27] ; ID00001011_aipScopeNoMPU:ID00001011|ID00001011_scopeNoMPU_core:SCOPENOMPU_CORE|ID00001011_scopeNoMPU_datapath:SCOPENOMPU_DP|ID0000204D_FFT_core:FFT_Inst|_065_[4] ; clk          ; clk         ; 0.000        ; 0.226      ; 1.433      ;
; 1.123 ; ID00001011_aipScopeNoMPU:ID00001011|ID00001011_scopeNoMPU_core:SCOPENOMPU_CORE|ID00001011_scopeNoMPU_datapath:SCOPENOMPU_DP|ID0000204D_FFT_core:FFT_Inst|_245_[27] ; ID00001011_aipScopeNoMPU:ID00001011|ID00001011_scopeNoMPU_core:SCOPENOMPU_CORE|ID00001011_scopeNoMPU_datapath:SCOPENOMPU_DP|ID0000204D_FFT_core:FFT_Inst|_069_[2] ; clk          ; clk         ; 0.000        ; 0.226      ; 1.433      ;
; 1.141 ; ID00001011_aipScopeNoMPU:ID00001011|ID00001011_scopeNoMPU_core:SCOPENOMPU_CORE|ID00001011_scopeNoMPU_datapath:SCOPENOMPU_DP|ID0000204D_FFT_core:FFT_Inst|_245_[23] ; ID00001011_aipScopeNoMPU:ID00001011|ID00001011_scopeNoMPU_core:SCOPENOMPU_CORE|ID00001011_scopeNoMPU_datapath:SCOPENOMPU_DP|ID0000204D_FFT_core:FFT_Inst|_166_[3] ; clk          ; clk         ; 0.000        ; 0.226      ; 1.451      ;
; 1.141 ; ID00001011_aipScopeNoMPU:ID00001011|ID00001011_scopeNoMPU_core:SCOPENOMPU_CORE|ID00001011_scopeNoMPU_datapath:SCOPENOMPU_DP|ID0000204D_FFT_core:FFT_Inst|_245_[23] ; ID00001011_aipScopeNoMPU:ID00001011|ID00001011_scopeNoMPU_core:SCOPENOMPU_CORE|ID00001011_scopeNoMPU_datapath:SCOPENOMPU_DP|ID0000204D_FFT_core:FFT_Inst|_072_    ; clk          ; clk         ; 0.000        ; 0.226      ; 1.451      ;
; 1.141 ; ID00001011_aipScopeNoMPU:ID00001011|ID00001011_scopeNoMPU_core:SCOPENOMPU_CORE|ID00001011_scopeNoMPU_datapath:SCOPENOMPU_DP|ID0000204D_FFT_core:FFT_Inst|_245_[23] ; ID00001011_aipScopeNoMPU:ID00001011|ID00001011_scopeNoMPU_core:SCOPENOMPU_CORE|ID00001011_scopeNoMPU_datapath:SCOPENOMPU_DP|ID0000204D_FFT_core:FFT_Inst|_069_[4] ; clk          ; clk         ; 0.000        ; 0.226      ; 1.451      ;
; 1.141 ; ID00001011_aipScopeNoMPU:ID00001011|ID00001011_scopeNoMPU_core:SCOPENOMPU_CORE|ID00001011_scopeNoMPU_datapath:SCOPENOMPU_DP|ID0000204D_FFT_core:FFT_Inst|_245_[23] ; ID00001011_aipScopeNoMPU:ID00001011|ID00001011_scopeNoMPU_core:SCOPENOMPU_CORE|ID00001011_scopeNoMPU_datapath:SCOPENOMPU_DP|ID0000204D_FFT_core:FFT_Inst|_065_[6] ; clk          ; clk         ; 0.000        ; 0.226      ; 1.451      ;
; 1.141 ; ID00001011_aipScopeNoMPU:ID00001011|ID00001011_scopeNoMPU_core:SCOPENOMPU_CORE|ID00001011_scopeNoMPU_datapath:SCOPENOMPU_DP|ID0000204D_FFT_core:FFT_Inst|_245_[23] ; ID00001011_aipScopeNoMPU:ID00001011|ID00001011_scopeNoMPU_core:SCOPENOMPU_CORE|ID00001011_scopeNoMPU_datapath:SCOPENOMPU_DP|ID0000204D_FFT_core:FFT_Inst|_065_[5] ; clk          ; clk         ; 0.000        ; 0.226      ; 1.451      ;
; 1.141 ; ID00001011_aipScopeNoMPU:ID00001011|ID00001011_scopeNoMPU_core:SCOPENOMPU_CORE|ID00001011_scopeNoMPU_datapath:SCOPENOMPU_DP|ID0000204D_FFT_core:FFT_Inst|_245_[23] ; ID00001011_aipScopeNoMPU:ID00001011|ID00001011_scopeNoMPU_core:SCOPENOMPU_CORE|ID00001011_scopeNoMPU_datapath:SCOPENOMPU_DP|ID0000204D_FFT_core:FFT_Inst|_065_[4] ; clk          ; clk         ; 0.000        ; 0.226      ; 1.451      ;
; 1.141 ; ID00001011_aipScopeNoMPU:ID00001011|ID00001011_scopeNoMPU_core:SCOPENOMPU_CORE|ID00001011_scopeNoMPU_datapath:SCOPENOMPU_DP|ID0000204D_FFT_core:FFT_Inst|_245_[23] ; ID00001011_aipScopeNoMPU:ID00001011|ID00001011_scopeNoMPU_core:SCOPENOMPU_CORE|ID00001011_scopeNoMPU_datapath:SCOPENOMPU_DP|ID0000204D_FFT_core:FFT_Inst|_069_[2] ; clk          ; clk         ; 0.000        ; 0.226      ; 1.451      ;
; 1.142 ; ID00001011_aipScopeNoMPU:ID00001011|ID00001011_scopeNoMPU_core:SCOPENOMPU_CORE|ID00001011_scopeNoMPU_datapath:SCOPENOMPU_DP|ID0000204D_FFT_core:FFT_Inst|_245_[31] ; ID00001011_aipScopeNoMPU:ID00001011|ID00001011_scopeNoMPU_core:SCOPENOMPU_CORE|ID00001011_scopeNoMPU_datapath:SCOPENOMPU_DP|ID0000204D_FFT_core:FFT_Inst|_069_[0] ; clk          ; clk         ; 0.000        ; 0.244      ; 1.470      ;
; 1.142 ; ID00001011_aipScopeNoMPU:ID00001011|ID00001011_scopeNoMPU_core:SCOPENOMPU_CORE|ID00001011_scopeNoMPU_datapath:SCOPENOMPU_DP|ID0000204D_FFT_core:FFT_Inst|_245_[31] ; ID00001011_aipScopeNoMPU:ID00001011|ID00001011_scopeNoMPU_core:SCOPENOMPU_CORE|ID00001011_scopeNoMPU_datapath:SCOPENOMPU_DP|ID0000204D_FFT_core:FFT_Inst|_070_[6] ; clk          ; clk         ; 0.000        ; 0.244      ; 1.470      ;
; 1.142 ; ID00001011_aipScopeNoMPU:ID00001011|ID00001011_scopeNoMPU_core:SCOPENOMPU_CORE|ID00001011_scopeNoMPU_datapath:SCOPENOMPU_DP|ID0000204D_FFT_core:FFT_Inst|_245_[31] ; ID00001011_aipScopeNoMPU:ID00001011|ID00001011_scopeNoMPU_core:SCOPENOMPU_CORE|ID00001011_scopeNoMPU_datapath:SCOPENOMPU_DP|ID0000204D_FFT_core:FFT_Inst|_070_[0] ; clk          ; clk         ; 0.000        ; 0.244      ; 1.470      ;
; 1.142 ; ID00001011_aipScopeNoMPU:ID00001011|ID00001011_scopeNoMPU_core:SCOPENOMPU_CORE|ID00001011_scopeNoMPU_datapath:SCOPENOMPU_DP|ID0000204D_FFT_core:FFT_Inst|_245_[31] ; ID00001011_aipScopeNoMPU:ID00001011|ID00001011_scopeNoMPU_core:SCOPENOMPU_CORE|ID00001011_scopeNoMPU_datapath:SCOPENOMPU_DP|ID0000204D_FFT_core:FFT_Inst|_070_[1] ; clk          ; clk         ; 0.000        ; 0.244      ; 1.470      ;
; 1.142 ; ID00001011_aipScopeNoMPU:ID00001011|ID00001011_scopeNoMPU_core:SCOPENOMPU_CORE|ID00001011_scopeNoMPU_datapath:SCOPENOMPU_DP|ID0000204D_FFT_core:FFT_Inst|_245_[31] ; ID00001011_aipScopeNoMPU:ID00001011|ID00001011_scopeNoMPU_core:SCOPENOMPU_CORE|ID00001011_scopeNoMPU_datapath:SCOPENOMPU_DP|ID0000204D_FFT_core:FFT_Inst|_070_[2] ; clk          ; clk         ; 0.000        ; 0.244      ; 1.470      ;
; 1.142 ; ID00001011_aipScopeNoMPU:ID00001011|ID00001011_scopeNoMPU_core:SCOPENOMPU_CORE|ID00001011_scopeNoMPU_datapath:SCOPENOMPU_DP|ID0000204D_FFT_core:FFT_Inst|_245_[31] ; ID00001011_aipScopeNoMPU:ID00001011|ID00001011_scopeNoMPU_core:SCOPENOMPU_CORE|ID00001011_scopeNoMPU_datapath:SCOPENOMPU_DP|ID0000204D_FFT_core:FFT_Inst|_070_[3] ; clk          ; clk         ; 0.000        ; 0.244      ; 1.470      ;
; 1.142 ; ID00001011_aipScopeNoMPU:ID00001011|ID00001011_scopeNoMPU_core:SCOPENOMPU_CORE|ID00001011_scopeNoMPU_datapath:SCOPENOMPU_DP|ID0000204D_FFT_core:FFT_Inst|_245_[31] ; ID00001011_aipScopeNoMPU:ID00001011|ID00001011_scopeNoMPU_core:SCOPENOMPU_CORE|ID00001011_scopeNoMPU_datapath:SCOPENOMPU_DP|ID0000204D_FFT_core:FFT_Inst|_070_[4] ; clk          ; clk         ; 0.000        ; 0.244      ; 1.470      ;
; 1.142 ; ID00001011_aipScopeNoMPU:ID00001011|ID00001011_scopeNoMPU_core:SCOPENOMPU_CORE|ID00001011_scopeNoMPU_datapath:SCOPENOMPU_DP|ID0000204D_FFT_core:FFT_Inst|_245_[31] ; ID00001011_aipScopeNoMPU:ID00001011|ID00001011_scopeNoMPU_core:SCOPENOMPU_CORE|ID00001011_scopeNoMPU_datapath:SCOPENOMPU_DP|ID0000204D_FFT_core:FFT_Inst|_070_[5] ; clk          ; clk         ; 0.000        ; 0.244      ; 1.470      ;
; 1.142 ; ID00001011_aipScopeNoMPU:ID00001011|ID00001011_scopeNoMPU_core:SCOPENOMPU_CORE|ID00001011_scopeNoMPU_datapath:SCOPENOMPU_DP|ID0000204D_FFT_core:FFT_Inst|_245_[31] ; ID00001011_aipScopeNoMPU:ID00001011|ID00001011_scopeNoMPU_core:SCOPENOMPU_CORE|ID00001011_scopeNoMPU_datapath:SCOPENOMPU_DP|ID0000204D_FFT_core:FFT_Inst|_043_    ; clk          ; clk         ; 0.000        ; 0.244      ; 1.470      ;
; 1.142 ; ID00001011_aipScopeNoMPU:ID00001011|ID00001011_scopeNoMPU_core:SCOPENOMPU_CORE|ID00001011_scopeNoMPU_datapath:SCOPENOMPU_DP|ID0000204D_FFT_core:FFT_Inst|_245_[31] ; ID00001011_aipScopeNoMPU:ID00001011|ID00001011_scopeNoMPU_core:SCOPENOMPU_CORE|ID00001011_scopeNoMPU_datapath:SCOPENOMPU_DP|ID0000204D_FFT_core:FFT_Inst|_069_[6] ; clk          ; clk         ; 0.000        ; 0.244      ; 1.470      ;
; 1.142 ; ID00001011_aipScopeNoMPU:ID00001011|ID00001011_scopeNoMPU_core:SCOPENOMPU_CORE|ID00001011_scopeNoMPU_datapath:SCOPENOMPU_DP|ID0000204D_FFT_core:FFT_Inst|_245_[31] ; ID00001011_aipScopeNoMPU:ID00001011|ID00001011_scopeNoMPU_core:SCOPENOMPU_CORE|ID00001011_scopeNoMPU_datapath:SCOPENOMPU_DP|ID0000204D_FFT_core:FFT_Inst|_065_[3] ; clk          ; clk         ; 0.000        ; 0.244      ; 1.470      ;
; 1.142 ; ID00001011_aipScopeNoMPU:ID00001011|ID00001011_scopeNoMPU_core:SCOPENOMPU_CORE|ID00001011_scopeNoMPU_datapath:SCOPENOMPU_DP|ID0000204D_FFT_core:FFT_Inst|_245_[31] ; ID00001011_aipScopeNoMPU:ID00001011|ID00001011_scopeNoMPU_core:SCOPENOMPU_CORE|ID00001011_scopeNoMPU_datapath:SCOPENOMPU_DP|ID0000204D_FFT_core:FFT_Inst|_065_[2] ; clk          ; clk         ; 0.000        ; 0.244      ; 1.470      ;
; 1.142 ; ID00001011_aipScopeNoMPU:ID00001011|ID00001011_scopeNoMPU_core:SCOPENOMPU_CORE|ID00001011_scopeNoMPU_datapath:SCOPENOMPU_DP|ID0000204D_FFT_core:FFT_Inst|_245_[31] ; ID00001011_aipScopeNoMPU:ID00001011|ID00001011_scopeNoMPU_core:SCOPENOMPU_CORE|ID00001011_scopeNoMPU_datapath:SCOPENOMPU_DP|ID0000204D_FFT_core:FFT_Inst|_065_[1] ; clk          ; clk         ; 0.000        ; 0.244      ; 1.470      ;
; 1.142 ; ID00001011_aipScopeNoMPU:ID00001011|ID00001011_scopeNoMPU_core:SCOPENOMPU_CORE|ID00001011_scopeNoMPU_datapath:SCOPENOMPU_DP|ID0000204D_FFT_core:FFT_Inst|_245_[31] ; ID00001011_aipScopeNoMPU:ID00001011|ID00001011_scopeNoMPU_core:SCOPENOMPU_CORE|ID00001011_scopeNoMPU_datapath:SCOPENOMPU_DP|ID0000204D_FFT_core:FFT_Inst|_065_[0] ; clk          ; clk         ; 0.000        ; 0.244      ; 1.470      ;
; 1.143 ; ID00001011_aipScopeNoMPU:ID00001011|ID00001011_scopeNoMPU_core:SCOPENOMPU_CORE|ID00001011_scopeNoMPU_datapath:SCOPENOMPU_DP|ID0000204D_FFT_core:FFT_Inst|_245_[31] ; ID00001011_aipScopeNoMPU:ID00001011|ID00001011_scopeNoMPU_core:SCOPENOMPU_CORE|ID00001011_scopeNoMPU_datapath:SCOPENOMPU_DP|ID0000204D_FFT_core:FFT_Inst|_165_[4] ; clk          ; clk         ; 0.000        ; 0.227      ; 1.454      ;
; 1.143 ; ID00001011_aipScopeNoMPU:ID00001011|ID00001011_scopeNoMPU_core:SCOPENOMPU_CORE|ID00001011_scopeNoMPU_datapath:SCOPENOMPU_DP|ID0000204D_FFT_core:FFT_Inst|_245_[31] ; ID00001011_aipScopeNoMPU:ID00001011|ID00001011_scopeNoMPU_core:SCOPENOMPU_CORE|ID00001011_scopeNoMPU_datapath:SCOPENOMPU_DP|ID0000204D_FFT_core:FFT_Inst|_165_[5] ; clk          ; clk         ; 0.000        ; 0.227      ; 1.454      ;
; 1.143 ; ID00001011_aipScopeNoMPU:ID00001011|ID00001011_scopeNoMPU_core:SCOPENOMPU_CORE|ID00001011_scopeNoMPU_datapath:SCOPENOMPU_DP|ID0000204D_FFT_core:FFT_Inst|_245_[31] ; ID00001011_aipScopeNoMPU:ID00001011|ID00001011_scopeNoMPU_core:SCOPENOMPU_CORE|ID00001011_scopeNoMPU_datapath:SCOPENOMPU_DP|ID0000204D_FFT_core:FFT_Inst|_165_[6] ; clk          ; clk         ; 0.000        ; 0.227      ; 1.454      ;
; 1.143 ; ID00001011_aipScopeNoMPU:ID00001011|ID00001011_scopeNoMPU_core:SCOPENOMPU_CORE|ID00001011_scopeNoMPU_datapath:SCOPENOMPU_DP|ID0000204D_FFT_core:FFT_Inst|_245_[31] ; ID00001011_aipScopeNoMPU:ID00001011|ID00001011_scopeNoMPU_core:SCOPENOMPU_CORE|ID00001011_scopeNoMPU_datapath:SCOPENOMPU_DP|ID0000204D_FFT_core:FFT_Inst|_165_[2] ; clk          ; clk         ; 0.000        ; 0.227      ; 1.454      ;
; 1.143 ; ID00001011_aipScopeNoMPU:ID00001011|ID00001011_scopeNoMPU_core:SCOPENOMPU_CORE|ID00001011_scopeNoMPU_datapath:SCOPENOMPU_DP|ID0000204D_FFT_core:FFT_Inst|_245_[31] ; ID00001011_aipScopeNoMPU:ID00001011|ID00001011_scopeNoMPU_core:SCOPENOMPU_CORE|ID00001011_scopeNoMPU_datapath:SCOPENOMPU_DP|ID0000204D_FFT_core:FFT_Inst|_068_    ; clk          ; clk         ; 0.000        ; 0.227      ; 1.454      ;
; 1.145 ; ID00001011_aipScopeNoMPU:ID00001011|ID00001011_scopeNoMPU_core:SCOPENOMPU_CORE|ID00001011_scopeNoMPU_datapath:SCOPENOMPU_DP|ID0000204D_FFT_core:FFT_Inst|_245_[16] ; ID00001011_aipScopeNoMPU:ID00001011|ID00001011_scopeNoMPU_core:SCOPENOMPU_CORE|ID00001011_scopeNoMPU_datapath:SCOPENOMPU_DP|ID0000204D_FFT_core:FFT_Inst|_166_[3] ; clk          ; clk         ; 0.000        ; 0.226      ; 1.455      ;
; 1.145 ; ID00001011_aipScopeNoMPU:ID00001011|ID00001011_scopeNoMPU_core:SCOPENOMPU_CORE|ID00001011_scopeNoMPU_datapath:SCOPENOMPU_DP|ID0000204D_FFT_core:FFT_Inst|_245_[16] ; ID00001011_aipScopeNoMPU:ID00001011|ID00001011_scopeNoMPU_core:SCOPENOMPU_CORE|ID00001011_scopeNoMPU_datapath:SCOPENOMPU_DP|ID0000204D_FFT_core:FFT_Inst|_072_    ; clk          ; clk         ; 0.000        ; 0.226      ; 1.455      ;
; 1.145 ; ID00001011_aipScopeNoMPU:ID00001011|ID00001011_scopeNoMPU_core:SCOPENOMPU_CORE|ID00001011_scopeNoMPU_datapath:SCOPENOMPU_DP|ID0000204D_FFT_core:FFT_Inst|_245_[16] ; ID00001011_aipScopeNoMPU:ID00001011|ID00001011_scopeNoMPU_core:SCOPENOMPU_CORE|ID00001011_scopeNoMPU_datapath:SCOPENOMPU_DP|ID0000204D_FFT_core:FFT_Inst|_069_[4] ; clk          ; clk         ; 0.000        ; 0.226      ; 1.455      ;
; 1.145 ; ID00001011_aipScopeNoMPU:ID00001011|ID00001011_scopeNoMPU_core:SCOPENOMPU_CORE|ID00001011_scopeNoMPU_datapath:SCOPENOMPU_DP|ID0000204D_FFT_core:FFT_Inst|_245_[16] ; ID00001011_aipScopeNoMPU:ID00001011|ID00001011_scopeNoMPU_core:SCOPENOMPU_CORE|ID00001011_scopeNoMPU_datapath:SCOPENOMPU_DP|ID0000204D_FFT_core:FFT_Inst|_065_[6] ; clk          ; clk         ; 0.000        ; 0.226      ; 1.455      ;
; 1.145 ; ID00001011_aipScopeNoMPU:ID00001011|ID00001011_scopeNoMPU_core:SCOPENOMPU_CORE|ID00001011_scopeNoMPU_datapath:SCOPENOMPU_DP|ID0000204D_FFT_core:FFT_Inst|_245_[16] ; ID00001011_aipScopeNoMPU:ID00001011|ID00001011_scopeNoMPU_core:SCOPENOMPU_CORE|ID00001011_scopeNoMPU_datapath:SCOPENOMPU_DP|ID0000204D_FFT_core:FFT_Inst|_065_[5] ; clk          ; clk         ; 0.000        ; 0.226      ; 1.455      ;
; 1.145 ; ID00001011_aipScopeNoMPU:ID00001011|ID00001011_scopeNoMPU_core:SCOPENOMPU_CORE|ID00001011_scopeNoMPU_datapath:SCOPENOMPU_DP|ID0000204D_FFT_core:FFT_Inst|_245_[16] ; ID00001011_aipScopeNoMPU:ID00001011|ID00001011_scopeNoMPU_core:SCOPENOMPU_CORE|ID00001011_scopeNoMPU_datapath:SCOPENOMPU_DP|ID0000204D_FFT_core:FFT_Inst|_065_[4] ; clk          ; clk         ; 0.000        ; 0.226      ; 1.455      ;
; 1.145 ; ID00001011_aipScopeNoMPU:ID00001011|ID00001011_scopeNoMPU_core:SCOPENOMPU_CORE|ID00001011_scopeNoMPU_datapath:SCOPENOMPU_DP|ID0000204D_FFT_core:FFT_Inst|_245_[16] ; ID00001011_aipScopeNoMPU:ID00001011|ID00001011_scopeNoMPU_core:SCOPENOMPU_CORE|ID00001011_scopeNoMPU_datapath:SCOPENOMPU_DP|ID0000204D_FFT_core:FFT_Inst|_069_[2] ; clk          ; clk         ; 0.000        ; 0.226      ; 1.455      ;
; 1.146 ; ID00001011_aipScopeNoMPU:ID00001011|ID00001011_scopeNoMPU_core:SCOPENOMPU_CORE|ID00001011_scopeNoMPU_datapath:SCOPENOMPU_DP|ID0000204D_FFT_core:FFT_Inst|_245_[29] ; ID00001011_aipScopeNoMPU:ID00001011|ID00001011_scopeNoMPU_core:SCOPENOMPU_CORE|ID00001011_scopeNoMPU_datapath:SCOPENOMPU_DP|ID0000204D_FFT_core:FFT_Inst|_166_[3] ; clk          ; clk         ; 0.000        ; 0.226      ; 1.456      ;
; 1.146 ; ID00001011_aipScopeNoMPU:ID00001011|ID00001011_scopeNoMPU_core:SCOPENOMPU_CORE|ID00001011_scopeNoMPU_datapath:SCOPENOMPU_DP|ID0000204D_FFT_core:FFT_Inst|_245_[29] ; ID00001011_aipScopeNoMPU:ID00001011|ID00001011_scopeNoMPU_core:SCOPENOMPU_CORE|ID00001011_scopeNoMPU_datapath:SCOPENOMPU_DP|ID0000204D_FFT_core:FFT_Inst|_072_    ; clk          ; clk         ; 0.000        ; 0.226      ; 1.456      ;
; 1.146 ; ID00001011_aipScopeNoMPU:ID00001011|ID00001011_scopeNoMPU_core:SCOPENOMPU_CORE|ID00001011_scopeNoMPU_datapath:SCOPENOMPU_DP|ID0000204D_FFT_core:FFT_Inst|_245_[29] ; ID00001011_aipScopeNoMPU:ID00001011|ID00001011_scopeNoMPU_core:SCOPENOMPU_CORE|ID00001011_scopeNoMPU_datapath:SCOPENOMPU_DP|ID0000204D_FFT_core:FFT_Inst|_069_[4] ; clk          ; clk         ; 0.000        ; 0.226      ; 1.456      ;
; 1.146 ; ID00001011_aipScopeNoMPU:ID00001011|ID00001011_scopeNoMPU_core:SCOPENOMPU_CORE|ID00001011_scopeNoMPU_datapath:SCOPENOMPU_DP|ID0000204D_FFT_core:FFT_Inst|_245_[29] ; ID00001011_aipScopeNoMPU:ID00001011|ID00001011_scopeNoMPU_core:SCOPENOMPU_CORE|ID00001011_scopeNoMPU_datapath:SCOPENOMPU_DP|ID0000204D_FFT_core:FFT_Inst|_065_[6] ; clk          ; clk         ; 0.000        ; 0.226      ; 1.456      ;
; 1.146 ; ID00001011_aipScopeNoMPU:ID00001011|ID00001011_scopeNoMPU_core:SCOPENOMPU_CORE|ID00001011_scopeNoMPU_datapath:SCOPENOMPU_DP|ID0000204D_FFT_core:FFT_Inst|_245_[29] ; ID00001011_aipScopeNoMPU:ID00001011|ID00001011_scopeNoMPU_core:SCOPENOMPU_CORE|ID00001011_scopeNoMPU_datapath:SCOPENOMPU_DP|ID0000204D_FFT_core:FFT_Inst|_065_[5] ; clk          ; clk         ; 0.000        ; 0.226      ; 1.456      ;
; 1.146 ; ID00001011_aipScopeNoMPU:ID00001011|ID00001011_scopeNoMPU_core:SCOPENOMPU_CORE|ID00001011_scopeNoMPU_datapath:SCOPENOMPU_DP|ID0000204D_FFT_core:FFT_Inst|_245_[29] ; ID00001011_aipScopeNoMPU:ID00001011|ID00001011_scopeNoMPU_core:SCOPENOMPU_CORE|ID00001011_scopeNoMPU_datapath:SCOPENOMPU_DP|ID0000204D_FFT_core:FFT_Inst|_065_[4] ; clk          ; clk         ; 0.000        ; 0.226      ; 1.456      ;
; 1.146 ; ID00001011_aipScopeNoMPU:ID00001011|ID00001011_scopeNoMPU_core:SCOPENOMPU_CORE|ID00001011_scopeNoMPU_datapath:SCOPENOMPU_DP|ID0000204D_FFT_core:FFT_Inst|_245_[29] ; ID00001011_aipScopeNoMPU:ID00001011|ID00001011_scopeNoMPU_core:SCOPENOMPU_CORE|ID00001011_scopeNoMPU_datapath:SCOPENOMPU_DP|ID0000204D_FFT_core:FFT_Inst|_069_[2] ; clk          ; clk         ; 0.000        ; 0.226      ; 1.456      ;
; 1.153 ; ID00001011_aipScopeNoMPU:ID00001011|ID00001011_scopeNoMPU_core:SCOPENOMPU_CORE|ID00001011_scopeNoMPU_datapath:SCOPENOMPU_DP|ID0000204D_FFT_core:FFT_Inst|_245_[28] ; ID00001011_aipScopeNoMPU:ID00001011|ID00001011_scopeNoMPU_core:SCOPENOMPU_CORE|ID00001011_scopeNoMPU_datapath:SCOPENOMPU_DP|ID0000204D_FFT_core:FFT_Inst|_166_[3] ; clk          ; clk         ; 0.000        ; 0.226      ; 1.463      ;
; 1.153 ; ID00001011_aipScopeNoMPU:ID00001011|ID00001011_scopeNoMPU_core:SCOPENOMPU_CORE|ID00001011_scopeNoMPU_datapath:SCOPENOMPU_DP|ID0000204D_FFT_core:FFT_Inst|_245_[28] ; ID00001011_aipScopeNoMPU:ID00001011|ID00001011_scopeNoMPU_core:SCOPENOMPU_CORE|ID00001011_scopeNoMPU_datapath:SCOPENOMPU_DP|ID0000204D_FFT_core:FFT_Inst|_072_    ; clk          ; clk         ; 0.000        ; 0.226      ; 1.463      ;
; 1.153 ; ID00001011_aipScopeNoMPU:ID00001011|ID00001011_scopeNoMPU_core:SCOPENOMPU_CORE|ID00001011_scopeNoMPU_datapath:SCOPENOMPU_DP|ID0000204D_FFT_core:FFT_Inst|_245_[28] ; ID00001011_aipScopeNoMPU:ID00001011|ID00001011_scopeNoMPU_core:SCOPENOMPU_CORE|ID00001011_scopeNoMPU_datapath:SCOPENOMPU_DP|ID0000204D_FFT_core:FFT_Inst|_069_[4] ; clk          ; clk         ; 0.000        ; 0.226      ; 1.463      ;
; 1.153 ; ID00001011_aipScopeNoMPU:ID00001011|ID00001011_scopeNoMPU_core:SCOPENOMPU_CORE|ID00001011_scopeNoMPU_datapath:SCOPENOMPU_DP|ID0000204D_FFT_core:FFT_Inst|_245_[28] ; ID00001011_aipScopeNoMPU:ID00001011|ID00001011_scopeNoMPU_core:SCOPENOMPU_CORE|ID00001011_scopeNoMPU_datapath:SCOPENOMPU_DP|ID0000204D_FFT_core:FFT_Inst|_065_[6] ; clk          ; clk         ; 0.000        ; 0.226      ; 1.463      ;
; 1.153 ; ID00001011_aipScopeNoMPU:ID00001011|ID00001011_scopeNoMPU_core:SCOPENOMPU_CORE|ID00001011_scopeNoMPU_datapath:SCOPENOMPU_DP|ID0000204D_FFT_core:FFT_Inst|_245_[28] ; ID00001011_aipScopeNoMPU:ID00001011|ID00001011_scopeNoMPU_core:SCOPENOMPU_CORE|ID00001011_scopeNoMPU_datapath:SCOPENOMPU_DP|ID0000204D_FFT_core:FFT_Inst|_065_[5] ; clk          ; clk         ; 0.000        ; 0.226      ; 1.463      ;
; 1.153 ; ID00001011_aipScopeNoMPU:ID00001011|ID00001011_scopeNoMPU_core:SCOPENOMPU_CORE|ID00001011_scopeNoMPU_datapath:SCOPENOMPU_DP|ID0000204D_FFT_core:FFT_Inst|_245_[28] ; ID00001011_aipScopeNoMPU:ID00001011|ID00001011_scopeNoMPU_core:SCOPENOMPU_CORE|ID00001011_scopeNoMPU_datapath:SCOPENOMPU_DP|ID0000204D_FFT_core:FFT_Inst|_065_[4] ; clk          ; clk         ; 0.000        ; 0.226      ; 1.463      ;
; 1.153 ; ID00001011_aipScopeNoMPU:ID00001011|ID00001011_scopeNoMPU_core:SCOPENOMPU_CORE|ID00001011_scopeNoMPU_datapath:SCOPENOMPU_DP|ID0000204D_FFT_core:FFT_Inst|_245_[28] ; ID00001011_aipScopeNoMPU:ID00001011|ID00001011_scopeNoMPU_core:SCOPENOMPU_CORE|ID00001011_scopeNoMPU_datapath:SCOPENOMPU_DP|ID0000204D_FFT_core:FFT_Inst|_069_[2] ; clk          ; clk         ; 0.000        ; 0.226      ; 1.463      ;
; 1.164 ; ID00001011_aipScopeNoMPU:ID00001011|ID00001011_scopeNoMPU_core:SCOPENOMPU_CORE|ID00001011_scopeNoMPU_datapath:SCOPENOMPU_DP|ID0000204D_FFT_core:FFT_Inst|_245_[35] ; ID00001011_aipScopeNoMPU:ID00001011|ID00001011_scopeNoMPU_core:SCOPENOMPU_CORE|ID00001011_scopeNoMPU_datapath:SCOPENOMPU_DP|ID0000204D_FFT_core:FFT_Inst|_166_[3] ; clk          ; clk         ; 0.000        ; 0.226      ; 1.474      ;
; 1.164 ; ID00001011_aipScopeNoMPU:ID00001011|ID00001011_scopeNoMPU_core:SCOPENOMPU_CORE|ID00001011_scopeNoMPU_datapath:SCOPENOMPU_DP|ID0000204D_FFT_core:FFT_Inst|_245_[35] ; ID00001011_aipScopeNoMPU:ID00001011|ID00001011_scopeNoMPU_core:SCOPENOMPU_CORE|ID00001011_scopeNoMPU_datapath:SCOPENOMPU_DP|ID0000204D_FFT_core:FFT_Inst|_072_    ; clk          ; clk         ; 0.000        ; 0.226      ; 1.474      ;
; 1.164 ; ID00001011_aipScopeNoMPU:ID00001011|ID00001011_scopeNoMPU_core:SCOPENOMPU_CORE|ID00001011_scopeNoMPU_datapath:SCOPENOMPU_DP|ID0000204D_FFT_core:FFT_Inst|_245_[35] ; ID00001011_aipScopeNoMPU:ID00001011|ID00001011_scopeNoMPU_core:SCOPENOMPU_CORE|ID00001011_scopeNoMPU_datapath:SCOPENOMPU_DP|ID0000204D_FFT_core:FFT_Inst|_069_[4] ; clk          ; clk         ; 0.000        ; 0.226      ; 1.474      ;
; 1.164 ; ID00001011_aipScopeNoMPU:ID00001011|ID00001011_scopeNoMPU_core:SCOPENOMPU_CORE|ID00001011_scopeNoMPU_datapath:SCOPENOMPU_DP|ID0000204D_FFT_core:FFT_Inst|_245_[35] ; ID00001011_aipScopeNoMPU:ID00001011|ID00001011_scopeNoMPU_core:SCOPENOMPU_CORE|ID00001011_scopeNoMPU_datapath:SCOPENOMPU_DP|ID0000204D_FFT_core:FFT_Inst|_065_[6] ; clk          ; clk         ; 0.000        ; 0.226      ; 1.474      ;
+-------+--------------------------------------------------------------------------------------------------------------------------------------------------------------------+-------------------------------------------------------------------------------------------------------------------------------------------------------------------+--------------+-------------+--------------+------------+------------+


----------------------------------------------
; Fast 1200mV 0C Model Metastability Summary ;
----------------------------------------------
Design MTBF is not calculated because the design doesn't meet its timing requirements.



+----------------------------------------------------------------------------------+
; Multicorner Timing Analysis Summary                                              ;
+------------------+------------+-------+----------+---------+---------------------+
; Clock            ; Setup      ; Hold  ; Recovery ; Removal ; Minimum Pulse Width ;
+------------------+------------+-------+----------+---------+---------------------+
; Worst-case Slack ; -15.001    ; 0.110 ; -3.573   ; 1.071   ; -3.000              ;
;  clk             ; -15.001    ; 0.110 ; -3.573   ; 1.071   ; -3.000              ;
; Design-wide TNS  ; -12685.363 ; 0.0   ; -161.906 ; 0.0     ; -3643.461           ;
;  clk             ; -12685.363 ; 0.000 ; -161.906 ; 0.000   ; -3643.461           ;
+------------------+------------+-------+----------+---------+---------------------+


+------------------------------------------------------------------------------------------------------------------------------------------------------------------------------------------------------------------------------------------------------------------------------------------------------------------------------------------------------------------------------------------------------------------+
; Board Trace Model Assignments                                                                                                                                                                                                                                                                                                                                                                                    ;
+---------------+--------------+-------------------+-------------------------+-------------------------+---------------+---------------------+----------------+------------------+--------+------------------+------------------------+------------------------+--------------+---------------+-----------------+-------+---------------------+--------------------+---------------+-----------------+-------------+
; Pin           ; I/O Standard ; Near Tline Length ; Near Tline L per Length ; Near Tline C per Length ; Near Series R ; Near Differential R ; Near Pull-up R ; Near Pull-down R ; Near C ; Far Tline Length ; Far Tline L per Length ; Far Tline C per Length ; Far Series R ; Far Pull-up R ; Far Pull-down R ; Far C ; Termination Voltage ; Far Differential R ; EBD File Name ; EBD Signal Name ; EBD Far-end ;
+---------------+--------------+-------------------+-------------------------+-------------------------+---------------+---------------------+----------------+------------------+--------+------------------+------------------------+------------------------+--------------+---------------+-----------------+-------+---------------------+--------------------+---------------+-----------------+-------------+
; intMCU        ; 3.3-V LVCMOS ; 0 in              ; 0 H/in                  ; 0 F/in                  ; short         ; -                   ; open           ; open             ; open   ; 0 in             ; 0 H/in                 ; 0 F/in                 ; short        ; open          ; open            ; open  ; 0 V                 ; -                  ; n/a           ; n/a             ; n/a         ;
; busy          ; 2.5 V        ; 0 in              ; 0 H/in                  ; 0 F/in                  ; short         ; -                   ; open           ; open             ; open   ; 0 in             ; 0 H/in                 ; 0 F/in                 ; short        ; open          ; open            ; open  ; 0 V                 ; -                  ; n/a           ; n/a             ; n/a         ;
; nRST          ; 3.3-V LVCMOS ; 0 in              ; 0 H/in                  ; 0 F/in                  ; short         ; -                   ; open           ; open             ; open   ; 0 in             ; 0 H/in                 ; 0 F/in                 ; short        ; open          ; open            ; open  ; 0 V                 ; -                  ; n/a           ; n/a             ; n/a         ;
; SDA           ; 3.3-V LVCMOS ; 0 in              ; 0 H/in                  ; 0 F/in                  ; short         ; -                   ; open           ; open             ; open   ; 0 in             ; 0 H/in                 ; 0 F/in                 ; short        ; open          ; open            ; open  ; 0 V                 ; -                  ; n/a           ; n/a             ; n/a         ;
; SCL           ; 3.3-V LVCMOS ; 0 in              ; 0 H/in                  ; 0 F/in                  ; short         ; -                   ; open           ; open             ; open   ; 0 in             ; 0 H/in                 ; 0 F/in                 ; short        ; open          ; open            ; open  ; 0 V                 ; -                  ; n/a           ; n/a             ; n/a         ;
; nCS           ; 3.3-V LVCMOS ; 0 in              ; 0 H/in                  ; 0 F/in                  ; short         ; -                   ; open           ; open             ; open   ; 0 in             ; 0 H/in                 ; 0 F/in                 ; short        ; open          ; open            ; open  ; 0 V                 ; -                  ; n/a           ; n/a             ; n/a         ;
; BL            ; 3.3-V LVCMOS ; 0 in              ; 0 H/in                  ; 0 F/in                  ; short         ; -                   ; open           ; open             ; open   ; 0 in             ; 0 H/in                 ; 0 F/in                 ; short        ; open          ; open            ; open  ; 0 V                 ; -                  ; n/a           ; n/a             ; n/a         ;
; dataMCU[0]    ; 3.3-V LVCMOS ; 0 in              ; 0 H/in                  ; 0 F/in                  ; short         ; -                   ; open           ; open             ; open   ; 0 in             ; 0 H/in                 ; 0 F/in                 ; short        ; open          ; open            ; open  ; 0 V                 ; -                  ; n/a           ; n/a             ; n/a         ;
; dataMCU[1]    ; 3.3-V LVCMOS ; 0 in              ; 0 H/in                  ; 0 F/in                  ; short         ; -                   ; open           ; open             ; open   ; 0 in             ; 0 H/in                 ; 0 F/in                 ; short        ; open          ; open            ; open  ; 0 V                 ; -                  ; n/a           ; n/a             ; n/a         ;
; dataMCU[2]    ; 3.3-V LVCMOS ; 0 in              ; 0 H/in                  ; 0 F/in                  ; short         ; -                   ; open           ; open             ; open   ; 0 in             ; 0 H/in                 ; 0 F/in                 ; short        ; open          ; open            ; open  ; 0 V                 ; -                  ; n/a           ; n/a             ; n/a         ;
; dataMCU[3]    ; 3.3-V LVCMOS ; 0 in              ; 0 H/in                  ; 0 F/in                  ; short         ; -                   ; open           ; open             ; open   ; 0 in             ; 0 H/in                 ; 0 F/in                 ; short        ; open          ; open            ; open  ; 0 V                 ; -                  ; n/a           ; n/a             ; n/a         ;
; dataMCU[4]    ; 3.3-V LVCMOS ; 0 in              ; 0 H/in                  ; 0 F/in                  ; short         ; -                   ; open           ; open             ; open   ; 0 in             ; 0 H/in                 ; 0 F/in                 ; short        ; open          ; open            ; open  ; 0 V                 ; -                  ; n/a           ; n/a             ; n/a         ;
; dataMCU[5]    ; 3.3-V LVCMOS ; 0 in              ; 0 H/in                  ; 0 F/in                  ; short         ; -                   ; open           ; open             ; open   ; 0 in             ; 0 H/in                 ; 0 F/in                 ; short        ; open          ; open            ; open  ; 0 V                 ; -                  ; n/a           ; n/a             ; n/a         ;
; dataMCU[6]    ; 3.3-V LVCMOS ; 0 in              ; 0 H/in                  ; 0 F/in                  ; short         ; -                   ; open           ; open             ; open   ; 0 in             ; 0 H/in                 ; 0 F/in                 ; short        ; open          ; open            ; open  ; 0 V                 ; -                  ; n/a           ; n/a             ; n/a         ;
; dataMCU[7]    ; 3.3-V LVCMOS ; 0 in              ; 0 H/in                  ; 0 F/in                  ; short         ; -                   ; open           ; open             ; open   ; 0 in             ; 0 H/in                 ; 0 F/in                 ; short        ; open          ; open            ; open  ; 0 V                 ; -                  ; n/a           ; n/a             ; n/a         ;
; ~ALTERA_DCLK~ ; 2.5 V        ; 0 in              ; 0 H/in                  ; 0 F/in                  ; short         ; -                   ; open           ; open             ; open   ; 0 in             ; 0 H/in                 ; 0 F/in                 ; short        ; open          ; open            ; open  ; 0 V                 ; -                  ; n/a           ; n/a             ; n/a         ;
; ~ALTERA_nCEO~ ; 3.3-V LVTTL  ; 0 in              ; 0 H/in                  ; 0 F/in                  ; short         ; -                   ; open           ; open             ; open   ; 0 in             ; 0 H/in                 ; 0 F/in                 ; short        ; open          ; open            ; open  ; 0 V                 ; -                  ; n/a           ; n/a             ; n/a         ;
+---------------+--------------+-------------------+-------------------------+-------------------------+---------------+---------------------+----------------+------------------+--------+------------------+------------------------+------------------------+--------------+---------------+-----------------+-------+---------------------+--------------------+---------------+-----------------+-------------+


+----------------------------------------------------------------------------+
; Input Transition Times                                                     ;
+-------------------------+--------------+-----------------+-----------------+
; Pin                     ; I/O Standard ; 10-90 Rise Time ; 90-10 Fall Time ;
+-------------------------+--------------+-----------------+-----------------+
; zoomButton              ; 3.3-V LVCMOS ; 2640 ps         ; 2640 ps         ;
; dataMCU[0]              ; 3.3-V LVCMOS ; 2640 ps         ; 2640 ps         ;
; dataMCU[1]              ; 3.3-V LVCMOS ; 2640 ps         ; 2640 ps         ;
; dataMCU[2]              ; 3.3-V LVCMOS ; 2640 ps         ; 2640 ps         ;
; dataMCU[3]              ; 3.3-V LVCMOS ; 2640 ps         ; 2640 ps         ;
; dataMCU[4]              ; 3.3-V LVCMOS ; 2640 ps         ; 2640 ps         ;
; dataMCU[5]              ; 3.3-V LVCMOS ; 2640 ps         ; 2640 ps         ;
; dataMCU[6]              ; 3.3-V LVCMOS ; 2640 ps         ; 2640 ps         ;
; dataMCU[7]              ; 3.3-V LVCMOS ; 2640 ps         ; 2640 ps         ;
; clk                     ; 3.3-V LVCMOS ; 2640 ps         ; 2640 ps         ;
; rstn                    ; 3.3-V LVCMOS ; 2640 ps         ; 2640 ps         ;
; scopeFreeze             ; 3.3-V LVCMOS ; 2640 ps         ; 2640 ps         ;
; rstMCU                  ; 3.3-V LVCMOS ; 2640 ps         ; 2640 ps         ;
; wrMCU                   ; 3.3-V LVCMOS ; 2640 ps         ; 2640 ps         ;
; addressMCU[1]           ; 3.3-V LVCMOS ; 2640 ps         ; 2640 ps         ;
; addressMCU[0]           ; 3.3-V LVCMOS ; 2640 ps         ; 2640 ps         ;
; addressMCU[2]           ; 3.3-V LVCMOS ; 2640 ps         ; 2640 ps         ;
; addressMCU[3]           ; 3.3-V LVCMOS ; 2640 ps         ; 2640 ps         ;
; rdMCU                   ; 3.3-V LVCMOS ; 2640 ps         ; 2640 ps         ;
; valid_data              ; 3.3-V LVCMOS ; 2640 ps         ; 2640 ps         ;
; sync                    ; 2.5 V        ; 2000 ps         ; 2000 ps         ;
; dataStream[15]          ; 3.3-V LVCMOS ; 2640 ps         ; 2640 ps         ;
; dataStream[14]          ; 3.3-V LVCMOS ; 2640 ps         ; 2640 ps         ;
; dataStream[13]          ; 3.3-V LVCMOS ; 2640 ps         ; 2640 ps         ;
; dataStream[12]          ; 3.3-V LVCMOS ; 2640 ps         ; 2640 ps         ;
; dataStream[11]          ; 3.3-V LVCMOS ; 2640 ps         ; 2640 ps         ;
; dataStream[10]          ; 3.3-V LVCMOS ; 2640 ps         ; 2640 ps         ;
; dataStream[9]           ; 3.3-V LVCMOS ; 2640 ps         ; 2640 ps         ;
; dataStream[8]           ; 3.3-V LVCMOS ; 2640 ps         ; 2640 ps         ;
; dataStream[7]           ; 3.3-V LVCMOS ; 2640 ps         ; 2640 ps         ;
; dataStream[6]           ; 3.3-V LVCMOS ; 2640 ps         ; 2640 ps         ;
; dataStream[5]           ; 3.3-V LVCMOS ; 2640 ps         ; 2640 ps         ;
; dataStream[4]           ; 3.3-V LVCMOS ; 2640 ps         ; 2640 ps         ;
; dataStream[3]           ; 3.3-V LVCMOS ; 2640 ps         ; 2640 ps         ;
; dataStream[2]           ; 3.3-V LVCMOS ; 2640 ps         ; 2640 ps         ;
; dataStream[1]           ; 3.3-V LVCMOS ; 2640 ps         ; 2640 ps         ;
; dataStream[0]           ; 3.3-V LVCMOS ; 2640 ps         ; 2640 ps         ;
; dataStream[31]          ; 3.3-V LVCMOS ; 2640 ps         ; 2640 ps         ;
; dataStream[30]          ; 3.3-V LVCMOS ; 2640 ps         ; 2640 ps         ;
; dataStream[29]          ; 3.3-V LVCMOS ; 2640 ps         ; 2640 ps         ;
; dataStream[28]          ; 3.3-V LVCMOS ; 2640 ps         ; 2640 ps         ;
; dataStream[27]          ; 3.3-V LVCMOS ; 2640 ps         ; 2640 ps         ;
; dataStream[26]          ; 3.3-V LVCMOS ; 2640 ps         ; 2640 ps         ;
; dataStream[25]          ; 3.3-V LVCMOS ; 2640 ps         ; 2640 ps         ;
; dataStream[24]          ; 3.3-V LVCMOS ; 2640 ps         ; 2640 ps         ;
; dataStream[23]          ; 3.3-V LVCMOS ; 2640 ps         ; 2640 ps         ;
; dataStream[22]          ; 3.3-V LVCMOS ; 2640 ps         ; 2640 ps         ;
; dataStream[21]          ; 3.3-V LVCMOS ; 2640 ps         ; 2640 ps         ;
; dataStream[20]          ; 3.3-V LVCMOS ; 2640 ps         ; 2640 ps         ;
; dataStream[19]          ; 3.3-V LVCMOS ; 2640 ps         ; 2640 ps         ;
; dataStream[18]          ; 3.3-V LVCMOS ; 2640 ps         ; 2640 ps         ;
; dataStream[17]          ; 3.3-V LVCMOS ; 2640 ps         ; 2640 ps         ;
; dataStream[16]          ; 3.3-V LVCMOS ; 2640 ps         ; 2640 ps         ;
; ~ALTERA_ASDO_DATA1~     ; 2.5 V        ; 2000 ps         ; 2000 ps         ;
; ~ALTERA_FLASH_nCE_nCSO~ ; 2.5 V        ; 2000 ps         ; 2000 ps         ;
; ~ALTERA_DATA0~          ; 2.5 V        ; 2000 ps         ; 2000 ps         ;
+-------------------------+--------------+-----------------+-----------------+


+--------------------------------------------------------------------------------------------------------------------------------------------------------------------------------------------------------------------------------------------------------------------------------------------------------------------------------------------------------------------------------------------------------------------------------------------------------------------------------------------------------------------------------------------------------------------------------------------------------------------------------------------------------------------------------------------+
; Signal Integrity Metrics (Slow 1200mv 0c Model)                                                                                                                                                                                                                                                                                                                                                                                                                                                                                                                                                                                                                                            ;
+---------------+--------------+---------------------+---------------------+------------------------------+------------------------------+---------------------+---------------------+--------------------------------------+--------------------------------------+-----------------------------+-----------------------------+----------------------------+----------------------------+-----------------------------+-----------------------------+--------------------+--------------------+-------------------------------------+-------------------------------------+----------------------------+----------------------------+---------------------------+---------------------------+
; Pin           ; I/O Standard ; Board Delay on Rise ; Board Delay on Fall ; Steady State Voh at FPGA Pin ; Steady State Vol at FPGA Pin ; Voh Max at FPGA Pin ; Vol Min at FPGA Pin ; Ringback Voltage on Rise at FPGA Pin ; Ringback Voltage on Fall at FPGA Pin ; 10-90 Rise Time at FPGA Pin ; 90-10 Fall Time at FPGA Pin ; Monotonic Rise at FPGA Pin ; Monotonic Fall at FPGA Pin ; Steady State Voh at Far-end ; Steady State Vol at Far-end ; Voh Max at Far-end ; Vol Min at Far-end ; Ringback Voltage on Rise at Far-end ; Ringback Voltage on Fall at Far-end ; 10-90 Rise Time at Far-end ; 90-10 Fall Time at Far-end ; Monotonic Rise at Far-end ; Monotonic Fall at Far-end ;
+---------------+--------------+---------------------+---------------------+------------------------------+------------------------------+---------------------+---------------------+--------------------------------------+--------------------------------------+-----------------------------+-----------------------------+----------------------------+----------------------------+-----------------------------+-----------------------------+--------------------+--------------------+-------------------------------------+-------------------------------------+----------------------------+----------------------------+---------------------------+---------------------------+
; intMCU        ; 3.3-V LVCMOS ; 0 s                 ; 0 s                 ; 3.08 V                       ; 2.52e-08 V                   ; 3.1 V               ; -0.0331 V           ; 0.122 V                              ; 0.234 V                              ; 7.05e-10 s                  ; 6.68e-10 s                  ; Yes                        ; Yes                        ; 3.08 V                      ; 2.52e-08 V                  ; 3.1 V              ; -0.0331 V          ; 0.122 V                             ; 0.234 V                             ; 7.05e-10 s                 ; 6.68e-10 s                 ; Yes                       ; Yes                       ;
; busy          ; 2.5 V        ; 0 s                 ; 0 s                 ; 2.32 V                       ; 4.49e-09 V                   ; 2.38 V              ; -0.00552 V          ; 0.096 V                              ; 0.019 V                              ; 4.18e-10 s                  ; 3.59e-10 s                  ; No                         ; Yes                        ; 2.32 V                      ; 4.49e-09 V                  ; 2.38 V             ; -0.00552 V         ; 0.096 V                             ; 0.019 V                             ; 4.18e-10 s                 ; 3.59e-10 s                 ; No                        ; Yes                       ;
; nRST          ; 3.3-V LVCMOS ; 0 s                 ; 0 s                 ; 3.08 V                       ; 2.52e-08 V                   ; 3.1 V               ; -0.0331 V           ; 0.122 V                              ; 0.234 V                              ; 7.05e-10 s                  ; 6.68e-10 s                  ; Yes                        ; Yes                        ; 3.08 V                      ; 2.52e-08 V                  ; 3.1 V              ; -0.0331 V          ; 0.122 V                             ; 0.234 V                             ; 7.05e-10 s                 ; 6.68e-10 s                 ; Yes                       ; Yes                       ;
; SDA           ; 3.3-V LVCMOS ; 0 s                 ; 0 s                 ; 3.08 V                       ; 2.52e-08 V                   ; 3.1 V               ; -0.0331 V           ; 0.122 V                              ; 0.234 V                              ; 7.05e-10 s                  ; 6.68e-10 s                  ; Yes                        ; Yes                        ; 3.08 V                      ; 2.52e-08 V                  ; 3.1 V              ; -0.0331 V          ; 0.122 V                             ; 0.234 V                             ; 7.05e-10 s                 ; 6.68e-10 s                 ; Yes                       ; Yes                       ;
; SCL           ; 3.3-V LVCMOS ; 0 s                 ; 0 s                 ; 3.08 V                       ; 2.52e-08 V                   ; 3.1 V               ; -0.0331 V           ; 0.122 V                              ; 0.234 V                              ; 7.05e-10 s                  ; 6.68e-10 s                  ; Yes                        ; Yes                        ; 3.08 V                      ; 2.52e-08 V                  ; 3.1 V              ; -0.0331 V          ; 0.122 V                             ; 0.234 V                             ; 7.05e-10 s                 ; 6.68e-10 s                 ; Yes                       ; Yes                       ;
; nCS           ; 3.3-V LVCMOS ; 0 s                 ; 0 s                 ; 3.08 V                       ; 2.52e-08 V                   ; 3.1 V               ; -0.0331 V           ; 0.122 V                              ; 0.234 V                              ; 7.05e-10 s                  ; 6.68e-10 s                  ; Yes                        ; Yes                        ; 3.08 V                      ; 2.52e-08 V                  ; 3.1 V              ; -0.0331 V          ; 0.122 V                             ; 0.234 V                             ; 7.05e-10 s                 ; 6.68e-10 s                 ; Yes                       ; Yes                       ;
; BL            ; 3.3-V LVCMOS ; 0 s                 ; 0 s                 ; 3.08 V                       ; 2.52e-08 V                   ; 3.1 V               ; -0.0331 V           ; 0.122 V                              ; 0.234 V                              ; 7.05e-10 s                  ; 6.68e-10 s                  ; Yes                        ; Yes                        ; 3.08 V                      ; 2.52e-08 V                  ; 3.1 V              ; -0.0331 V          ; 0.122 V                             ; 0.234 V                             ; 7.05e-10 s                 ; 6.68e-10 s                 ; Yes                       ; Yes                       ;
; dataMCU[0]    ; 3.3-V LVCMOS ; 0 s                 ; 0 s                 ; 3.08 V                       ; 2.52e-08 V                   ; 3.1 V               ; -0.0331 V           ; 0.122 V                              ; 0.234 V                              ; 7.05e-10 s                  ; 6.68e-10 s                  ; Yes                        ; Yes                        ; 3.08 V                      ; 2.52e-08 V                  ; 3.1 V              ; -0.0331 V          ; 0.122 V                             ; 0.234 V                             ; 7.05e-10 s                 ; 6.68e-10 s                 ; Yes                       ; Yes                       ;
; dataMCU[1]    ; 3.3-V LVCMOS ; 0 s                 ; 0 s                 ; 3.08 V                       ; 2.52e-08 V                   ; 3.1 V               ; -0.0331 V           ; 0.122 V                              ; 0.234 V                              ; 7.05e-10 s                  ; 6.68e-10 s                  ; Yes                        ; Yes                        ; 3.08 V                      ; 2.52e-08 V                  ; 3.1 V              ; -0.0331 V          ; 0.122 V                             ; 0.234 V                             ; 7.05e-10 s                 ; 6.68e-10 s                 ; Yes                       ; Yes                       ;
; dataMCU[2]    ; 3.3-V LVCMOS ; 0 s                 ; 0 s                 ; 3.08 V                       ; 2.52e-08 V                   ; 3.1 V               ; -0.0331 V           ; 0.122 V                              ; 0.234 V                              ; 7.05e-10 s                  ; 6.68e-10 s                  ; Yes                        ; Yes                        ; 3.08 V                      ; 2.52e-08 V                  ; 3.1 V              ; -0.0331 V          ; 0.122 V                             ; 0.234 V                             ; 7.05e-10 s                 ; 6.68e-10 s                 ; Yes                       ; Yes                       ;
; dataMCU[3]    ; 3.3-V LVCMOS ; 0 s                 ; 0 s                 ; 3.08 V                       ; 2.52e-08 V                   ; 3.1 V               ; -0.0331 V           ; 0.122 V                              ; 0.234 V                              ; 7.05e-10 s                  ; 6.68e-10 s                  ; Yes                        ; Yes                        ; 3.08 V                      ; 2.52e-08 V                  ; 3.1 V              ; -0.0331 V          ; 0.122 V                             ; 0.234 V                             ; 7.05e-10 s                 ; 6.68e-10 s                 ; Yes                       ; Yes                       ;
; dataMCU[4]    ; 3.3-V LVCMOS ; 0 s                 ; 0 s                 ; 3.08 V                       ; 2.52e-08 V                   ; 3.1 V               ; -0.0331 V           ; 0.122 V                              ; 0.234 V                              ; 7.05e-10 s                  ; 6.68e-10 s                  ; Yes                        ; Yes                        ; 3.08 V                      ; 2.52e-08 V                  ; 3.1 V              ; -0.0331 V          ; 0.122 V                             ; 0.234 V                             ; 7.05e-10 s                 ; 6.68e-10 s                 ; Yes                       ; Yes                       ;
; dataMCU[5]    ; 3.3-V LVCMOS ; 0 s                 ; 0 s                 ; 3.08 V                       ; 2.52e-08 V                   ; 3.1 V               ; -0.0331 V           ; 0.122 V                              ; 0.234 V                              ; 7.05e-10 s                  ; 6.68e-10 s                  ; Yes                        ; Yes                        ; 3.08 V                      ; 2.52e-08 V                  ; 3.1 V              ; -0.0331 V          ; 0.122 V                             ; 0.234 V                             ; 7.05e-10 s                 ; 6.68e-10 s                 ; Yes                       ; Yes                       ;
; dataMCU[6]    ; 3.3-V LVCMOS ; 0 s                 ; 0 s                 ; 3.08 V                       ; 2.52e-08 V                   ; 3.1 V               ; -0.0331 V           ; 0.122 V                              ; 0.234 V                              ; 7.05e-10 s                  ; 6.68e-10 s                  ; Yes                        ; Yes                        ; 3.08 V                      ; 2.52e-08 V                  ; 3.1 V              ; -0.0331 V          ; 0.122 V                             ; 0.234 V                             ; 7.05e-10 s                 ; 6.68e-10 s                 ; Yes                       ; Yes                       ;
; dataMCU[7]    ; 3.3-V LVCMOS ; 0 s                 ; 0 s                 ; 3.08 V                       ; 2.52e-08 V                   ; 3.1 V               ; -0.0331 V           ; 0.122 V                              ; 0.234 V                              ; 7.05e-10 s                  ; 6.68e-10 s                  ; Yes                        ; Yes                        ; 3.08 V                      ; 2.52e-08 V                  ; 3.1 V              ; -0.0331 V          ; 0.122 V                             ; 0.234 V                             ; 7.05e-10 s                 ; 6.68e-10 s                 ; Yes                       ; Yes                       ;
; ~ALTERA_DCLK~ ; 2.5 V        ; 0 s                 ; 0 s                 ; 2.32 V                       ; 2.67e-09 V                   ; 2.38 V              ; -0.0485 V           ; 0.167 V                              ; 0.096 V                              ; 2.95e-10 s                  ; 2.73e-10 s                  ; Yes                        ; Yes                        ; 2.32 V                      ; 2.67e-09 V                  ; 2.38 V             ; -0.0485 V          ; 0.167 V                             ; 0.096 V                             ; 2.95e-10 s                 ; 2.73e-10 s                 ; Yes                       ; Yes                       ;
; ~ALTERA_nCEO~ ; 3.3-V LVTTL  ; 0 s                 ; 0 s                 ; 3.08 V                       ; 1.11e-08 V                   ; 3.13 V              ; -0.0798 V           ; 0.192 V                              ; 0.22 V                               ; 8.68e-10 s                  ; 6.46e-10 s                  ; No                         ; No                         ; 3.08 V                      ; 1.11e-08 V                  ; 3.13 V             ; -0.0798 V          ; 0.192 V                             ; 0.22 V                              ; 8.68e-10 s                 ; 6.46e-10 s                 ; No                        ; No                        ;
+---------------+--------------+---------------------+---------------------+------------------------------+------------------------------+---------------------+---------------------+--------------------------------------+--------------------------------------+-----------------------------+-----------------------------+----------------------------+----------------------------+-----------------------------+-----------------------------+--------------------+--------------------+-------------------------------------+-------------------------------------+----------------------------+----------------------------+---------------------------+---------------------------+


+--------------------------------------------------------------------------------------------------------------------------------------------------------------------------------------------------------------------------------------------------------------------------------------------------------------------------------------------------------------------------------------------------------------------------------------------------------------------------------------------------------------------------------------------------------------------------------------------------------------------------------------------------------------------------------------------+
; Signal Integrity Metrics (Slow 1200mv 85c Model)                                                                                                                                                                                                                                                                                                                                                                                                                                                                                                                                                                                                                                           ;
+---------------+--------------+---------------------+---------------------+------------------------------+------------------------------+---------------------+---------------------+--------------------------------------+--------------------------------------+-----------------------------+-----------------------------+----------------------------+----------------------------+-----------------------------+-----------------------------+--------------------+--------------------+-------------------------------------+-------------------------------------+----------------------------+----------------------------+---------------------------+---------------------------+
; Pin           ; I/O Standard ; Board Delay on Rise ; Board Delay on Fall ; Steady State Voh at FPGA Pin ; Steady State Vol at FPGA Pin ; Voh Max at FPGA Pin ; Vol Min at FPGA Pin ; Ringback Voltage on Rise at FPGA Pin ; Ringback Voltage on Fall at FPGA Pin ; 10-90 Rise Time at FPGA Pin ; 90-10 Fall Time at FPGA Pin ; Monotonic Rise at FPGA Pin ; Monotonic Fall at FPGA Pin ; Steady State Voh at Far-end ; Steady State Vol at Far-end ; Voh Max at Far-end ; Vol Min at Far-end ; Ringback Voltage on Rise at Far-end ; Ringback Voltage on Fall at Far-end ; 10-90 Rise Time at Far-end ; 90-10 Fall Time at Far-end ; Monotonic Rise at Far-end ; Monotonic Fall at Far-end ;
+---------------+--------------+---------------------+---------------------+------------------------------+------------------------------+---------------------+---------------------+--------------------------------------+--------------------------------------+-----------------------------+-----------------------------+----------------------------+----------------------------+-----------------------------+-----------------------------+--------------------+--------------------+-------------------------------------+-------------------------------------+----------------------------+----------------------------+---------------------------+---------------------------+
; intMCU        ; 3.3-V LVCMOS ; 0 s                 ; 0 s                 ; 3.08 V                       ; 3.03e-06 V                   ; 3.09 V              ; -0.0153 V           ; 0.06 V                               ; 0.116 V                              ; 8.84e-10 s                  ; 8.65e-10 s                  ; Yes                        ; Yes                        ; 3.08 V                      ; 3.03e-06 V                  ; 3.09 V             ; -0.0153 V          ; 0.06 V                              ; 0.116 V                             ; 8.84e-10 s                 ; 8.65e-10 s                 ; Yes                       ; Yes                       ;
; busy          ; 2.5 V        ; 0 s                 ; 0 s                 ; 2.32 V                       ; 6.92e-07 V                   ; 2.35 V              ; -0.00996 V          ; 0.121 V                              ; 0.03 V                               ; 4.64e-10 s                  ; 4.47e-10 s                  ; Yes                        ; Yes                        ; 2.32 V                      ; 6.92e-07 V                  ; 2.35 V             ; -0.00996 V         ; 0.121 V                             ; 0.03 V                              ; 4.64e-10 s                 ; 4.47e-10 s                 ; Yes                       ; Yes                       ;
; nRST          ; 3.3-V LVCMOS ; 0 s                 ; 0 s                 ; 3.08 V                       ; 3.03e-06 V                   ; 3.09 V              ; -0.0153 V           ; 0.06 V                               ; 0.116 V                              ; 8.84e-10 s                  ; 8.65e-10 s                  ; Yes                        ; Yes                        ; 3.08 V                      ; 3.03e-06 V                  ; 3.09 V             ; -0.0153 V          ; 0.06 V                              ; 0.116 V                             ; 8.84e-10 s                 ; 8.65e-10 s                 ; Yes                       ; Yes                       ;
; SDA           ; 3.3-V LVCMOS ; 0 s                 ; 0 s                 ; 3.08 V                       ; 3.03e-06 V                   ; 3.09 V              ; -0.0153 V           ; 0.06 V                               ; 0.116 V                              ; 8.84e-10 s                  ; 8.65e-10 s                  ; Yes                        ; Yes                        ; 3.08 V                      ; 3.03e-06 V                  ; 3.09 V             ; -0.0153 V          ; 0.06 V                              ; 0.116 V                             ; 8.84e-10 s                 ; 8.65e-10 s                 ; Yes                       ; Yes                       ;
; SCL           ; 3.3-V LVCMOS ; 0 s                 ; 0 s                 ; 3.08 V                       ; 3.03e-06 V                   ; 3.09 V              ; -0.0153 V           ; 0.06 V                               ; 0.116 V                              ; 8.84e-10 s                  ; 8.65e-10 s                  ; Yes                        ; Yes                        ; 3.08 V                      ; 3.03e-06 V                  ; 3.09 V             ; -0.0153 V          ; 0.06 V                              ; 0.116 V                             ; 8.84e-10 s                 ; 8.65e-10 s                 ; Yes                       ; Yes                       ;
; nCS           ; 3.3-V LVCMOS ; 0 s                 ; 0 s                 ; 3.08 V                       ; 3.03e-06 V                   ; 3.09 V              ; -0.0153 V           ; 0.06 V                               ; 0.116 V                              ; 8.84e-10 s                  ; 8.65e-10 s                  ; Yes                        ; Yes                        ; 3.08 V                      ; 3.03e-06 V                  ; 3.09 V             ; -0.0153 V          ; 0.06 V                              ; 0.116 V                             ; 8.84e-10 s                 ; 8.65e-10 s                 ; Yes                       ; Yes                       ;
; BL            ; 3.3-V LVCMOS ; 0 s                 ; 0 s                 ; 3.08 V                       ; 3.03e-06 V                   ; 3.09 V              ; -0.0153 V           ; 0.06 V                               ; 0.116 V                              ; 8.84e-10 s                  ; 8.65e-10 s                  ; Yes                        ; Yes                        ; 3.08 V                      ; 3.03e-06 V                  ; 3.09 V             ; -0.0153 V          ; 0.06 V                              ; 0.116 V                             ; 8.84e-10 s                 ; 8.65e-10 s                 ; Yes                       ; Yes                       ;
; dataMCU[0]    ; 3.3-V LVCMOS ; 0 s                 ; 0 s                 ; 3.08 V                       ; 3.03e-06 V                   ; 3.09 V              ; -0.0153 V           ; 0.06 V                               ; 0.116 V                              ; 8.84e-10 s                  ; 8.65e-10 s                  ; Yes                        ; Yes                        ; 3.08 V                      ; 3.03e-06 V                  ; 3.09 V             ; -0.0153 V          ; 0.06 V                              ; 0.116 V                             ; 8.84e-10 s                 ; 8.65e-10 s                 ; Yes                       ; Yes                       ;
; dataMCU[1]    ; 3.3-V LVCMOS ; 0 s                 ; 0 s                 ; 3.08 V                       ; 3.03e-06 V                   ; 3.09 V              ; -0.0153 V           ; 0.06 V                               ; 0.116 V                              ; 8.84e-10 s                  ; 8.65e-10 s                  ; Yes                        ; Yes                        ; 3.08 V                      ; 3.03e-06 V                  ; 3.09 V             ; -0.0153 V          ; 0.06 V                              ; 0.116 V                             ; 8.84e-10 s                 ; 8.65e-10 s                 ; Yes                       ; Yes                       ;
; dataMCU[2]    ; 3.3-V LVCMOS ; 0 s                 ; 0 s                 ; 3.08 V                       ; 3.03e-06 V                   ; 3.09 V              ; -0.0153 V           ; 0.06 V                               ; 0.116 V                              ; 8.84e-10 s                  ; 8.65e-10 s                  ; Yes                        ; Yes                        ; 3.08 V                      ; 3.03e-06 V                  ; 3.09 V             ; -0.0153 V          ; 0.06 V                              ; 0.116 V                             ; 8.84e-10 s                 ; 8.65e-10 s                 ; Yes                       ; Yes                       ;
; dataMCU[3]    ; 3.3-V LVCMOS ; 0 s                 ; 0 s                 ; 3.08 V                       ; 3.03e-06 V                   ; 3.09 V              ; -0.0153 V           ; 0.06 V                               ; 0.116 V                              ; 8.84e-10 s                  ; 8.65e-10 s                  ; Yes                        ; Yes                        ; 3.08 V                      ; 3.03e-06 V                  ; 3.09 V             ; -0.0153 V          ; 0.06 V                              ; 0.116 V                             ; 8.84e-10 s                 ; 8.65e-10 s                 ; Yes                       ; Yes                       ;
; dataMCU[4]    ; 3.3-V LVCMOS ; 0 s                 ; 0 s                 ; 3.08 V                       ; 3.03e-06 V                   ; 3.09 V              ; -0.0153 V           ; 0.06 V                               ; 0.116 V                              ; 8.84e-10 s                  ; 8.65e-10 s                  ; Yes                        ; Yes                        ; 3.08 V                      ; 3.03e-06 V                  ; 3.09 V             ; -0.0153 V          ; 0.06 V                              ; 0.116 V                             ; 8.84e-10 s                 ; 8.65e-10 s                 ; Yes                       ; Yes                       ;
; dataMCU[5]    ; 3.3-V LVCMOS ; 0 s                 ; 0 s                 ; 3.08 V                       ; 3.03e-06 V                   ; 3.09 V              ; -0.0153 V           ; 0.06 V                               ; 0.116 V                              ; 8.84e-10 s                  ; 8.65e-10 s                  ; Yes                        ; Yes                        ; 3.08 V                      ; 3.03e-06 V                  ; 3.09 V             ; -0.0153 V          ; 0.06 V                              ; 0.116 V                             ; 8.84e-10 s                 ; 8.65e-10 s                 ; Yes                       ; Yes                       ;
; dataMCU[6]    ; 3.3-V LVCMOS ; 0 s                 ; 0 s                 ; 3.08 V                       ; 3.03e-06 V                   ; 3.09 V              ; -0.0153 V           ; 0.06 V                               ; 0.116 V                              ; 8.84e-10 s                  ; 8.65e-10 s                  ; Yes                        ; Yes                        ; 3.08 V                      ; 3.03e-06 V                  ; 3.09 V             ; -0.0153 V          ; 0.06 V                              ; 0.116 V                             ; 8.84e-10 s                 ; 8.65e-10 s                 ; Yes                       ; Yes                       ;
; dataMCU[7]    ; 3.3-V LVCMOS ; 0 s                 ; 0 s                 ; 3.08 V                       ; 3.03e-06 V                   ; 3.09 V              ; -0.0153 V           ; 0.06 V                               ; 0.116 V                              ; 8.84e-10 s                  ; 8.65e-10 s                  ; Yes                        ; Yes                        ; 3.08 V                      ; 3.03e-06 V                  ; 3.09 V             ; -0.0153 V          ; 0.06 V                              ; 0.116 V                             ; 8.84e-10 s                 ; 8.65e-10 s                 ; Yes                       ; Yes                       ;
; ~ALTERA_DCLK~ ; 2.5 V        ; 0 s                 ; 0 s                 ; 2.32 V                       ; 3.75e-07 V                   ; 2.35 V              ; -0.0109 V           ; 0.084 V                              ; 0.027 V                              ; 4.31e-10 s                  ; 3.61e-10 s                  ; Yes                        ; Yes                        ; 2.32 V                      ; 3.75e-07 V                  ; 2.35 V             ; -0.0109 V          ; 0.084 V                             ; 0.027 V                             ; 4.31e-10 s                 ; 3.61e-10 s                 ; Yes                       ; Yes                       ;
; ~ALTERA_nCEO~ ; 3.3-V LVTTL  ; 0 s                 ; 0 s                 ; 3.08 V                       ; 1.28e-06 V                   ; 3.11 V              ; -0.0528 V           ; 0.302 V                              ; 0.199 V                              ; 9.51e-10 s                  ; 8.47e-10 s                  ; Yes                        ; No                         ; 3.08 V                      ; 1.28e-06 V                  ; 3.11 V             ; -0.0528 V          ; 0.302 V                             ; 0.199 V                             ; 9.51e-10 s                 ; 8.47e-10 s                 ; Yes                       ; No                        ;
+---------------+--------------+---------------------+---------------------+------------------------------+------------------------------+---------------------+---------------------+--------------------------------------+--------------------------------------+-----------------------------+-----------------------------+----------------------------+----------------------------+-----------------------------+-----------------------------+--------------------+--------------------+-------------------------------------+-------------------------------------+----------------------------+----------------------------+---------------------------+---------------------------+


+--------------------------------------------------------------------------------------------------------------------------------------------------------------------------------------------------------------------------------------------------------------------------------------------------------------------------------------------------------------------------------------------------------------------------------------------------------------------------------------------------------------------------------------------------------------------------------------------------------------------------------------------------------------------------------------------+
; Signal Integrity Metrics (Fast 1200mv 0c Model)                                                                                                                                                                                                                                                                                                                                                                                                                                                                                                                                                                                                                                            ;
+---------------+--------------+---------------------+---------------------+------------------------------+------------------------------+---------------------+---------------------+--------------------------------------+--------------------------------------+-----------------------------+-----------------------------+----------------------------+----------------------------+-----------------------------+-----------------------------+--------------------+--------------------+-------------------------------------+-------------------------------------+----------------------------+----------------------------+---------------------------+---------------------------+
; Pin           ; I/O Standard ; Board Delay on Rise ; Board Delay on Fall ; Steady State Voh at FPGA Pin ; Steady State Vol at FPGA Pin ; Voh Max at FPGA Pin ; Vol Min at FPGA Pin ; Ringback Voltage on Rise at FPGA Pin ; Ringback Voltage on Fall at FPGA Pin ; 10-90 Rise Time at FPGA Pin ; 90-10 Fall Time at FPGA Pin ; Monotonic Rise at FPGA Pin ; Monotonic Fall at FPGA Pin ; Steady State Voh at Far-end ; Steady State Vol at Far-end ; Voh Max at Far-end ; Vol Min at Far-end ; Ringback Voltage on Rise at Far-end ; Ringback Voltage on Fall at Far-end ; 10-90 Rise Time at Far-end ; 90-10 Fall Time at Far-end ; Monotonic Rise at Far-end ; Monotonic Fall at Far-end ;
+---------------+--------------+---------------------+---------------------+------------------------------+------------------------------+---------------------+---------------------+--------------------------------------+--------------------------------------+-----------------------------+-----------------------------+----------------------------+----------------------------+-----------------------------+-----------------------------+--------------------+--------------------+-------------------------------------+-------------------------------------+----------------------------+----------------------------+---------------------------+---------------------------+
; intMCU        ; 3.3-V LVCMOS ; 0 s                 ; 0 s                 ; 3.46 V                       ; 2.95e-07 V                   ; 3.52 V              ; -0.0582 V           ; 0.201 V                              ; 0.186 V                              ; 6.35e-10 s                  ; 6.31e-10 s                  ; No                         ; No                         ; 3.46 V                      ; 2.95e-07 V                  ; 3.52 V             ; -0.0582 V          ; 0.201 V                             ; 0.186 V                             ; 6.35e-10 s                 ; 6.31e-10 s                 ; No                        ; No                        ;
; busy          ; 2.5 V        ; 0 s                 ; 0 s                 ; 2.62 V                       ; 4.05e-08 V                   ; 2.72 V              ; -0.0349 V           ; 0.173 V                              ; 0.1 V                                ; 2.72e-10 s                  ; 2.69e-10 s                  ; Yes                        ; Yes                        ; 2.62 V                      ; 4.05e-08 V                  ; 2.72 V             ; -0.0349 V          ; 0.173 V                             ; 0.1 V                               ; 2.72e-10 s                 ; 2.69e-10 s                 ; Yes                       ; Yes                       ;
; nRST          ; 3.3-V LVCMOS ; 0 s                 ; 0 s                 ; 3.46 V                       ; 2.95e-07 V                   ; 3.52 V              ; -0.0582 V           ; 0.201 V                              ; 0.186 V                              ; 6.35e-10 s                  ; 6.31e-10 s                  ; No                         ; No                         ; 3.46 V                      ; 2.95e-07 V                  ; 3.52 V             ; -0.0582 V          ; 0.201 V                             ; 0.186 V                             ; 6.35e-10 s                 ; 6.31e-10 s                 ; No                        ; No                        ;
; SDA           ; 3.3-V LVCMOS ; 0 s                 ; 0 s                 ; 3.46 V                       ; 2.95e-07 V                   ; 3.52 V              ; -0.0582 V           ; 0.201 V                              ; 0.186 V                              ; 6.35e-10 s                  ; 6.31e-10 s                  ; No                         ; No                         ; 3.46 V                      ; 2.95e-07 V                  ; 3.52 V             ; -0.0582 V          ; 0.201 V                             ; 0.186 V                             ; 6.35e-10 s                 ; 6.31e-10 s                 ; No                        ; No                        ;
; SCL           ; 3.3-V LVCMOS ; 0 s                 ; 0 s                 ; 3.46 V                       ; 2.95e-07 V                   ; 3.52 V              ; -0.0582 V           ; 0.201 V                              ; 0.186 V                              ; 6.35e-10 s                  ; 6.31e-10 s                  ; No                         ; No                         ; 3.46 V                      ; 2.95e-07 V                  ; 3.52 V             ; -0.0582 V          ; 0.201 V                             ; 0.186 V                             ; 6.35e-10 s                 ; 6.31e-10 s                 ; No                        ; No                        ;
; nCS           ; 3.3-V LVCMOS ; 0 s                 ; 0 s                 ; 3.46 V                       ; 2.95e-07 V                   ; 3.52 V              ; -0.0582 V           ; 0.201 V                              ; 0.186 V                              ; 6.35e-10 s                  ; 6.31e-10 s                  ; No                         ; No                         ; 3.46 V                      ; 2.95e-07 V                  ; 3.52 V             ; -0.0582 V          ; 0.201 V                             ; 0.186 V                             ; 6.35e-10 s                 ; 6.31e-10 s                 ; No                        ; No                        ;
; BL            ; 3.3-V LVCMOS ; 0 s                 ; 0 s                 ; 3.46 V                       ; 2.95e-07 V                   ; 3.52 V              ; -0.0582 V           ; 0.201 V                              ; 0.186 V                              ; 6.35e-10 s                  ; 6.31e-10 s                  ; No                         ; No                         ; 3.46 V                      ; 2.95e-07 V                  ; 3.52 V             ; -0.0582 V          ; 0.201 V                             ; 0.186 V                             ; 6.35e-10 s                 ; 6.31e-10 s                 ; No                        ; No                        ;
; dataMCU[0]    ; 3.3-V LVCMOS ; 0 s                 ; 0 s                 ; 3.46 V                       ; 2.95e-07 V                   ; 3.52 V              ; -0.0582 V           ; 0.201 V                              ; 0.186 V                              ; 6.35e-10 s                  ; 6.31e-10 s                  ; No                         ; No                         ; 3.46 V                      ; 2.95e-07 V                  ; 3.52 V             ; -0.0582 V          ; 0.201 V                             ; 0.186 V                             ; 6.35e-10 s                 ; 6.31e-10 s                 ; No                        ; No                        ;
; dataMCU[1]    ; 3.3-V LVCMOS ; 0 s                 ; 0 s                 ; 3.46 V                       ; 2.95e-07 V                   ; 3.52 V              ; -0.0582 V           ; 0.201 V                              ; 0.186 V                              ; 6.35e-10 s                  ; 6.31e-10 s                  ; No                         ; No                         ; 3.46 V                      ; 2.95e-07 V                  ; 3.52 V             ; -0.0582 V          ; 0.201 V                             ; 0.186 V                             ; 6.35e-10 s                 ; 6.31e-10 s                 ; No                        ; No                        ;
; dataMCU[2]    ; 3.3-V LVCMOS ; 0 s                 ; 0 s                 ; 3.46 V                       ; 2.95e-07 V                   ; 3.52 V              ; -0.0582 V           ; 0.201 V                              ; 0.186 V                              ; 6.35e-10 s                  ; 6.31e-10 s                  ; No                         ; No                         ; 3.46 V                      ; 2.95e-07 V                  ; 3.52 V             ; -0.0582 V          ; 0.201 V                             ; 0.186 V                             ; 6.35e-10 s                 ; 6.31e-10 s                 ; No                        ; No                        ;
; dataMCU[3]    ; 3.3-V LVCMOS ; 0 s                 ; 0 s                 ; 3.46 V                       ; 2.95e-07 V                   ; 3.52 V              ; -0.0582 V           ; 0.201 V                              ; 0.186 V                              ; 6.35e-10 s                  ; 6.31e-10 s                  ; No                         ; No                         ; 3.46 V                      ; 2.95e-07 V                  ; 3.52 V             ; -0.0582 V          ; 0.201 V                             ; 0.186 V                             ; 6.35e-10 s                 ; 6.31e-10 s                 ; No                        ; No                        ;
; dataMCU[4]    ; 3.3-V LVCMOS ; 0 s                 ; 0 s                 ; 3.46 V                       ; 2.95e-07 V                   ; 3.52 V              ; -0.0582 V           ; 0.201 V                              ; 0.186 V                              ; 6.35e-10 s                  ; 6.31e-10 s                  ; No                         ; No                         ; 3.46 V                      ; 2.95e-07 V                  ; 3.52 V             ; -0.0582 V          ; 0.201 V                             ; 0.186 V                             ; 6.35e-10 s                 ; 6.31e-10 s                 ; No                        ; No                        ;
; dataMCU[5]    ; 3.3-V LVCMOS ; 0 s                 ; 0 s                 ; 3.46 V                       ; 2.95e-07 V                   ; 3.52 V              ; -0.0582 V           ; 0.201 V                              ; 0.186 V                              ; 6.35e-10 s                  ; 6.31e-10 s                  ; No                         ; No                         ; 3.46 V                      ; 2.95e-07 V                  ; 3.52 V             ; -0.0582 V          ; 0.201 V                             ; 0.186 V                             ; 6.35e-10 s                 ; 6.31e-10 s                 ; No                        ; No                        ;
; dataMCU[6]    ; 3.3-V LVCMOS ; 0 s                 ; 0 s                 ; 3.46 V                       ; 2.95e-07 V                   ; 3.52 V              ; -0.0582 V           ; 0.201 V                              ; 0.186 V                              ; 6.35e-10 s                  ; 6.31e-10 s                  ; No                         ; No                         ; 3.46 V                      ; 2.95e-07 V                  ; 3.52 V             ; -0.0582 V          ; 0.201 V                             ; 0.186 V                             ; 6.35e-10 s                 ; 6.31e-10 s                 ; No                        ; No                        ;
; dataMCU[7]    ; 3.3-V LVCMOS ; 0 s                 ; 0 s                 ; 3.46 V                       ; 2.95e-07 V                   ; 3.52 V              ; -0.0582 V           ; 0.201 V                              ; 0.186 V                              ; 6.35e-10 s                  ; 6.31e-10 s                  ; No                         ; No                         ; 3.46 V                      ; 2.95e-07 V                  ; 3.52 V             ; -0.0582 V          ; 0.201 V                             ; 0.186 V                             ; 6.35e-10 s                 ; 6.31e-10 s                 ; No                        ; No                        ;
; ~ALTERA_DCLK~ ; 2.5 V        ; 0 s                 ; 0 s                 ; 2.62 V                       ; 2.22e-08 V                   ; 2.74 V              ; -0.06 V             ; 0.158 V                              ; 0.08 V                               ; 2.68e-10 s                  ; 2.19e-10 s                  ; Yes                        ; Yes                        ; 2.62 V                      ; 2.22e-08 V                  ; 2.74 V             ; -0.06 V            ; 0.158 V                             ; 0.08 V                              ; 2.68e-10 s                 ; 2.19e-10 s                 ; Yes                       ; Yes                       ;
; ~ALTERA_nCEO~ ; 3.3-V LVTTL  ; 0 s                 ; 0 s                 ; 3.46 V                       ; 1.25e-07 V                   ; 3.57 V              ; -0.0855 V           ; 0.315 V                              ; 0.175 V                              ; 6.79e-10 s                  ; 6.15e-10 s                  ; No                         ; No                         ; 3.46 V                      ; 1.25e-07 V                  ; 3.57 V             ; -0.0855 V          ; 0.315 V                             ; 0.175 V                             ; 6.79e-10 s                 ; 6.15e-10 s                 ; No                        ; No                        ;
+---------------+--------------+---------------------+---------------------+------------------------------+------------------------------+---------------------+---------------------+--------------------------------------+--------------------------------------+-----------------------------+-----------------------------+----------------------------+----------------------------+-----------------------------+-----------------------------+--------------------+--------------------+-------------------------------------+-------------------------------------+----------------------------+----------------------------+---------------------------+---------------------------+


+-------------------------------------------------------------------+
; Setup Transfers                                                   ;
+------------+----------+----------+----------+----------+----------+
; From Clock ; To Clock ; RR Paths ; FR Paths ; RF Paths ; FF Paths ;
+------------+----------+----------+----------+----------+----------+
; clk        ; clk      ; 35213110 ; 0        ; 0        ; 0        ;
+------------+----------+----------+----------+----------+----------+
Entries labeled "false path" only account for clock-to-clock false paths and not path-based false paths. As a result, actual path counts may be lower than reported.


+-------------------------------------------------------------------+
; Hold Transfers                                                    ;
+------------+----------+----------+----------+----------+----------+
; From Clock ; To Clock ; RR Paths ; FR Paths ; RF Paths ; FF Paths ;
+------------+----------+----------+----------+----------+----------+
; clk        ; clk      ; 35213110 ; 0        ; 0        ; 0        ;
+------------+----------+----------+----------+----------+----------+
Entries labeled "false path" only account for clock-to-clock false paths and not path-based false paths. As a result, actual path counts may be lower than reported.


+-------------------------------------------------------------------+
; Recovery Transfers                                                ;
+------------+----------+----------+----------+----------+----------+
; From Clock ; To Clock ; RR Paths ; FR Paths ; RF Paths ; FF Paths ;
+------------+----------+----------+----------+----------+----------+
; clk        ; clk      ; 1998     ; 0        ; 0        ; 0        ;
+------------+----------+----------+----------+----------+----------+
Entries labeled "false path" only account for clock-to-clock false paths and not path-based false paths. As a result, actual path counts may be lower than reported.


+-------------------------------------------------------------------+
; Removal Transfers                                                 ;
+------------+----------+----------+----------+----------+----------+
; From Clock ; To Clock ; RR Paths ; FR Paths ; RF Paths ; FF Paths ;
+------------+----------+----------+----------+----------+----------+
; clk        ; clk      ; 1998     ; 0        ; 0        ; 0        ;
+------------+----------+----------+----------+----------+----------+
Entries labeled "false path" only account for clock-to-clock false paths and not path-based false paths. As a result, actual path counts may be lower than reported.


---------------
; Report TCCS ;
---------------
No dedicated SERDES Transmitter circuitry present in device or used in design


---------------
; Report RSKM ;
---------------
No non-DPA dedicated SERDES Receiver circuitry present in device or used in design


+------------------------------------------------+
; Unconstrained Paths Summary                    ;
+---------------------------------+-------+------+
; Property                        ; Setup ; Hold ;
+---------------------------------+-------+------+
; Illegal Clocks                  ; 0     ; 0    ;
; Unconstrained Clocks            ; 0     ; 0    ;
; Unconstrained Input Ports       ; 51    ; 51   ;
; Unconstrained Input Port Paths  ; 2320  ; 2320 ;
; Unconstrained Output Ports      ; 14    ; 14   ;
; Unconstrained Output Port Paths ; 76    ; 76   ;
+---------------------------------+-------+------+


+-------------------------------------+
; Clock Status Summary                ;
+--------+-------+------+-------------+
; Target ; Clock ; Type ; Status      ;
+--------+-------+------+-------------+
; clk    ; clk   ; Base ; Constrained ;
+--------+-------+------+-------------+


+-------------------------------------------------------------------------------------------------------+
; Unconstrained Input Ports                                                                             ;
+----------------+--------------------------------------------------------------------------------------+
; Input Port     ; Comment                                                                              ;
+----------------+--------------------------------------------------------------------------------------+
; addressMCU[0]  ; No input delay, min/max delays, false-path exceptions, or max skew assignments found ;
; addressMCU[1]  ; No input delay, min/max delays, false-path exceptions, or max skew assignments found ;
; addressMCU[2]  ; No input delay, min/max delays, false-path exceptions, or max skew assignments found ;
; addressMCU[3]  ; No input delay, min/max delays, false-path exceptions, or max skew assignments found ;
; dataMCU[0]     ; No input delay, min/max delays, false-path exceptions, or max skew assignments found ;
; dataMCU[1]     ; No input delay, min/max delays, false-path exceptions, or max skew assignments found ;
; dataMCU[2]     ; No input delay, min/max delays, false-path exceptions, or max skew assignments found ;
; dataMCU[3]     ; No input delay, min/max delays, false-path exceptions, or max skew assignments found ;
; dataMCU[4]     ; No input delay, min/max delays, false-path exceptions, or max skew assignments found ;
; dataMCU[5]     ; No input delay, min/max delays, false-path exceptions, or max skew assignments found ;
; dataMCU[6]     ; No input delay, min/max delays, false-path exceptions, or max skew assignments found ;
; dataMCU[7]     ; No input delay, min/max delays, false-path exceptions, or max skew assignments found ;
; dataStream[0]  ; No input delay, min/max delays, false-path exceptions, or max skew assignments found ;
; dataStream[1]  ; No input delay, min/max delays, false-path exceptions, or max skew assignments found ;
; dataStream[2]  ; No input delay, min/max delays, false-path exceptions, or max skew assignments found ;
; dataStream[3]  ; No input delay, min/max delays, false-path exceptions, or max skew assignments found ;
; dataStream[4]  ; No input delay, min/max delays, false-path exceptions, or max skew assignments found ;
; dataStream[5]  ; No input delay, min/max delays, false-path exceptions, or max skew assignments found ;
; dataStream[6]  ; No input delay, min/max delays, false-path exceptions, or max skew assignments found ;
; dataStream[7]  ; No input delay, min/max delays, false-path exceptions, or max skew assignments found ;
; dataStream[8]  ; No input delay, min/max delays, false-path exceptions, or max skew assignments found ;
; dataStream[9]  ; No input delay, min/max delays, false-path exceptions, or max skew assignments found ;
; dataStream[10] ; No input delay, min/max delays, false-path exceptions, or max skew assignments found ;
; dataStream[11] ; No input delay, min/max delays, false-path exceptions, or max skew assignments found ;
; dataStream[12] ; No input delay, min/max delays, false-path exceptions, or max skew assignments found ;
; dataStream[13] ; No input delay, min/max delays, false-path exceptions, or max skew assignments found ;
; dataStream[14] ; No input delay, min/max delays, false-path exceptions, or max skew assignments found ;
; dataStream[15] ; No input delay, min/max delays, false-path exceptions, or max skew assignments found ;
; dataStream[16] ; No input delay, min/max delays, false-path exceptions, or max skew assignments found ;
; dataStream[17] ; No input delay, min/max delays, false-path exceptions, or max skew assignments found ;
; dataStream[18] ; No input delay, min/max delays, false-path exceptions, or max skew assignments found ;
; dataStream[19] ; No input delay, min/max delays, false-path exceptions, or max skew assignments found ;
; dataStream[20] ; No input delay, min/max delays, false-path exceptions, or max skew assignments found ;
; dataStream[21] ; No input delay, min/max delays, false-path exceptions, or max skew assignments found ;
; dataStream[22] ; No input delay, min/max delays, false-path exceptions, or max skew assignments found ;
; dataStream[23] ; No input delay, min/max delays, false-path exceptions, or max skew assignments found ;
; dataStream[24] ; No input delay, min/max delays, false-path exceptions, or max skew assignments found ;
; dataStream[25] ; No input delay, min/max delays, false-path exceptions, or max skew assignments found ;
; dataStream[26] ; No input delay, min/max delays, false-path exceptions, or max skew assignments found ;
; dataStream[27] ; No input delay, min/max delays, false-path exceptions, or max skew assignments found ;
; dataStream[28] ; No input delay, min/max delays, false-path exceptions, or max skew assignments found ;
; dataStream[29] ; No input delay, min/max delays, false-path exceptions, or max skew assignments found ;
; dataStream[30] ; No input delay, min/max delays, false-path exceptions, or max skew assignments found ;
; dataStream[31] ; No input delay, min/max delays, false-path exceptions, or max skew assignments found ;
; rdMCU          ; No input delay, min/max delays, false-path exceptions, or max skew assignments found ;
; rstMCU         ; No input delay, min/max delays, false-path exceptions, or max skew assignments found ;
; rstn           ; No input delay, min/max delays, false-path exceptions, or max skew assignments found ;
; scopeFreeze    ; No input delay, min/max delays, false-path exceptions, or max skew assignments found ;
; sync           ; No input delay, min/max delays, false-path exceptions, or max skew assignments found ;
; valid_data     ; No input delay, min/max delays, false-path exceptions, or max skew assignments found ;
; wrMCU          ; No input delay, min/max delays, false-path exceptions, or max skew assignments found ;
+----------------+--------------------------------------------------------------------------------------+


+-----------------------------------------------------------------------------------------------------+
; Unconstrained Output Ports                                                                          ;
+-------------+---------------------------------------------------------------------------------------+
; Output Port ; Comment                                                                               ;
+-------------+---------------------------------------------------------------------------------------+
; SCL         ; No output delay, min/max delays, false-path exceptions, or max skew assignments found ;
; SDA         ; No output delay, min/max delays, false-path exceptions, or max skew assignments found ;
; busy        ; No output delay, min/max delays, false-path exceptions, or max skew assignments found ;
; dataMCU[0]  ; No output delay, min/max delays, false-path exceptions, or max skew assignments found ;
; dataMCU[1]  ; No output delay, min/max delays, false-path exceptions, or max skew assignments found ;
; dataMCU[2]  ; No output delay, min/max delays, false-path exceptions, or max skew assignments found ;
; dataMCU[3]  ; No output delay, min/max delays, false-path exceptions, or max skew assignments found ;
; dataMCU[4]  ; No output delay, min/max delays, false-path exceptions, or max skew assignments found ;
; dataMCU[5]  ; No output delay, min/max delays, false-path exceptions, or max skew assignments found ;
; dataMCU[6]  ; No output delay, min/max delays, false-path exceptions, or max skew assignments found ;
; dataMCU[7]  ; No output delay, min/max delays, false-path exceptions, or max skew assignments found ;
; intMCU      ; No output delay, min/max delays, false-path exceptions, or max skew assignments found ;
; nCS         ; No output delay, min/max delays, false-path exceptions, or max skew assignments found ;
; nRST        ; No output delay, min/max delays, false-path exceptions, or max skew assignments found ;
+-------------+---------------------------------------------------------------------------------------+


+-------------------------------------------------------------------------------------------------------+
; Unconstrained Input Ports                                                                             ;
+----------------+--------------------------------------------------------------------------------------+
; Input Port     ; Comment                                                                              ;
+----------------+--------------------------------------------------------------------------------------+
; addressMCU[0]  ; No input delay, min/max delays, false-path exceptions, or max skew assignments found ;
; addressMCU[1]  ; No input delay, min/max delays, false-path exceptions, or max skew assignments found ;
; addressMCU[2]  ; No input delay, min/max delays, false-path exceptions, or max skew assignments found ;
; addressMCU[3]  ; No input delay, min/max delays, false-path exceptions, or max skew assignments found ;
; dataMCU[0]     ; No input delay, min/max delays, false-path exceptions, or max skew assignments found ;
; dataMCU[1]     ; No input delay, min/max delays, false-path exceptions, or max skew assignments found ;
; dataMCU[2]     ; No input delay, min/max delays, false-path exceptions, or max skew assignments found ;
; dataMCU[3]     ; No input delay, min/max delays, false-path exceptions, or max skew assignments found ;
; dataMCU[4]     ; No input delay, min/max delays, false-path exceptions, or max skew assignments found ;
; dataMCU[5]     ; No input delay, min/max delays, false-path exceptions, or max skew assignments found ;
; dataMCU[6]     ; No input delay, min/max delays, false-path exceptions, or max skew assignments found ;
; dataMCU[7]     ; No input delay, min/max delays, false-path exceptions, or max skew assignments found ;
; dataStream[0]  ; No input delay, min/max delays, false-path exceptions, or max skew assignments found ;
; dataStream[1]  ; No input delay, min/max delays, false-path exceptions, or max skew assignments found ;
; dataStream[2]  ; No input delay, min/max delays, false-path exceptions, or max skew assignments found ;
; dataStream[3]  ; No input delay, min/max delays, false-path exceptions, or max skew assignments found ;
; dataStream[4]  ; No input delay, min/max delays, false-path exceptions, or max skew assignments found ;
; dataStream[5]  ; No input delay, min/max delays, false-path exceptions, or max skew assignments found ;
; dataStream[6]  ; No input delay, min/max delays, false-path exceptions, or max skew assignments found ;
; dataStream[7]  ; No input delay, min/max delays, false-path exceptions, or max skew assignments found ;
; dataStream[8]  ; No input delay, min/max delays, false-path exceptions, or max skew assignments found ;
; dataStream[9]  ; No input delay, min/max delays, false-path exceptions, or max skew assignments found ;
; dataStream[10] ; No input delay, min/max delays, false-path exceptions, or max skew assignments found ;
; dataStream[11] ; No input delay, min/max delays, false-path exceptions, or max skew assignments found ;
; dataStream[12] ; No input delay, min/max delays, false-path exceptions, or max skew assignments found ;
; dataStream[13] ; No input delay, min/max delays, false-path exceptions, or max skew assignments found ;
; dataStream[14] ; No input delay, min/max delays, false-path exceptions, or max skew assignments found ;
; dataStream[15] ; No input delay, min/max delays, false-path exceptions, or max skew assignments found ;
; dataStream[16] ; No input delay, min/max delays, false-path exceptions, or max skew assignments found ;
; dataStream[17] ; No input delay, min/max delays, false-path exceptions, or max skew assignments found ;
; dataStream[18] ; No input delay, min/max delays, false-path exceptions, or max skew assignments found ;
; dataStream[19] ; No input delay, min/max delays, false-path exceptions, or max skew assignments found ;
; dataStream[20] ; No input delay, min/max delays, false-path exceptions, or max skew assignments found ;
; dataStream[21] ; No input delay, min/max delays, false-path exceptions, or max skew assignments found ;
; dataStream[22] ; No input delay, min/max delays, false-path exceptions, or max skew assignments found ;
; dataStream[23] ; No input delay, min/max delays, false-path exceptions, or max skew assignments found ;
; dataStream[24] ; No input delay, min/max delays, false-path exceptions, or max skew assignments found ;
; dataStream[25] ; No input delay, min/max delays, false-path exceptions, or max skew assignments found ;
; dataStream[26] ; No input delay, min/max delays, false-path exceptions, or max skew assignments found ;
; dataStream[27] ; No input delay, min/max delays, false-path exceptions, or max skew assignments found ;
; dataStream[28] ; No input delay, min/max delays, false-path exceptions, or max skew assignments found ;
; dataStream[29] ; No input delay, min/max delays, false-path exceptions, or max skew assignments found ;
; dataStream[30] ; No input delay, min/max delays, false-path exceptions, or max skew assignments found ;
; dataStream[31] ; No input delay, min/max delays, false-path exceptions, or max skew assignments found ;
; rdMCU          ; No input delay, min/max delays, false-path exceptions, or max skew assignments found ;
; rstMCU         ; No input delay, min/max delays, false-path exceptions, or max skew assignments found ;
; rstn           ; No input delay, min/max delays, false-path exceptions, or max skew assignments found ;
; scopeFreeze    ; No input delay, min/max delays, false-path exceptions, or max skew assignments found ;
; sync           ; No input delay, min/max delays, false-path exceptions, or max skew assignments found ;
; valid_data     ; No input delay, min/max delays, false-path exceptions, or max skew assignments found ;
; wrMCU          ; No input delay, min/max delays, false-path exceptions, or max skew assignments found ;
+----------------+--------------------------------------------------------------------------------------+


+-----------------------------------------------------------------------------------------------------+
; Unconstrained Output Ports                                                                          ;
+-------------+---------------------------------------------------------------------------------------+
; Output Port ; Comment                                                                               ;
+-------------+---------------------------------------------------------------------------------------+
; SCL         ; No output delay, min/max delays, false-path exceptions, or max skew assignments found ;
; SDA         ; No output delay, min/max delays, false-path exceptions, or max skew assignments found ;
; busy        ; No output delay, min/max delays, false-path exceptions, or max skew assignments found ;
; dataMCU[0]  ; No output delay, min/max delays, false-path exceptions, or max skew assignments found ;
; dataMCU[1]  ; No output delay, min/max delays, false-path exceptions, or max skew assignments found ;
; dataMCU[2]  ; No output delay, min/max delays, false-path exceptions, or max skew assignments found ;
; dataMCU[3]  ; No output delay, min/max delays, false-path exceptions, or max skew assignments found ;
; dataMCU[4]  ; No output delay, min/max delays, false-path exceptions, or max skew assignments found ;
; dataMCU[5]  ; No output delay, min/max delays, false-path exceptions, or max skew assignments found ;
; dataMCU[6]  ; No output delay, min/max delays, false-path exceptions, or max skew assignments found ;
; dataMCU[7]  ; No output delay, min/max delays, false-path exceptions, or max skew assignments found ;
; intMCU      ; No output delay, min/max delays, false-path exceptions, or max skew assignments found ;
; nCS         ; No output delay, min/max delays, false-path exceptions, or max skew assignments found ;
; nRST        ; No output delay, min/max delays, false-path exceptions, or max skew assignments found ;
+-------------+---------------------------------------------------------------------------------------+


+--------------------------+
; Timing Analyzer Messages ;
+--------------------------+
Info: *******************************************************************
Info: Running Quartus Prime Timing Analyzer
    Info: Version 25.1std.0 Build 1129 10/21/2025 SC Lite Edition
    Info: Processing started: Fri Sep 18 13:18:25 2026
Info: Command: quartus_sta scopeNoMPU -c scopeNoMPU
Info: qsta_default_script.tcl version: #1
Warning (18236): Number of processors has not been specified which may cause overloading on shared machines.  Set the global assignment NUM_PARALLEL_PROCESSORS in your QSF to an appropriate value for best performance.
Info (20030): Parallel compilation is enabled and will use 16 of the 24 processors detected
Info (21077): Low junction temperature is 0 degrees C
Info (21077): High junction temperature is 85 degrees C
Critical Warning (332012): Synopsys Design Constraints File file not found: 'scopeNoMPU.sdc'. A Synopsys Design Constraints File is required by the Timing Analyzer to get proper timing constraints. Without it, the Compiler will not properly optimize the design.
Info (332142): No user constrained base clocks found in the design. Calling "derive_clocks -period 1.0"
Info (332105): Deriving Clocks
    Info (332105): create_clock -period 1.000 -name clk clk
Info (332143): No user constrained clock uncertainty found in the design. Calling "derive_clock_uncertainty"
Info (332123): Deriving Clock Uncertainty. Please refer to report_sdc in the Timing Analyzer to see clock uncertainties.
Info: Found TIMING_ANALYZER_REPORT_SCRIPT_INCLUDE_DEFAULT_ANALYSIS = ON
Info: Analyzing Slow 1200mV 85C Model
Critical Warning (332148): Timing requirements not met
    Info (11105): For recommendations on closing timing, run Report Timing Closure Recommendations in the Timing Analyzer.
Info (332146): Worst-case setup slack is -15.001
    Info (332119):     Slack       End Point TNS Clock 
    Info (332119): ========= =================== =====================
    Info (332119):   -15.001          -12685.363 clk 
Info (332146): Worst-case hold slack is 0.287
    Info (332119):     Slack       End Point TNS Clock 
    Info (332119): ========= =================== =====================
    Info (332119):     0.287               0.000 clk 
Info (332146): Worst-case recovery slack is -3.573
    Info (332119):     Slack       End Point TNS Clock 
    Info (332119): ========= =================== =====================
    Info (332119):    -3.573            -161.906 clk 
Info (332146): Worst-case removal slack is 2.190
    Info (332119):     Slack       End Point TNS Clock 
    Info (332119): ========= =================== =====================
    Info (332119):     2.190               0.000 clk 
Info (332146): Worst-case minimum pulse width slack is -3.000
    Info (332119):     Slack       End Point TNS Clock 
    Info (332119): ========= =================== =====================
    Info (332119):    -3.000           -3643.461 clk 
Info (332114): Report Metastability: Found 4 synchronizer chains.
    Info (332114): Design MTBF is not calculated because the design doesn't meet its timing requirements.
Info: Analyzing Slow 1200mV 0C Model
Info (334003): Started post-fitting delay annotation
Info (334004): Delay annotation completed successfully
Info (332123): Deriving Clock Uncertainty. Please refer to report_sdc in the Timing Analyzer to see clock uncertainties.
Critical Warning (332148): Timing requirements not met
    Info (11105): For recommendations on closing timing, run Report Timing Closure Recommendations in the Timing Analyzer.
Info (332146): Worst-case setup slack is -13.596
    Info (332119):     Slack       End Point TNS Clock 
    Info (332119): ========= =================== =====================
    Info (332119):   -13.596          -11393.998 clk 
Info (332146): Worst-case hold slack is 0.295
    Info (332119):     Slack       End Point TNS Clock 
    Info (332119): ========= =================== =====================
    Info (332119):     0.295               0.000 clk 
Info (332146): Worst-case recovery slack is -3.153
    Info (332119):     Slack       End Point TNS Clock 
    Info (332119): ========= =================== =====================
    Info (332119):    -3.153            -141.494 clk 
Info (332146): Worst-case removal slack is 1.966
    Info (332119):     Slack       End Point TNS Clock 
    Info (332119): ========= =================== =====================
    Info (332119):     1.966               0.000 clk 
Info (332146): Worst-case minimum pulse width slack is -3.000
    Info (332119):     Slack       End Point TNS Clock 
    Info (332119): ========= =================== =====================
    Info (332119):    -3.000           -3626.433 clk 
Info (332114): Report Metastability: Found 4 synchronizer chains.
    Info (332114): Design MTBF is not calculated because the design doesn't meet its timing requirements.
Info: Analyzing Fast 1200mV 0C Model
Info (332123): Deriving Clock Uncertainty. Please refer to report_sdc in the Timing Analyzer to see clock uncertainties.
Critical Warning (332148): Timing requirements not met
    Info (11105): For recommendations on closing timing, run Report Timing Closure Recommendations in the Timing Analyzer.
Info (332146): Worst-case setup slack is -6.798
    Info (332119):     Slack       End Point TNS Clock 
    Info (332119): ========= =================== =====================
    Info (332119):    -6.798           -5228.202 clk 
Info (332146): Worst-case hold slack is 0.110
    Info (332119):     Slack       End Point TNS Clock 
    Info (332119): ========= =================== =====================
    Info (332119):     0.110               0.000 clk 
Info (332146): Worst-case recovery slack is -1.280
    Info (332119):     Slack       End Point TNS Clock 
    Info (332119): ========= =================== =====================
    Info (332119):    -1.280             -54.255 clk 
Info (332146): Worst-case removal slack is 1.071
    Info (332119):     Slack       End Point TNS Clock 
    Info (332119): ========= =================== =====================
    Info (332119):     1.071               0.000 clk 
Info (332146): Worst-case minimum pulse width slack is -3.000
    Info (332119):     Slack       End Point TNS Clock 
    Info (332119): ========= =================== =====================
    Info (332119):    -3.000           -3128.315 clk 
Info (332114): Report Metastability: Found 4 synchronizer chains.
    Info (332114): Design MTBF is not calculated because the design doesn't meet its timing requirements.
Info (332102): Design is not fully constrained for setup requirements
Info (332102): Design is not fully constrained for hold requirements
Info: Quartus Prime Timing Analyzer was successful. 0 errors, 5 warnings
    Info: Peak virtual memory: 5116 megabytes
    Info: Processing ended: Fri Sep 18 13:18:28 2026
    Info: Elapsed time: 00:00:03
    Info: Total CPU time (on all processors): 00:00:03


